Dokan: debug mode on
Dokan: use stderr
AllocationUnitSize: 512 SectorSize: 512
Global device opened
Dokan: Using 12 main pull threads with ipc batching: 0
###Create file handle = 0x00000251D46F9E50, eventID = 0001, event Info = 0x00000251D46FB210
[ZwCreateFile] Dokan Information: mounted: Y: -> \Volume{d6cc17c5-171f-4085-bce7-964f1e9f5de9}
\System Volume Information\MountPointManagerRemoteDatabase
###QueryVolumeInfo file handle = 0x0000000000000000, eventID = -001, event Info = 0x00000251D46FB2F0
###QueryVolumeInfo file handle = 0x0000000000000000, eventID = -001, event Info = 0x00000251D46FACD0
Dokan Information: DokanEndDispatchCreate() status = c0000034, file handle = 0x0000000000000000, eventID = -001, result = 0x5
[Mounted]
Dokan Information: SendAndPullEventInformation() with NTSTATUS 0xc0000034, context 0x0, and result object 0x00000251D474E930 with size 48
[GetVolumeInformation]
###Create file handle = 0x00000251D46F9E50, eventID = 0002, event Info = 0x00000251D46FB210
[GetVolumeInformation]
Dokan Information: SendAndPullEventInformation() with NTSTATUS 0x0, context 0x0, and result object 0x00000251D47C06F0 with size 64
[ZwCreateFile] \$EDokan Information: SendAndPullEventInformation() with NTSTATUS 0x80000005, context 0x0, and result object 0x00000251D47C1720 with size 56
xtend\$Reparse:$R:$INDEX_ALLOCATION
###Create file handle = 0x00000251D46FA3D0, eventID = 0003, event Info = 0x00000251D46FACD0
[ZwCreateFile] \
Dokan Information: DokanEndDispatchCreate() status = c0000034, file handle = 0x0000000000000000, eventID = -001, result = 0x5
Dokan Information: DokanEndDispatchCreate() status = 0, file handle = 0x00000251D46FA3D0, eventID = 0003, result = 0x1
Dokan Information: SendAndPullEventInformation() with NTSTATUS 0xc0000034, context 0x0, and result object 0x00000251D474E930 with size 48
Dokan Information: SendAndPullEventInformation() with NTSTATUS 0x0, context 0xd46fa3d0, and result object 0x00000251D47C1720 with size 48
###GetFileInfo file handle = 0x00000251D46FA3D0, eventID = 0003, event Info = 0x00000251D46FACD0
	result =  0
  unknown type:54
	DispatchQueryInformation result =  c000000d
Dokan Information: SendAndPullEventInformation() with NTSTATUS 0xc000000d, context 0xd46fa3d0, and result object 0x00000251D47C1720 with size 48
###GetFileInfo file handle = 0x00000251D46FA3D0, eventID = 0003, event Info = 0x00000251D46FACD0
	result =  0
	FileStandardInformation
	DispatchQueryInformation result =  0
Dokan Information: SendAndPullEventInformation() with NTSTATUS 0x0, context 0xd46fa3d0, and result object 0x00000251D47C1720 with size 64
###QueryVolumeInfo file handle = 0x00000251D46FA3D0, eventID = 0003, event Info = 0x00000251D46FACD0
[GetVolumeInformation]
Dokan Information: SendAndPullEventInformation() with NTSTATUS 0x0, context 0xd46fa3d0, and result object 0x00000251D47C1720 with size 74
###Cleanup file handle = 0x00000251D46FA3D0, eventID = 0003, event Info = 0x00000251D46FACD0
Dokan Information: SendAndPullEventInformation() with NTSTATUS 0x0, context 0xd46fa3d0, and result object 0x00000251D47C1720 with size 48
###Close file handle = 0x00000251D46FA3D0, eventID = 0003, event Info = 0x00000251D46FACD0
[Close] \
###Create file handle = 0x00000251D46FA3D0, eventID = 0004, event Info = 0x00000251D46FACD0
[ZwCreateFile] \
Dokan Information: DokanEndDispatchCreate() status = 0, file handle = 0x00000251D46FA3D0, eventID = 0004, result = 0x1
Dokan Information: SendAndPullEventInformation() with NTSTATUS 0x0, context 0xd46fa3d0, and result object 0x00000251D47C1720 with size 48
###QueryVolumeInfo file handle = 0x00000251D46FA3D0, eventID = 0004, event Info = 0x00000251D46FACD0
[GetVolumeInformation]
Dokan Information: SendAndPullEventInformation() with NTSTATUS 0x0, context 0xd46fa3d0, and result object 0x00000251D47C1720 with size 74
###Cleanup file handle = 0x00000251D46FA3D0, eventID = 0004, event Info = 0x00000251D46FACD0
Dokan Information: SendAndPullEventInformation() with NTSTATUS 0x0, context 0xd46fa3d0, and result object 0x00000251D47C1720 with size 48
###Close file handle = 0x00000251D46FA3D0, eventID = 0004, event Info = 0x00000251D46FACD0
[Close] \
###Create file handle = 0x00000251D46FA3D0, eventID = 0005, event Info = 0x00000251D47249E0
[ZwCreateFile] \
Dokan Information: DokanEndDispatchCreate() status = 0, file handle = 0x00000251D46FA3D0, eventID = 0005, result = 0x1
Dokan Information: SendAndPullEventInformation() with NTSTATUS 0x0, context 0xd46fa3d0, and result object 0x00000251D47C1720 with size 48
###QueryVolumeInfo file handle = 0x00000251D46FA3D0, eventID = 0005, event Info = 0x00000251D47249E0
[GetVolumeInformation]
Dokan Information: SendAndPullEventInformation() with NTSTATUS 0x0, context 0xd46fa3d0, and result object 0x00000251D47C1720 with size 74
###QueryVolumeInfo file handle = 0x00000251D46FA3D0, eventID = 0005, event Info = 0x00000251D47249E0
[GetVolumeInformation]
Dokan Information: SendAndPullEventInformation() with NTSTATUS 0x0, context 0xd46fa3d0, and result object 0x00000251D47C1720 with size 68
###Cleanup file handle = 0x00000251D46FA3D0, eventID = 0005, event Info = 0x00000251D47249E0
Dokan Information: SendAndPullEventInformation() with NTSTATUS 0x0, context 0xd46fa3d0, and result object 0x00000251D47C1720 with size 48
###Close file handle = 0x00000251D46FA3D0, eventID = 0005, event Info = 0x00000251D47249E0
[Close] \###Create file handle = 0x00000251D46FA3D0, eventID = 0006, event Info = 0x00000251D4725700

[ZwCreateFile] ###Create file handle = 0x00000251D46F9E50, eventID = 0007, event Info = 0x00000251D47249E0
\
[ZwCreateFile] \
Dokan Information: DokanEndDispatchCreate() status = 0, file handle = 0x00000251D46FA3D0, eventID = 0006, result = 0x1
Dokan Information: DokanEndDispatchCreate() status = 0, file handle = 0x00000251D46F9E50, eventID = 0007, result = 0x1
Dokan Information: SendAndPullEventInformation() with NTSTATUS 0x0, context 0xd46f9e50, and result object 0x00000251D66A6D40 with size 48
Dokan Information: SendAndPullEventInformation() with NTSTATUS 0x0, context 0xd46fa3d0, and result object 0x00000251D47C1720 with size 48
###QueryVolumeInfo file handle = 0x00000251D46F9E50, eventID = 0007, event Info = 0x00000251D47249E0
[GetVolumeInformation]
###GetFileInfo file handle = 0x00000251D46FA3D0, eventID = 0006, event Info = 0x00000251D4725700
Dokan Information: SendAndPullEventInformation() with NTSTATUS 0x0, context 0xd46f9e50, and result object 0x00000251D66A6D40 with size 74
	result =  0
	FileBasicInformation
	DispatchQueryInformation result =  0
###QueryVolumeInfo file handle = 0x00000251D46F9E50, eventID = 0007, event Info = 0x00000251D47249E0
[GetVolumeInfoDokan Information: SendAndPullEventInformation() with NTSTATUS 0x0, context 0xd46fa3d0, and result object 0x00000251D47C1720 with size 80
rmation]
###Cleanup file handle = 0x00000251D46FA3D0, eventID = 0006, event Info = 0x00000251D4725700
Dokan Information: SendAndPullEventInformation() with NTSTATUS 0x0, context 0xd46f9e50, and result object 0x00000251D66A6D40 with size 68
Dokan Information: SendAndPullEventInformation() with NTSTATUS 0x0, context 0xd46fa3d0, and result object 0x00000251D47C1720 with size 48
###Cleanup file handle = 0x00000251D46F9E50, eventID = 0007, event Info = 0x00000251D47249E0
###Close file handle = 0x00000251D46FA3D0, eventID = 0006, event Info = 0x00000251D4725700
[Close] \
Dokan Information: SendAndPullEventInformation() with NTSTATUS 0x0, context 0xd46f9e50, and result object 0x00000251D66A6D40 with size 48
###Create file handle = 0x00000251D46FA6D0, eventID = 0008, event Info = 0x00000251D4725380
###Close file handle = 0x00000251D46F9E50, eventID = 0007, event Info = 0x00000251D47249E0
[ZwCreate###Create file handle = 0x00000251D46FA3D0, eventID = 0009, event Info = 0x00000251D4725700
File] \
[Close] \
Dokan Information: DokanEndDispatchCreate() status = 0, file handle = 0x00000251D46FA6D0, eventID = 0008, result = 0x1
[ZwCreateFile] \
Dokan Information: SendAndPullEventInformation() with NTSTATUS 0x0, context 0xd46fa6d0, and result object 0x00000251D47C1720 with size 48
Dokan Information: DokanEndDispatchCreate() status = 0, file handle = 0x00000251D46FA3D0, eventID = 0009, result = 0x1
###QueryVolumeInfo file handle = 0x00000251D46FA6D0, eventID = 0008, event Info = 0x00000251D4725380
[GetDokan Information: SendAndPullEventInformation() with NTSTATUS 0x0, context 0xd46fa3d0, and result object 0x00000251D66A6D40 with size 48
VolumeInformation]
###QueryVolumeInfo file handle = 0x00000251D46FA3D0, eventID = 0009, event Info = 0x00000251D4725700
Dokan Information: SendAndPullEventInformation() with NTSTATUS 0x0, context 0xd46fa6d0, and result object 0x00000251D47C1720 with size 74
###QueryVolumeInfo file handle = 0x00000251D46FA6D0, eventID = 0008, event Info = 0x00000251D4725380
[GetVolumeInformation]
Dokan Information: SendAndPullEventInformation() with NTSTATUS 0x0, context 0xd46fa3d0, and result object 0x00000251D66A6D40 with size 64
Dokan Information: SendAndPullEventInformation() with NTSTATUS 0x0, context 0xd46fa6d0, and result object 0x00000251D47C1720 with size 68
###Cleanup file handle = 0x00000251D46FA3D0, eventID = 0009, event Info = 0x00000251D4725700
###Cleanup file handle = 0x00000251D46FA6D0, eventID = 0008, event Info = 0x00000251D4725380
Dokan Information: SendAndPullEventInformation() with NTSTATUS 0x0, context 0xd46fa6d0, and result object 0x00000251D47C1720 with size 48
Dokan Information: SendAndPullEventInformation() with NTSTATUS 0x0, context 0xd46fa3d0, and result object 0x00000251D66A6D40 with size 48
###Close file handle = 0x00000251D46FA6D0, eventID = 0008, event Info = 0x00000251D4725380
###Create file handle = 0x00000251D46F9E50, eventID = 0010, event Info = 0x00000251D47249E0
[Close] \
###Close file handle = 0x00000251D46FA3D0, eventID = 0009, event Info = 0x00000251D4725700
[ZwCreateFile] ###Create file handle = 0x00000251D46FA6D0, eventID = 0011, event Info = 0x00000251D46FACD0
\
[Close] \
Dokan Information: DokanEndDispatchCreate() status = 0, file handle = 0x00000251D46F9E50, eventID = 0010, result = 0x1
[ZwCreateFile] \
Dokan Information: SendAndPullEventInformation() with NTSTATUS 0x0, context 0xd46f9e50, and result object 0x00000251D47C1720 with size 48
Dokan Information: DokanEndDispatchCreate() status = 0, file handle = 0x00000251D46FA6D0, eventID = 0011, result = 0x1
###QueryVolumeInfo file handle = 0x00000251D46F9E50, eventID = 0010, event Info = 0x00000251D47249E0
Dokan Information: SendAndPullEventInformation() with NTSTATUS 0x0, context 0xd46fa6d0, and result object 0x00000251D66A6D40 with size 48
Dokan Information: SendAndPullEventInformation() with NTSTATUS 0x0, context 0xd46f9e50, and result object 0x00000251D47C1720 with size 64
###Cleanup file handle = 0x00000251D46FA6D0, eventID = 0011, event Info = 0x00000251D47249E0
###Cleanup file handle = 0x00000251D46F9E50, eventID = 0010, event Info = 0x00000251D46FACD0
Dokan Information: SendAndPullEventInformation() with NTSTATUS 0x0, context 0xd46fa6d0, and result object 0x00000251D47C1720 with size 48
Dokan Information: SendAndPullEventInformation() with NTSTATUS 0x0, context 0xd46f9e50, and result object 0x00000251D66A6D40 with size 48
###Close file handle = 0x00000251D46FA6D0, eventID = 0011, event Info = 0x00000251D47249E0
[Close] \
###Close file handle = 0x00000251D46F9E50, eventID = 0010, event Info = 0x00000251D46FACD0
[Close] \
###Create file handle = 0x00000251D46FA3D0, eventID = 0012, event Info = 0x00000251D4725700
[ZwCreateFile] ###Create file handle = 0x00000251D46FA6D0, eventID = 0013, event Info = 0x00000251D4725380
\
[ZwCreateFile] \
Dokan Information: DokanEndDispatchCreate() status = 0, file handle = 0x00000251D46FA3D0, eventID = 0012, result = 0x1
Dokan Information: SendAndPullEventInformation() with NTSTATUS 0x0, context 0xd46fa3d0, and result object 0x00000251D66A6D40 with size 48
Dokan Information: DokanEndDispatchCreate() status = 0, file handle = 0x00000251D46FA6D0, eventID = 0013, result = 0x1
###GetFileInfo file handle = 0x00000251D46FA3D0, eventID = 0012, event Info = 0x00000251D4725700
	result =  0
	FileBasicInformation
	DispatchQueryInformation result =  0
Dokan Information: SendAndPullEventInformation() with NTSTATUS 0x0, context 0xd46fa6d0, and result object 0x00000251D47C1720 with size 48
Dokan Information: SendAndPullEventInformation() with NTSTATUS 0x0, context 0xd46fa3d0, and result object 0x00000251D66A6D40 with size 80
###QueryVolumeInfo file handle = 0x00000251D46FA6D0, eventID = 0013, event Info = 0x00000251D4725380
[GetVolumeInformation]
###Cleanup file handle = 0x00000251D46FA3D0, eventID = 0012, event Info = 0x00000251D4725700
Dokan Information: SendAndPullEventInformation() with NTSTATUS 0x0, context 0xd46fa3d0, and result object 0x00000251D66A6D40 with size 48
Dokan Information: SendAndPullEventInformation() with NTSTATUS 0x0, context 0xd46fa6d0, and result object 0x00000251D47C1720 with size 64
###Close file handle = 0x00000251D46FA3D0, eventID = 0012, event Info = 0x00000251D4725700
[Close] \
###GetFileInfo file handle = 0x00000251D46FA6D0, eventID = 0013, event Info = 0x00000251D4725380
	result =  0
	FileAllInformation
	DispatchQueryInformation result =  0
###Create file handle = 0x00000251D46FA3D0, eventID = 0014, event Info = 0x00000251D46FACD0
[ZwCreateFile] \
Dokan Information: SendAndPullEventInformation() with NTSTATUS 0x0, context 0xd46fa6d0, and result object 0x00000251D66A6D40 with size 140
Dokan Information: DokanEndDispatchCreate() status = 0, file handle = 0x00000251D46FA3D0, eventID = 0014, result = 0x1
Dokan Information: SendAndPullEventInformation() with NTSTATUS 0x0, context 0xd46fa3d0, and result object 0x00000251D47C1720 with size 48
###Cleanup file handle = 0x00000251D46FA6D0, eventID = 0013, event Info = 0x00000251D4725380
###GetFileInfo file handle = 0x00000251D46FA3D0, eventID = 0014, event Info = 0x00000251D46FACD0
	result =  0
	FileBasicInformation
	DispatchQueryInformation result =  0
Dokan Information: SendAndPullEventInformation() with NTSTATUS 0x0, context 0xd46fa6d0, and result object 0x00000251D66A6D40 with size 48
Dokan Information: SendAndPullEventInformation() with NTSTATUS 0x0, context 0xd46fa3d0, and result object 0x00000251D47C1720 with size 80
###Close file handle = 0x00000251D46FA6D0, eventID = 0013, event Info = 0x00000251D4725380
[Close] \
###Create file handle = 0x00000251D46F9E50, eventID = 0015, event Info = 0x00000251D4725700
[ZwCreateFile] \
###Cleanup file handle = 0x00000251D46FA3D0, eventID = 0014, event Info = 0x00000251D46FACD0
Dokan Information: DokanEndDispatchCreate() status = 0, file handle = 0x00000251D46F9E50, eventID = 0015, result = 0x1
Dokan Information: SendAndPullEventInformation() with NTSTATUS 0x0, context 0xd46f9e50, and result object 0x00000251D66A6D40 with size 48
Dokan Information: SendAndPullEventInformation() with NTSTATUS 0x0, context 0xd46fa3d0, and result object 0x00000251D47C1720 with size 48
###QueryVolumeInfo file handle = 0x00000251D46F9E50, eventID = 0015, event Info = 0x00000251D4725700
[GetVolumeInformation]
###Close file handle = 0x00000251D46FA3D0, eventID = 0014, event Info = 0x00000251D46FACD0
[Close] \
Dokan Information: SendAndPullEventInformation() with NTSTATUS 0x0, context 0xd46f9e50, and result object 0x00000251D66A6D40 with size 64
###GetFileInfo file handle = 0x00000251D46F9E50, eventID = 0015, event Info = 0x00000251D4725700
	result =  0
	FileAllInformation
	DispatchQueryInformation result =  0
Dokan Information: SendAndPullEventInformation() with NTSTATUS 0x0, context 0xd46f9e50, and result object 0x00000251D66A6D40 with size 140
###Cleanup file handle = 0x00000251D46F9E50, eventID = 0015, event Info = 0x00000251D4725700
Dokan Information: SendAndPullEventInformation() with NTSTATUS 0x0, context 0xd46f9e50, and result object 0x00000251D66A6D40 with size 48
###Close file handle = 0x00000251D46F9E50, eventID = 0015, event Info = 0x00000251D4725700
[Close] \
###Create file handle = 0x00000251D46F9E50, eventID = 0016, event Info = 0x00000251D46FACD0
[ZwCreateFile] \
Dokan Information: DokanEndDispatchCreate() status = 0, file handle = 0x00000251D46F9E50, eventID = 0016, result = 0x1
Dokan Information: SendAndPullEventInformation() with NTSTATUS 0x0, context 0xd46f9e50, and result object 0x00000251D66A6D40 with size 48
###QueryVolumeInfo file handle = 0x00000251D46F9E50, eventID = 0016, event Info = 0x00000251D46FACD0
[GetVolumeInformation]
Dokan Information: SendAndPullEventInformation() with NTSTATUS 0x0, context 0xd46f9e50, and result object 0x00000251D66A6D40 with size 64
###GetFileInfo file handle = 0x00000251D46F9E50, eventID = 0016, event Info = 0x00000251D46FACD0
	result =  0
	FileAllInformation
	DispatchQueryInformation result =  0
Dokan Information: SendAndPullEventInformation() with NTSTATUS 0x0, context 0xd46f9e50, and result object 0x00000251D66A6D40 with size 140
###Cleanup file handle = 0x00000251D46F9E50, eventID = 0016, event Info = 0x00000251D46FACD0
Dokan Information: SendAndPullEventInformation() with NTSTATUS 0x0, context 0xd46f9e50, and result object 0x00000251D66A6D40 with size 48
###Close file handle = 0x00000251D46F9E50, eventID = 0016, event Info = 0x00000251D46FACD0
[Close] \
###Create file handle = 0x00000251D46FA3D0, eventID = 0017, event Info = 0x00000251D4725700
[ZwCreateFile] \
Dokan Information: DokanEndDispatchCreate() status = 0, file handle = 0x00000251D46FA3D0, eventID = 0017, result = 0x1
Dokan Information: SendAndPullEventInformation() with NTSTATUS 0x0, context 0xd46fa3d0, and result object 0x00000251D66A6D40 with size 48
###QueryVolumeInfo file handle = 0x00000251D46FA3D0, eventID = 0017, event Info = 0x00000251D4725700
[GetVolumeInformation]
Dokan Information: SendAndPullEventInformation() with NTSTATUS 0x0, context 0xd46fa3d0, and result object 0x00000251D66A6D40 with size 64
###GetFileInfo file handle = 0x00000251D46FA3D0, eventID = 0017, event Info = 0x00000251D4725700
	result =  0
	FileAllInformation
	DispatchQueryInformation result =  0
Dokan Information: SendAndPullEventInformation() with NTSTATUS 0x0, context 0xd46fa3d0, and result object 0x00000251D66A6D40 with size 140
###Cleanup file handle = 0x00000251D46FA3D0, eventID = 0017, event Info = 0x00000251D4725700
Dokan Information: SendAndPullEventInformation() with NTSTATUS 0x0, context 0xd46fa3d0, and result object 0x00000251D66A6D40 with size 48
###Close file handle = 0x00000251D46FA3D0, eventID = 0017, event Info = 0x00000251D4725700
[Close] \
###Create file handle = 0x00000251D46F9E50, eventID = 0018, event Info = 0x00000251D46FACD0
[ZwCreateFile] \
Dokan Information: DokanEndDispatchCreate() status = 0, file handle = 0x00000251D46F9E50, eventID = 0018, result = 0x1
Dokan Information: SendAndPullEventInformation() with NTSTATUS 0x0, context 0xd46f9e50, and result object 0x00000251D66A6D40 with size 48
###QueryVolumeInfo file handle = 0x00000251D46F9E50, eventID = 0018, event Info = 0x00000251D46FACD0
[GetVolumeInformation]
Dokan Information: SendAndPullEventInformation() with NTSTATUS 0x0, context 0xd46f9e50, and result object 0x00000251D66A6D40 with size 64
###GetFileInfo file handle = 0x00000251D46F9E50, eventID = 0018, event Info = 0x00000251D46FACD0
	result =  0
	FileAllInformation
	DispatchQueryInformation result =  0
Dokan Information: SendAndPullEventInformation() with NTSTATUS 0x0, context 0xd46f9e50, and result object 0x00000251D66A6D40 with size 140
###Cleanup file handle = 0x00000251D46F9E50, eventID = 0018, event Info = 0x00000251D46FACD0
Dokan Information: SendAndPullEventInformation() with NTSTATUS 0x0, context 0xd46f9e50, and result object 0x00000251D66A6D40 with size 48
###Close file handle = 0x00000251D46F9E50, eventID = 0018, event Info = 0x00000251D46FACD0
[Close] \
###Create file handle = 0x00000251D46FA3D0, eventID = 0019, event Info = 0x00000251D4725700
[ZwCreateFile] \
Dokan Information: DokanEndDispatchCreate() status = 0, file handle = 0x00000251D46FA3D0, eventID = 0019, result = 0x1
Dokan Information: SendAndPullEventInformation() with NTSTATUS 0x0, context 0xd46fa3d0, and result object 0x00000251D66A6D40 with size 48
###QueryVolumeInfo file handle = 0x00000251D46FA3D0, eventID = 0019, event Info = 0x00000251D4725700
[GetVolumeInformation]
Dokan Information: SendAndPullEventInformation() with NTSTATUS 0x0, context 0xd46fa3d0, and result object 0x00000251D66A6D40 with size 64
###GetFileInfo file handle = 0x00000251D46FA3D0, eventID = 0019, event Info = 0x00000251D4725700
	result =  0
	FileAllInformation
	DispatchQueryInformation result =  0
Dokan Information: SendAndPullEventInformation() with NTSTATUS 0x0, context 0xd46fa3d0, and result object 0x00000251D66A6D40 with size 140
###Cleanup file handle = 0x00000251D46FA3D0, eventID = 0019, event Info = 0x00000251D4725700
Dokan Information: SendAndPullEventInformation() with NTSTATUS 0x0, context 0xd46fa3d0, and result object 0x00000251D66A6D40 with size 48
###Close file handle = 0x00000251D46FA3D0, eventID = 0019, event Info = 0x00000251D4725700
[Cl###Create file handle = 0x00000251D46F9E50, eventID = 0020, event Info = 0x00000251D46FACD0
ose] \
[ZwCreateFile] \
Dokan Information: DokanEndDispatchCreate() status = 0, file handle = 0x00000251D46F9E50, eventID = 0020, result = 0x1
Dokan Information: SendAndPullEventInformation() with NTSTATUS 0x0, context 0xd46f9e50, and result object 0x00000251D66A6D40 with size 48
###QueryVolumeInfo file handle = 0x00000251D46F9E50, eventID = 0020, event Info = 0x00000251D46FACD0
[GetVolumeInformation]
Dokan Information: SendAndPullEventInformation() with NTSTATUS 0x0, context 0xd46f9e50, and result object 0x00000251D66A6D40 with size 64
###GetFileInfo file handle = 0x00000251D46F9E50, eventID = 0020, event Info = 0x00000251D46FACD0
	result =  0
	FileAllInformation
	DispatchQueryInformation result =  0
Dokan Information: SendAndPullEventInformation() with NTSTATUS 0x0, context 0xd46f9e50, and result object 0x00000251D66A6D40 with size 140
###Cleanup file handle = 0x00000251D46F9E50, eventID = 0020, event Info = 0x00000251D46FACD0
Dokan Information: SendAndPullEventInformation() with NTSTATUS 0x0, context 0xd46f9e50, and result object 0x00000251D66A6D40 with size 48
###Close file handle = 0x00000251D46F9E50, eventID = 0020, event Info = 0x00000251D46FACD0
[Close] \
###Create file handle = 0x00000251D46FA3D0, eventID = 0021, event Info = 0x00000251D4725700
[ZwCreateFile] \
Dokan Information: DokanEndDispatchCreate() status = 0, file handle = 0x00000251D46FA3D0, eventID = 0021, result = 0x1
Dokan Information: SendAndPullEventInformation() with NTSTATUS 0x0, context 0xd46fa3d0, and result object 0x00000251D66A6D40 with size 48
###QueryVolumeInfo file handle = 0x00000251D46FA3D0, eventID = 0021, event Info = 0x00000251D4725700
[GetVolumeInformation]
Dokan Information: SendAndPullEventInformation() with NTSTATUS 0x0, context 0xd46fa3d0, and result object 0x00000251D66A6D40 with size 64
###GetFileInfo file handle = 0x00000251D46FA3D0, eventID = 0021, event Info = 0x00000251D4725700
	result =  0
	FileAllInformation
	DispatchQueryInformation result =  0
Dokan Information: SendAndPullEventInformation() with NTSTATUS 0x0, context 0xd46fa3d0, and result object 0x00000251D66A6D40 with size 140
###Cleanup file handle = 0x00000251D46FA3D0, eventID = 0021, event Info = 0x00000251D4725700
Dokan Information: SendAndPullEventInformation() with NTSTATUS 0x0, context 0xd46fa3d0, and result object 0x00000251D66A6D40 with size 48
###Close file handle = 0x00000251D46FA3D0, eventID = 0021, event Info = 0x00000251D4725700
[Close] \
###Create file handle = 0x00000251D46F9E50, eventID = 0022, event Info = 0x00000251D46FACD0
[ZwCreateFile] \
Dokan Information: DokanEndDispatchCreate() status = 0, file handle = 0x00000251D46F9E50, eventID = 0022, result = 0x1
Dokan Information: SendAndPullEventInformation() with NTSTATUS 0x0, context 0xd46f9e50, and result object 0x00000251D66A6D40 with size 48
###QueryVolumeInfo file handle = 0x00000251D46F9E50, eventID = 0022, event Info = 0x00000251D46FACD0
[GetVolumeInformation]
Dokan Information: SendAndPullEventInformation() with NTSTATUS 0x0, context 0xd46f9e50, and result object 0x00000251D66A6D40 with size 64
###GetFileInfo file handle = 0x00000251D46F9E50, eventID = 0022, event Info = 0x00000251D46FACD0
	result =  0
	FileAllInformation
	DispatchQueryInformation result =  0
Dokan Information: SendAndPullEventInformation() with NTSTATUS 0x0, context 0xd46f9e50, and result object 0x00000251D66A6D40 with size 140
###Cleanup file handle = 0x00000251D46F9E50, eventID = 0022, event Info = 0x00000251D46FACD0
Dokan Information: SendAndPullEventInformation() with NTSTATUS 0x0, context 0xd46f9e50, and result object 0x00000251D66A6D40 with size 48
###Close file handle = 0x00000251D46F9E50, eventID = 0022, event Info = 0x00000251D46FACD0
[Close] \
###Create file handle = 0x00000251D46FA3D0, eventID = 0023, event Info = 0x00000251D4725700
[ZwCreateFile] \
Dokan Information: DokanEndDispatchCreate() status = 0, file handle = 0x00000251D46FA3D0, eventID = 0023, result = 0x1
Dokan Information: SendAndPullEventInformation() with NTSTATUS 0x0, context 0xd46fa3d0, and result object 0x00000251D66A6D40 with size 48
###QueryVolumeInfo file handle = 0x00000251D46FA3D0, eventID = 0023, event Info = 0x00000251D4725700
[GetVolumeInformation]
Dokan Information: SendAndPullEventInformation() with NTSTATUS 0x0, context 0xd46fa3d0, and result object 0x00000251D66A6D40 with size 64
###GetFileInfo file handle = 0x00000251D46FA3D0, eventID = 0023, event Info = 0x00000251D4725700
	result =  0
	FileAllInformation
	DispatchQueryInformation result =  0
Dokan Information: SendAndPullEventInformation() with NTSTATUS 0x0, context 0xd46fa3d0, and result object 0x00000251D66A6D40 with size 140
###Cleanup file handle = 0x00000251D46FA3D0, eventID = 0023, event Info = 0x00000251D4725700
Dokan Information: SendAndPullEventInformation() with NTSTATUS 0x0, context 0xd46fa3d0, and result object 0x00000251D66A6D40 with size 48
###Close file handle = 0x00000251D46FA3D0, eventID = 0023, event Info = 0x00000251D4725700
[Close] \
###Create file handle = 0x00000251D46F9E50, eventID = 0024, event Info = 0x00000251D46FACD0
[ZwCreateFile] \
Dokan Information: DokanEndDispatchCreate() status = 0, file handle = 0x00000251D46F9E50, eventID = 0024, result = 0x1
Dokan Information: SendAndPullEventInformation() with NTSTATUS 0x0, context 0xd46f9e50, and result object 0x00000251D66A6D40 with size 48
###QueryVolumeInfo file handle = 0x00000251D46F9E50, eventID = 0024, event Info = 0x00000251D46FACD0
[GetVolumeInformation]
Dokan Information: SendAndPullEventInformation() with NTSTATUS 0x0, context 0xd46f9e50, and result object 0x00000251D66A6D40 with size 64
###GetFileInfo file handle = 0x00000251D46F9E50, eventID = 0024, event Info = 0x00000251D46FACD0
	result =  0
	FileAllInformation
	DispatchQueryInformation result =  0
Dokan Information: SendAndPullEventInformation() with NTSTATUS 0x0, context 0xd46f9e50, and result object 0x00000251D66A6D40 with size 140
###Cleanup file handle = 0x00000251D46F9E50, eventID = 0024, event Info = 0x00000251D46FACD0
Dokan Information: SendAndPullEventInformation() with NTSTATUS 0x0, context 0xd46f9e50, and result object 0x00000251D66A6D40 with size 48
###Close file handle = 0x00000251D46F9E50, eventID = 0024, event Info = 0x00000251D46FACD0
[Close] \
###Create file handle = 0x00000251D46FA3D0, eventID = 0025, event Info = 0x00000251D4725700
[ZwCreateFile] \
Dokan Information: DokanEndDispatchCreate() status = 0, file handle = 0x00000251D46FA3D0, eventID = 0025, result = 0x1
Dokan Information: SendAndPullEventInformation() with NTSTATUS 0x0, context 0xd46fa3d0, and result object 0x00000251D66A6D40 with size 48
###QueryVolumeInfo file handle = 0x00000251D46FA3D0, eventID = 0025, event Info = 0x00000251D4725700
[GetVolumeInformation]
Dokan Information: SendAndPullEventInformation() with NTSTATUS 0x0, context 0xd46fa3d0, and result object 0x00000251D66A6D40 with size 64
###GetFileInfo file handle = 0x00000251D46FA3D0, eventID = 0025, event Info = 0x00000251D4725700
	result =  0
	FileAllInformation
	DispatchQueryInformation result =  0
Dokan Information: SendAndPullEventInformation() with NTSTATUS 0x0, context 0xd46fa3d0, and result object 0x00000251D66A6D40 with size 140
###Cleanup file handle = 0x00000251D46FA3D0, eventID = 0025, event Info = 0x00000251D4725700
Dokan Information: SendAndPullEventInformation() with NTSTATUS 0x0, context 0xd46fa3d0, and result object 0x00000251D66A6D40 with size 48
###Close file handle = 0x00000251D46FA3D0, eventID = 0025, event Info = 0x00000251D4725700
[Close] \
###Create file handle = 0x00000251D46FA3D0, eventID = 0026, event Info = 0x00000251D46FACD0
[ZwCreateFile] \
Dokan Information: DokanEndDispatchCreate() status = 0, file handle = 0x00000251D46FA3D0, eventID = 0026, result = 0x1
Dokan Information: SendAndPullEventInformation() with NTSTATUS 0x0, context 0xd46fa3d0, and result object 0x00000251D66A6D40 with size 48
###QueryVolumeInfo file handle = 0x00000251D46FA3D0, eventID = 0026, event Info = 0x00000251D46FACD0
[GetVolumeInformation]
Dokan Information: SendAndPullEventInformation() with NTSTATUS 0x0, context 0xd46fa3d0, and result object 0x00000251D66A6D40 with size 64
###GetFileInfo file handle = 0x00000251D46FA3D0, eventID = 0026, event Info = 0x00000251D46FACD0
	result =  0
	FileAllInformation
	DispatchQueryInformation result =  0
Dokan Information: SendAndPullEventInformation() with NTSTATUS 0x0, context 0xd46fa3d0, and result object 0x00000251D66A6D40 with size 140
###Cleanup file handle = 0x00000251D46FA3D0, eventID = 0026, event Info = 0x00000251D46FACD0
Dokan Information: SendAndPullEventInformation() with NTSTATUS 0x0, context 0xd46fa3d0, and result object 0x00000251D66A6D40 with size 48
###Close file handle = 0x00000251D46FA3D0, eventID = 0026, event Info = 0x00000251D46FACD0
[Close] \
###Create file handle = 0x00000251D46F9E50, eventID = 0027, event Info = 0x00000251D4725700
[ZwCreateFile] \
Dokan Information: DokanEndDispatchCreate() status = 0, file handle = 0x00000251D46F9E50, eventID = 0027, result = 0x1
Dokan Information: SendAndPullEventInformation() with NTSTATUS 0x0, context 0xd46f9e50, and result object 0x00000251D66A6D40 with size 48
###QueryVolumeInfo file handle = 0x00000251D46F9E50, eventID = 0027, event Info = 0x00000251D4725700
[GetVolumeInformation]
Dokan Information: SendAndPullEventInformation() with NTSTATUS 0x0, context 0xd46f9e50, and result object 0x00000251D66A6D40 with size 64
###GetFileInfo file handle = 0x00000251D46F9E50, eventID = 0027, event Info = 0x00000251D4725700
	result =  0
	FileAllInformation
	DispatchQueryInformation result =  0
Dokan Information: SendAndPullEventInformation() with NTSTATUS 0x0, context 0xd46f9e50, and result object 0x00000251D66A6D40 with size 140
###Cleanup file handle = 0x00000251D46F9E50, eventID = 0027, event Info = 0x00000251D4725700
Dokan Information: SendAndPullEventInformation() with NTSTATUS 0x0, context 0xd46f9e50, and result object 0x00000251D66A6D40 with size 48
###Close file handle = 0x00000251D46F9E50, eventID = 0027, event Info = 0x00000251D4725700
[Close] \
###Create file handle = 0x00000251D46FA3D0, eventID = 0028, event Info = 0x00000251D46FACD0
[ZwCreateFile] \
Dokan Information: DokanEndDispatchCreate() status = 0, file handle = 0x00000251D46FA3D0, eventID = 0028, result = 0x1
Dokan Information: SendAndPullEventInformation() with NTSTATUS 0x0, context 0xd46fa3d0, and result object 0x00000251D66A6D40 with size 48
###QueryVolumeInfo file handle = 0x00000251D46FA3D0, eventID = 0028, event Info = 0x00000251D46FACD0
[GetVolumeInformation]
Dokan Information: SendAndPullEventInformation() with NTSTATUS 0x0, context 0xd46fa3d0, and result object 0x00000251D66A6D40 with size 64
###GetFileInfo file handle = 0x00000251D46FA3D0, eventID = 0028, event Info = 0x00000251D46FACD0
	result =  0
	FileAllInformation
	DispatchQueryInformation result =  0
Dokan Information: SendAndPullEventInformation() with NTSTATUS 0x0, context 0xd46fa3d0, and result object 0x00000251D66A6D40 with size 140
###Cleanup file handle = 0x00000251D46FA3D0, eventID = 0028, event Info = 0x00000251D46FACD0
Dokan Information: SendAndPullEventInformation() with NTSTATUS 0x0, context 0xd46fa3d0, and result object 0x00000251D66A6D40 with size 48
###Close file handle = 0x00000251D46FA3D0, eventID = 0028, event Info = 0x00000251D46FACD0
[Close] \
###Create file handle = 0x00000251D46F9E50, eventID = 0029, event Info = 0x00000251D4725700
[ZwCreateFile] \
Dokan Information: DokanEndDispatchCreate() status = 0, file handle = 0x00000251D46F9E50, eventID = 0029, result = 0x1
Dokan Information: SendAndPullEventInformation() with NTSTATUS 0x0, context 0xd46f9e50, and result object 0x00000251D66A6D40 with size 48
###QueryVolumeInfo file handle = 0x00000251D46F9E50, eventID = 0029, event Info = 0x00000251D4725700
[GetVolumeInformation]
Dokan Information: SendAndPullEventInformation() with NTSTATUS 0x0, context 0xd46f9e50, and result object 0x00000251D66A6D40 with size 64
###GetFileInfo file handle = 0x00000251D46F9E50, eventID = 0029, event Info = 0x00000251D4725700
	result =  0
	FileAllInformation
	DispatchQueryInformation result =  0
Dokan Information: SendAndPullEventInformation() with NTSTATUS 0x0, context 0xd46f9e50, and result object 0x00000251D66A6D40 with size 140
###Cleanup file handle = 0x00000251D46F9E50, eventID = 0029, event Info = 0x00000251D4725700
Dokan Information: SendAndPullEventInformation() with NTSTATUS 0x0, context 0xd46f9e50, and result object 0x00000251D66A6D40 with size 48
###Close file handle = 0x00000251D46F9E50, eventID = 0029, event Info = 0x00000251D4725700
###Create file handle = 0x00000251D46FA3D0, eventID = 0030, event Info = 0x00000251D46FACD0
[Close] \
[ZwCreateFile] \
Dokan Information: DokanEndDispatchCreate() status = 0, file handle = 0x00000251D46FA3D0, eventID = 0030, result = 0x1
Dokan Information: SendAndPullEventInformation() with NTSTATUS 0x0, context 0xd46fa3d0, and result object 0x00000251D66A6D40 with size 48
###QueryVolumeInfo file handle = 0x00000251D46FA3D0, eventID = 0030, event Info = 0x00000251D46FACD0
[GetVolumeInformation]
Dokan Information: SendAndPullEventInformation() with NTSTATUS 0x0, context 0xd46fa3d0, and result object 0x00000251D66A6D40 with size 64
###GetFileInfo file handle = 0x00000251D46FA3D0, eventID = 0030, event Info = 0x00000251D46FACD0
	result =  0
	FileAllInformation
	DispatchQueryInformation result =  0
Dokan Information: SendAndPullEventInformation() with NTSTATUS 0x0, context 0xd46fa3d0, and result object 0x00000251D66A6D40 with size 140
###Cleanup file handle = 0x00000251D46FA3D0, eventID = 0030, event Info = 0x00000251D46FACD0
Dokan Information: SendAndPullEventInformation() with NTSTATUS 0x0, context 0xd46fa3d0, and result object 0x00000251D66A6D40 with size 48
###Close file handle = 0x00000251D46FA3D0, eventID = 0030, event Info = 0x00000251D46FACD0
[Close] ###Create file handle = 0x00000251D46F9E50, eventID = 0031, event Info = 0x00000251D4725700
\
[ZwCreateFile] \
Dokan Information: DokanEndDispatchCreate() status = 0, file handle = 0x00000251D46F9E50, eventID = 0031, result = 0x1
Dokan Information: SendAndPullEventInformation() with NTSTATUS 0x0, context 0xd46f9e50, and result object 0x00000251D66A6D40 with size 48
###QueryVolumeInfo file handle = 0x00000251D46F9E50, eventID = 0031, event Info = 0x00000251D4725700
[GetVolumeInformation]
Dokan Information: SendAndPullEventInformation() with NTSTATUS 0x0, context 0xd46f9e50, and result object 0x00000251D66A6D40 with size 64
###GetFileInfo file handle = 0x00000251D46F9E50, eventID = 0031, event Info = 0x00000251D4725700
	result =  0
	FileAllInformation
	DispatchQueryInformation result =  0
Dokan Information: SendAndPullEventInformation() with NTSTATUS 0x0, context 0xd46f9e50, and result object 0x00000251D66A6D40 with size 140
###Cleanup file handle = 0x00000251D46F9E50, eventID = 0031, event Info = 0x00000251D4725700
Dokan Information: SendAndPullEventInformation() with NTSTATUS 0x0, context 0xd46f9e50, and result object 0x00000251D66A6D40 with size 48
###Close file handle = 0x00000251D46F9E50, eventID = 0031, event Info = 0x00000251D4725700
[Close] \
###Create file handle = 0x00000251D46FA3D0, eventID = 0032, event Info = 0x00000251D46FACD0
[ZwCreateFile] \
Dokan Information: DokanEndDispatchCreate() status = 0, file handle = 0x00000251D46FA3D0, eventID = 0032, result = 0x1
Dokan Information: SendAndPullEventInformation() with NTSTATUS 0x0, context 0xd46fa3d0, and result object 0x00000251D66A6D40 with size 48
###QueryVolumeInfo file handle = 0x00000251D46FA3D0, eventID = 0032, event Info = 0x00000251D46FACD0
[GetVolumeInformation]
Dokan Information: SendAndPullEventInformation() with NTSTATUS 0x0, context 0xd46fa3d0, and result object 0x00000251D66A6D40 with size 64
###GetFileInfo file handle = 0x00000251D46FA3D0, eventID = 0032, event Info = 0x00000251D46FACD0
	result =  0
	FileAllInformation
	DispatchQueryInformation result =  0
Dokan Information: SendAndPullEventInformation() with NTSTATUS 0x0, context 0xd46fa3d0, and result object 0x00000251D66A6D40 with size 140
###Cleanup file handle = 0x00000251D46FA3D0, eventID = 0032, event Info = 0x00000251D46FACD0
Dokan Information: SendAndPullEventInformation() with NTSTATUS 0x0, context 0xd46fa3d0, and result object 0x00000251D66A6D40 with size 48
###Close file handle = 0x00000251D46FA3D0, eventID = 0032, event Info = 0x00000251D46FACD0
[Close] \
###Create file handle = 0x00000251D46F9E50, eventID = 0033, event Info = 0x00000251D4725700
[ZwCreateFile] \
Dokan Information: DokanEndDispatchCreate() status = 0, file handle = 0x00000251D46F9E50, eventID = 0033, result = 0x1
Dokan Information: SendAndPullEventInformation() with NTSTATUS 0x0, context 0xd46f9e50, and result object 0x00000251D66A6D40 with size 48
###QueryVolumeInfo file handle = 0x00000251D46F9E50, eventID = 0033, event Info = 0x00000251D4725700
[GetVolumeInformation]
Dokan Information: SendAndPullEventInformation() with NTSTATUS 0x0, context 0xd46f9e50, and result object 0x00000251D66A6D40 with size 64
###GetFileInfo file handle = 0x00000251D46F9E50, eventID = 0033, event Info = 0x00000251D4725700
	result =  0
	FileAllInformation
	DispatchQueryInformation result =  0
Dokan Information: SendAndPullEventInformation() with NTSTATUS 0x0, context 0xd46f9e50, and result object 0x00000251D66A6D40 with size 140
###Cleanup file handle = 0x00000251D46F9E50, eventID = 0033, event Info = 0x00000251D4725700
Dokan Information: SendAndPullEventInformation() with NTSTATUS 0x0, context 0xd46f9e50, and result object 0x00000251D66A6D40 with size 48
###Close file handle = 0x00000251D46F9E50, eventID = 0033, event Info = 0x00000251D4725700
[Close] \
###Create file handle = 0x00000251D46F9E50, eventID = 0034, event Info = 0x00000251D46FACD0
[ZwCreateFile] \
Dokan Information: DokanEndDispatchCreate() status = 0, file handle = 0x00000251D46F9E50, eventID = 0034, result = 0x1
Dokan Information: SendAndPullEventInformation() with NTSTATUS 0x0, context 0xd46f9e50, and result object 0x00000251D66A6D40 with size 48
###QueryVolumeInfo file handle = 0x00000251D46F9E50, eventID = 0034, event Info = 0x00000251D46FACD0
[GetVolumeInformation]
Dokan Information: SendAndPullEventInformation() with NTSTATUS 0x0, context 0xd46f9e50, and result object 0x00000251D66A6D40 with size 64
###GetFileInfo file handle = 0x00000251D46F9E50, eventID = 0034, event Info = 0x00000251D46FACD0
	result =  0
	FileAllInformation
	DispatchQueryInformation result =  0
Dokan Information: SendAndPullEventInformation() with NTSTATUS 0x0, context 0xd46f9e50, and result object 0x00000251D66A6D40 with size 140
###Cleanup file handle = 0x00000251D46F9E50, eventID = 0034, event Info = 0x00000251D46FACD0
Dokan Information: SendAndPullEventInformation() with NTSTATUS 0x0, context 0xd46f9e50, and result object 0x00000251D66A6D40 with size 48
###Close file handle = 0x00000251D46F9E50, eventID = 0034, event Info = 0x00000251D46FACD0
[Close] \
###Create file handle = 0x00000251D46FA3D0, eventID = 0035, event Info = 0x00000251D4725700
[ZwCreateFile] \
Dokan Information: DokanEndDispatchCreate() status = 0, file handle = 0x00000251D46FA3D0, eventID = 0035, result = 0x1
Dokan Information: SendAndPullEventInformation() with NTSTATUS 0x0, context 0xd46fa3d0, and result object 0x00000251D66A6D40 with size 48
###QueryVolumeInfo file handle = 0x00000251D46FA3D0, eventID = 0035, event Info = 0x00000251D4725700
[GetVolumeInformation]
Dokan Information: SendAndPullEventInformation() with NTSTATUS 0x0, context 0xd46fa3d0, and result object 0x00000251D66A6D40 with size 64
###GetFileInfo file handle = 0x00000251D46FA3D0, eventID = 0035, event Info = 0x00000251D4725700
	result =  0
	FileAllInformation
	DispatchQueryInformation result =  0
Dokan Information: SendAndPullEventInformation() with NTSTATUS 0x0, context 0xd46fa3d0, and result object 0x00000251D66A6D40 with size 140
###Cleanup file handle = 0x00000251D46FA3D0, eventID = 0035, event Info = 0x00000251D4725700
Dokan Information: SendAndPullEventInformation() with NTSTATUS 0x0, context 0xd46fa3d0, and result object 0x00000251D66A6D40 with size 48
###Close file handle = 0x00000251D46FA3D0, eventID = 0035, event Info = 0x00000251D4725700
[Close] \
###Create file handle = 0x00000251D46F9E50, eventID = 0036, event Info = 0x00000251D46FACD0
[ZwCreateFile] \
Dokan Information: DokanEndDispatchCreate() status = 0, file handle = 0x00000251D46F9E50, eventID = 0036, result = 0x1
Dokan Information: SendAndPullEventInformation() with NTSTATUS 0x0, context 0xd46f9e50, and result object 0x00000251D66A6D40 with size 48
###QueryVolumeInfo file handle = 0x00000251D46F9E50, eventID = 0036, event Info = 0x00000251D46FACD0
[GetVolumeInformation]
Dokan Information: SendAndPullEventInformation() with NTSTATUS 0x0, context 0xd46f9e50, and result object 0x00000251D66A6D40 with size 64
###GetFileInfo file handle = 0x00000251D46F9E50, eventID = 0036, event Info = 0x00000251D46FACD0
	result =  0
	FileAllInformation
	DispatchQueryInformation result =  0
Dokan Information: SendAndPullEventInformation() with NTSTATUS 0x0, context 0xd46f9e50, and result object 0x00000251D66A6D40 with size 140
###Cleanup file handle = 0x00000251D46F9E50, eventID = 0036, event Info = 0x00000251D46FACD0
Dokan Information: SendAndPullEventInformation() with NTSTATUS 0x0, context 0xd46f9e50, and result object 0x00000251D66A6D40 with size 48
###Close file handle = 0x00000251D46F9E50, eventID = 0036, event Info = 0x00000251D46FACD0
[Close] \
###Create file handle = 0x00000251D46FA3D0, eventID = 0037, event Info = 0x00000251D4725700
[ZwCreateFile] \
Dokan Information: DokanEndDispatchCreate() status = 0, file handle = 0x00000251D46FA3D0, eventID = 0037, result = 0x1
Dokan Information: SendAndPullEventInformation() with NTSTATUS 0x0, context 0xd46fa3d0, and result object 0x00000251D66A6D40 with size 48
###QueryVolumeInfo file handle = 0x00000251D46FA3D0, eventID = 0037, event Info = 0x00000251D4725700
[GetVolumeInformation]
Dokan Information: SendAndPullEventInformation() with NTSTATUS 0x0, context 0xd46fa3d0, and result object 0x00000251D66A6D40 with size 64
###GetFileInfo file handle = 0x00000251D46FA3D0, eventID = 0037, event Info = 0x00000251D4725700
	result =  0
	FileAllInformation
	DispatchQueryInformation result =  0
Dokan Information: SendAndPullEventInformation() with NTSTATUS 0x0, context 0xd46fa3d0, and result object 0x00000251D66A6D40 with size 140
###Cleanup file handle = 0x00000251D46FA3D0, eventID = 0037, event Info = 0x00000251D4725700
Dokan Information: SendAndPullEventInformation() with NTSTATUS 0x0, context 0xd46fa3d0, and result object 0x00000251D66A6D40 with size 48
###Close file handle = 0x00000251D46FA3D0, eventID = 0037, event Info = 0x00000251D4725700
[Close] \
###Create file handle = 0x00000251D46F9E50, eventID = 0038, event Info = 0x00000251D46FACD0
[ZwCreateFile] \
Dokan Information: DokanEndDispatchCreate() status = 0, file handle = 0x00000251D46F9E50, eventID = 0038, result = 0x1
Dokan Information: SendAndPullEventInformation() with NTSTATUS 0x0, context 0xd46f9e50, and result object 0x00000251D66A6D40 with size 48
###QueryVolumeInfo file handle = 0x00000251D46F9E50, eventID = 0038, event Info = 0x00000251D46FACD0
[GetVolumeInformation]
Dokan Information: SendAndPullEventInformation() with NTSTATUS 0x0, context 0xd46f9e50, and result object 0x00000251D66A6D40 with size 64
###GetFileInfo file handle = 0x00000251D46F9E50, eventID = 0038, event Info = 0x00000251D46FACD0
	result =  0
	FileAllInformation
	DispatchQueryInformation result =  0
Dokan Information: SendAndPullEventInformation() with NTSTATUS 0x0, context 0xd46f9e50, and result object 0x00000251D66A6D40 with size 140
###Cleanup file handle = 0x00000251D46F9E50, eventID = 0038, event Info = 0x00000251D46FACD0
Dokan Information: SendAndPullEventInformation() with NTSTATUS 0x0, context 0xd46f9e50, and result object 0x00000251D66A6D40 with size 48
###Close file handle = 0x00000251D46F9E50, eventID = 0038, event Info = 0x00000251D46FACD0
###Create file handle = 0x00000251D46FA3D0, eventID = 0039, event Info = 0x00000251D4725700
[Close] \
[ZwCreateFile] \
Dokan Information: DokanEndDispatchCreate() status = 0, file handle = 0x00000251D46FA3D0, eventID = 0039, result = 0x1
Dokan Information: SendAndPullEventInformation() with NTSTATUS 0x0, context 0xd46fa3d0, and result object 0x00000251D66A6D40 with size 48
###QueryVolumeInfo file handle = 0x00000251D46FA3D0, eventID = 0039, event Info = 0x00000251D4725700
[GetVolumeInformation]
Dokan Information: SendAndPullEventInformation() with NTSTATUS 0x0, context 0xd46fa3d0, and result object 0x00000251D66A6D40 with size 64
###GetFileInfo file handle = 0x00000251D46FA3D0, eventID = 0039, event Info = 0x00000251D4725700
	result =  0
	FileAllInformation
	DispatchQueryInformation result =  0
Dokan Information: SendAndPullEventInformation() with NTSTATUS 0x0, context 0xd46fa3d0, and result object 0x00000251D66A6D40 with size 140
###Cleanup file handle = 0x00000251D46FA3D0, eventID = 0039, event Info = 0x00000251D4725700
Dokan Information: SendAndPullEventInformation() with NTSTATUS 0x0, context 0xd46fa3d0, and result object 0x00000251D66A6D40 with size 48
###Close file handle = 0x00000251D46FA3D0, eventID = 0039, event Info = 0x00000251D4725700
[Close] \
###Create file handle = 0x00000251D46F9E50, eventID = 0040, event Info = 0x00000251D46FACD0
[ZwCreateFile] \
Dokan Information: DokanEndDispatchCreate() status = 0, file handle = 0x00000251D46F9E50, eventID = 0040, result = 0x1
Dokan Information: SendAndPullEventInformation() with NTSTATUS 0x0, context 0xd46f9e50, and result object 0x00000251D66A6D40 with size 48
###QueryVolumeInfo file handle = 0x00000251D46F9E50, eventID = 0040, event Info = 0x00000251D46FACD0
[GetVolumeInformation]
Dokan Information: SendAndPullEventInformation() with NTSTATUS 0x0, context 0xd46f9e50, and result object 0x00000251D66A6D40 with size 64
###GetFileInfo file handle = 0x00000251D46F9E50, eventID = 0040, event Info = 0x00000251D46FACD0
	result =  0
	FileAllInformation
	DispatchQueryInformation result =  0
Dokan Information: SendAndPullEventInformation() with NTSTATUS 0x0, context 0xd46f9e50, and result object 0x00000251D66A6D40 with size 140
###Cleanup file handle = 0x00000251D46F9E50, eventID = 0040, event Info = 0x00000251D46FACD0
Dokan Information: SendAndPullEventInformation() with NTSTATUS 0x0, context 0xd46f9e50, and result object 0x00000251D66A6D40 with size 48
###Close file handle = 0x00000251D46F9E50, eventID = 0040, event Info = 0x00000251D46FACD0
[Close] \
###Create file handle = 0x00000251D46FA3D0, eventID = 0041, event Info = 0x00000251D4725700
[ZwCreateFile] \
Dokan Information: DokanEndDispatchCreate() status = 0, file handle = 0x00000251D46FA3D0, eventID = 0041, result = 0x1
Dokan Information: SendAndPullEventInformation() with NTSTATUS 0x0, context 0xd46fa3d0, and result object 0x00000251D66A6D40 with size 48
###QueryVolumeInfo file handle = 0x00000251D46FA3D0, eventID = 0041, event Info = 0x00000251D4725700
[GetVolumeInformation]
Dokan Information: SendAndPullEventInformation() with NTSTATUS 0x0, context 0xd46fa3d0, and result object 0x00000251D66A6D40 with size 64
###GetFileInfo file handle = 0x00000251D46FA3D0, eventID = 0041, event Info = 0x00000251D4725700
	result =  0
	FileAllInformation
	DispatchQueryInformation result =  0
Dokan Information: SendAndPullEventInformation() with NTSTATUS 0x0, context 0xd46fa3d0, and result object 0x00000251D66A6D40 with size 140
###Cleanup file handle = 0x00000251D46FA3D0, eventID = 0041, event Info = 0x00000251D4725700
Dokan Information: SendAndPullEventInformation() with NTSTATUS 0x0, context 0xd46fa3d0, and result object 0x00000251D66A6D40 with size 48
###Close file handle = 0x00000251D46FA3D0, eventID = 0041, event Info = 0x00000251D4725700
[Close] \
###Create file handle = 0x00000251D46F9E50, eventID = 0042, event Info = 0x00000251D46FACD0
[ZwCreateFile] \
Dokan Information: DokanEndDispatchCreate() status = 0, file handle = 0x00000251D46F9E50, eventID = 0042, result = 0x1
Dokan Information: SendAndPullEventInformation() with NTSTATUS 0x0, context 0xd46f9e50, and result object 0x00000251D66A6D40 with size 48
###QueryVolumeInfo file handle = 0x00000251D46F9E50, eventID = 0042, event Info = 0x00000251D46FACD0
[GetVolumeInformation]
Dokan Information: SendAndPullEventInformation() with NTSTATUS 0x0, context 0xd46f9e50, and result object 0x00000251D66A6D40 with size 64
###GetFileInfo file handle = 0x00000251D46F9E50, eventID = 0042, event Info = 0x00000251D46FACD0
	result =  0
	FileAllInformation
	DispatchQueryInformation result =  0
Dokan Information: SendAndPullEventInformation() with NTSTATUS 0x0, context 0xd46f9e50, and result object 0x00000251D66A6D40 with size 140
###Cleanup file handle = 0x00000251D46F9E50, eventID = 0042, event Info = 0x00000251D46FACD0
Dokan Information: SendAndPullEventInformation() with NTSTATUS 0x0, context 0xd46f9e50, and result object 0x00000251D66A6D40 with size 48
###Close file handle = 0x00000251D46F9E50, eventID = 0042, event Info = 0x00000251D46FACD0
[Close] \
###Create file handle = 0x00000251D46F9E50, eventID = 0043, event Info = 0x00000251D4725700
[ZwCreateFile] \
Dokan Information: DokanEndDispatchCreate() status = 0, file handle = 0x00000251D46F9E50, eventID = 0043, result = 0x1
Dokan Information: SendAndPullEventInformation() with NTSTATUS 0x0, context 0xd46f9e50, and result object 0x00000251D66A6D40 with size 48
###QueryVolumeInfo file handle = 0x00000251D46F9E50, eventID = 0043, event Info = 0x00000251D4725700
[GetVolumeInformation]
Dokan Information: SendAndPullEventInformation() with NTSTATUS 0x0, context 0xd46f9e50, and result object 0x00000251D66A6D40 with size 64
###GetFileInfo file handle = 0x00000251D46F9E50, eventID = 0043, event Info = 0x00000251D4725700
	result =  0
	FileAllInformation
	DispatchQueryInformation result =  0
Dokan Information: SendAndPullEventInformation() with NTSTATUS 0x0, context 0xd46f9e50, and result object 0x00000251D66A6D40 with size 140
###Cleanup file handle = 0x00000251D46F9E50, eventID = 0043, event Info = 0x00000251D4725700
Dokan Information: SendAndPullEventInformation() with NTSTATUS 0x0, context 0xd46f9e50, and result object 0x00000251D66A6D40 with size 48
###Close file handle = 0x00000251D46F9E50, eventID = 0043, event Info = 0x00000251D4725700
[Close] \
###Create file handle = 0x00000251D46FA3D0, eventID = 0044, event Info = 0x00000251D46FACD0
[ZwCreateFile] \
Dokan Information: DokanEndDispatchCreate() status = 0, file handle = 0x00000251D46FA3D0, eventID = 0044, result = 0x1
Dokan Information: SendAndPullEventInformation() with NTSTATUS 0x0, context 0xd46fa3d0, and result object 0x00000251D66A6D40 with size 48
###QueryVolumeInfo file handle = 0x00000251D46FA3D0, eventID = 0044, event Info = 0x00000251D46FACD0
[GetVolumeInformation]
Dokan Information: SendAndPullEventInformation() with NTSTATUS 0x0, context 0xd46fa3d0, and result object 0x00000251D66A6D40 with size 64
###GetFileInfo file handle = 0x00000251D46FA3D0, eventID = 0044, event Info = 0x00000251D46FACD0
	result =  0
	FileAllInformation
	DispatchQueryInformation result =  0
Dokan Information: SendAndPullEventInformation() with NTSTATUS 0x0, context 0xd46fa3d0, and result object 0x00000251D66A6D40 with size 140
###Cleanup file handle = 0x00000251D46FA3D0, eventID = 0044, event Info = 0x00000251D46FACD0
Dokan Information: SendAndPullEventInformation() with NTSTATUS 0x0, context 0xd46fa3d0, and result object 0x00000251D66A6D40 with size 48
###Close file handle = 0x00000251D46FA3D0, eventID = 0044, event Info = 0x00000251D46FACD0
[Close] \
###Create file handle = 0x00000251D46F9E50, eventID = 0045, event Info = 0x00000251D4725700
[ZwCreateFile] \
Dokan Information: DokanEndDispatchCreate() status = 0, file handle = 0x00000251D46F9E50, eventID = 0045, result = 0x1
Dokan Information: SendAndPullEventInformation() with NTSTATUS 0x0, context 0xd46f9e50, and result object 0x00000251D66A6D40 with size 48
###QueryVolumeInfo file handle = 0x00000251D46F9E50, eventID = 0045, event Info = 0x00000251D4725700
[GetVolumeInformation]
Dokan Information: SendAndPullEventInformation() with NTSTATUS 0x0, context 0xd46f9e50, and result object 0x00000251D66A6D40 with size 64
###GetFileInfo file handle = 0x00000251D46F9E50, eventID = 0045, event Info = 0x00000251D4725700
	result =  0
	FileAllInformation
	DispatchQueryInformation result =  0
Dokan Information: SendAndPullEventInformation() with NTSTATUS 0x0, context 0xd46f9e50, and result object 0x00000251D66A6D40 with size 140
###Cleanup file handle = 0x00000251D46F9E50, eventID = 0045, event Info = 0x00000251D4725700
Dokan Information: SendAndPullEventInformation() with NTSTATUS 0x0, context 0xd46f9e50, and result object 0x00000251D66A6D40 with size 48
###Close file handle = 0x00000251D46F9E50, eventID = 0045, event Info = 0x00000251D4725700
[Close] \
###Create file handle = 0x00000251D46FA3D0, eventID = 0046, event Info = 0x00000251D46FACD0
[ZwCreateFile] \
Dokan Information: DokanEndDispatchCreate() status = 0, file handle = 0x00000251D46FA3D0, eventID = 0046, result = 0x1
Dokan Information: SendAndPullEventInformation() with NTSTATUS 0x0, context 0xd46fa3d0, and result object 0x00000251D66A6D40 with size 48
###QueryVolumeInfo file handle = 0x00000251D46FA3D0, eventID = 0046, event Info = 0x00000251D46FACD0
[GetVolumeInformation]
Dokan Information: SendAndPullEventInformation() with NTSTATUS 0x0, context 0xd46fa3d0, and result object 0x00000251D66A6D40 with size 64
###GetFileInfo file handle = 0x00000251D46FA3D0, eventID = 0046, event Info = 0x00000251D46FACD0
	result =  0
	FileAllInformation
	DispatchQueryInformation result =  0
Dokan Information: SendAndPullEventInformation() with NTSTATUS 0x0, context 0xd46fa3d0, and result object 0x00000251D66A6D40 with size 140
###Cleanup file handle = 0x00000251D46FA3D0, eventID = 0046, event Info = 0x00000251D46FACD0
Dokan Information: SendAndPullEventInformation() with NTSTATUS 0x0, context 0xd46fa3d0, and result object 0x00000251D66A6D40 with size 48
###Close file handle = 0x00000251D46FA3D0, eventID = 0046, event Info = 0x00000251D46FACD0
[Close] \
###Create file handle = 0x00000251D46F9E50, eventID = 0047, event Info = 0x00000251D4725700
[ZwCreateFile] \
Dokan Information: DokanEndDispatchCreate() status = 0, file handle = 0x00000251D46F9E50, eventID = 0047, result = 0x1
Dokan Information: SendAndPullEventInformation() with NTSTATUS 0x0, context 0xd46f9e50, and result object 0x00000251D66A6D40 with size 48
###QueryVolumeInfo file handle = 0x00000251D46F9E50, eventID = 0047, event Info = 0x00000251D4725700
[GetVolumeInformation]
Dokan Information: SendAndPullEventInformation() with NTSTATUS 0x0, context 0xd46f9e50, and result object 0x00000251D66A6D40 with size 64
###GetFileInfo file handle = 0x00000251D46F9E50, eventID = 0047, event Info = 0x00000251D4725700
	result =  0
	FileAllInformation
	DispatchQueryInformation result =  0
Dokan Information: SendAndPullEventInformation() with NTSTATUS 0x0, context 0xd46f9e50, and result object 0x00000251D66A6D40 with size 140
###Cleanup file handle = 0x00000251D46F9E50, eventID = 0047, event Info = 0x00000251D4725700
Dokan Information: SendAndPullEventInformation() with NTSTATUS 0x0, context 0xd46f9e50, and result object 0x00000251D66A6D40 with size 48
###Close file handle = 0x00000251D46F9E50, eventID = 0047, event Info = 0x00000251D4725700
###Create file handle = 0x00000251D46FA3D0, eventID = 0048, event Info = 0x00000251D46FACD0
[Close] \
[ZwCreateFile] \
Dokan Information: DokanEndDispatchCreate() status = 0, file handle = 0x00000251D46FA3D0, eventID = 0048, result = 0x1
Dokan Information: SendAndPullEventInformation() with NTSTATUS 0x0, context 0xd46fa3d0, and result object 0x00000251D66A6D40 with size 48
###QueryVolumeInfo file handle = 0x00000251D46FA3D0, eventID = 0048, event Info = 0x00000251D46FACD0
[GetVolumeInformation]
Dokan Information: SendAndPullEventInformation() with NTSTATUS 0x0, context 0xd46fa3d0, and result object 0x00000251D66A6D40 with size 64
###GetFileInfo file handle = 0x00000251D46FA3D0, eventID = 0048, event Info = 0x00000251D46FACD0
	result =  0
	FileAllInformation
	DispatchQueryInformation result =  0
Dokan Information: SendAndPullEventInformation() with NTSTATUS 0x0, context 0xd46fa3d0, and result object 0x00000251D66A6D40 with size 140
###Cleanup file handle = 0x00000251D46FA3D0, eventID = 0048, event Info = 0x00000251D46FACD0
Dokan Information: SendAndPullEventInformation() with NTSTATUS 0x0, context 0xd46fa3d0, and result object 0x00000251D66A6D40 with size 48
###Close file handle = 0x00000251D46FA3D0, eventID = 0048, event Info = 0x00000251D46FACD0
[Close] \
###Create file handle = 0x00000251D46F9E50, eventID = 0049, event Info = 0x00000251D4725700
[ZwCreateFile] \
Dokan Information: DokanEndDispatchCreate() status = 0, file handle = 0x00000251D46F9E50, eventID = 0049, result = 0x1
Dokan Information: SendAndPullEventInformation() with NTSTATUS 0x0, context 0xd46f9e50, and result object 0x00000251D66A6D40 with size 48
###QueryVolumeInfo file handle = 0x00000251D46F9E50, eventID = 0049, event Info = 0x00000251D4725700
[GetVolumeInformation]
Dokan Information: SendAndPullEventInformation() with NTSTATUS 0x0, context 0xd46f9e50, and result object 0x00000251D66A6D40 with size 64
###GetFileInfo file handle = 0x00000251D46F9E50, eventID = 0049, event Info = 0x00000251D4725700
	result =  0
	FileAllInformation
	DispatchQueryInformation result =  0
Dokan Information: SendAndPullEventInformation() with NTSTATUS 0x0, context 0xd46f9e50, and result object 0x00000251D66A6D40 with size 140
###Cleanup file handle = 0x00000251D46F9E50, eventID = 0049, event Info = 0x00000251D4725700
Dokan Information: SendAndPullEventInformation() with NTSTATUS 0x0, context 0xd46f9e50, and result object 0x00000251D66A6D40 with size 48
###Close file handle = 0x00000251D46F9E50, eventID = 0049, event Info = 0x00000251D4725700
[Close] \
###Create file handle = 0x00000251D46FA3D0, eventID = 0050, event Info = 0x00000251D46FACD0
[ZwCreateFile] \
Dokan Information: DokanEndDispatchCreate() status = 0, file handle = 0x00000251D46FA3D0, eventID = 0050, result = 0x1
Dokan Information: SendAndPullEventInformation() with NTSTATUS 0x0, context 0xd46fa3d0, and result object 0x00000251D66A6D40 with size 48
###QueryVolumeInfo file handle = 0x00000251D46FA3D0, eventID = 0050, event Info = 0x00000251D46FACD0
[GetVolumeInformation]
Dokan Information: SendAndPullEventInformation() with NTSTATUS 0x0, context 0xd46fa3d0, and result object 0x00000251D66A6D40 with size 64
###GetFileInfo file handle = 0x00000251D46FA3D0, eventID = 0050, event Info = 0x00000251D46FACD0
	result =  0
	FileAllInformation
	DispatchQueryInformation result =  0
Dokan Information: SendAndPullEventInformation() with NTSTATUS 0x0, context 0xd46fa3d0, and result object 0x00000251D66A6D40 with size 140
###Cleanup file handle = 0x00000251D46FA3D0, eventID = 0050, event Info = 0x00000251D46FACD0
Dokan Information: SendAndPullEventInformation() with NTSTATUS 0x0, context 0xd46fa3d0, and result object 0x00000251D66A6D40 with size 48
###Close file handle = 0x00000251D46FA3D0, eventID = 0050, event Info = 0x00000251D46FACD0
[Close] \
###Create file handle = 0x00000251D46F9E50, eventID = 0051, event Info = 0x00000251D4725700
[ZwCreateFile] \
Dokan Information: DokanEndDispatchCreate() status = 0, file handle = 0x00000251D46F9E50, eventID = 0051, result = 0x1
Dokan Information: SendAndPullEventInformation() with NTSTATUS 0x0, context 0xd46f9e50, and result object 0x00000251D66A6D40 with size 48
###QueryVolumeInfo file handle = 0x00000251D46F9E50, eventID = 0051, event Info = 0x00000251D4725700
[GetVolumeInformation]
Dokan Information: SendAndPullEventInformation() with NTSTATUS 0x0, context 0xd46f9e50, and result object 0x00000251D66A6D40 with size 64
###GetFileInfo file handle = 0x00000251D46F9E50, eventID = 0051, event Info = 0x00000251D4725700
	result =  0
	FileAllInformation
	DispatchQueryInformation result =  0
Dokan Information: SendAndPullEventInformation() with NTSTATUS 0x0, context 0xd46f9e50, and result object 0x00000251D66A6D40 with size 140
###Cleanup file handle = 0x00000251D46F9E50, eventID = 0051, event Info = 0x00000251D4725700
Dokan Information: SendAndPullEventInformation() with NTSTATUS 0x0, context 0xd46f9e50, and result object 0x00000251D66A6D40 with size 48
###Close file handle = 0x00000251D46F9E50, eventID = 0051, event Info = 0x00000251D4725700
[Close] \
###Create file handle = 0x00000251D46FA3D0, eventID = 0052, event Info = 0x00000251D46FACD0
[ZwCreateFile] \
Dokan Information: DokanEndDispatchCreate() status = 0, file handle = 0x00000251D46FA3D0, eventID = 0052, result = 0x1
Dokan Information: SendAndPullEventInformation() with NTSTATUS 0x0, context 0xd46fa3d0, and result object 0x00000251D66A6D40 with size 48
###QueryVolumeInfo file handle = 0x00000251D46FA3D0, eventID = 0052, event Info = 0x00000251D46FACD0
[GetVolumeInformation]
Dokan Information: SendAndPullEventInformation() with NTSTATUS 0x0, context 0xd46fa3d0, and result object 0x00000251D66A6D40 with size 64
###GetFileInfo file handle = 0x00000251D46FA3D0, eventID = 0052, event Info = 0x00000251D46FACD0
	result =  0
	FileAllInformation
	DispatchQueryInformation result =  0
Dokan Information: SendAndPullEventInformation() with NTSTATUS 0x0, context 0xd46fa3d0, and result object 0x00000251D66A6D40 with size 140
###Cleanup file handle = 0x00000251D46FA3D0, eventID = 0052, event Info = 0x00000251D46FACD0
Dokan Information: SendAndPullEventInformation() with NTSTATUS 0x0, context 0xd46fa3d0, and result object 0x00000251D66A6D40 with size 48
###Close file handle = 0x00000251D46FA3D0, eventID = 0052, event Info = 0x00000251D46FACD0
[Close] \
###Create file handle = 0x00000251D46F9E50, eventID = 0053, event Info = 0x00000251D4725700
[ZwCreateFile] \
Dokan Information: DokanEndDispatchCreate() status = 0, file handle = 0x00000251D46F9E50, eventID = 0053, result = 0x1
Dokan Information: SendAndPullEventInformation() with NTSTATUS 0x0, context 0xd46f9e50, and result object 0x00000251D66A6D40 with size 48
###QueryVolumeInfo file handle = 0x00000251D46F9E50, eventID = 0053, event Info = 0x00000251D4725700
[GetVolumeInformation]
Dokan Information: SendAndPullEventInformation() with NTSTATUS 0x0, context 0xd46f9e50, and result object 0x00000251D66A6D40 with size 64
###GetFileInfo file handle = 0x00000251D46F9E50, eventID = 0053, event Info = 0x00000251D4725700
	result =  0
	FileAllInformation
	DispatchQueryInformation result =  0
Dokan Information: SendAndPullEventInformation() with NTSTATUS 0x0, context 0xd46f9e50, and result object 0x00000251D66A6D40 with size 140
###Cleanup file handle = 0x00000251D46F9E50, eventID = 0053, event Info = 0x00000251D4725700
Dokan Information: SendAndPullEventInformation() with NTSTATUS 0x0, context 0xd46f9e50, and result object 0x00000251D66A6D40 with size 48
###Close file handle = 0x00000251D46F9E50, eventID = 0053, event Info = 0x00000251D4725700
[Close] \
###Create file handle = 0x00000251D46FA3D0, eventID = 0054, event Info = 0x00000251D46FACD0
[ZwCreateFile] \
Dokan Information: DokanEndDispatchCreate() status = 0, file handle = 0x00000251D46FA3D0, eventID = 0054, result = 0x1
Dokan Information: SendAndPullEventInformation() with NTSTATUS 0x0, context 0xd46fa3d0, and result object 0x00000251D66A6D40 with size 48
###QueryVolumeInfo file handle = 0x00000251D46FA3D0, eventID = 0054, event Info = 0x00000251D46FACD0
[GetVolumeInformation]
Dokan Information: SendAndPullEventInformation() with NTSTATUS 0x0, context 0xd46fa3d0, and result object 0x00000251D66A6D40 with size 64
###GetFileInfo file handle = 0x00000251D46FA3D0, eventID = 0054, event Info = 0x00000251D46FACD0
	result =  0
	FileAllInformation
	DispatchQueryInformation result =  0
Dokan Information: SendAndPullEventInformation() with NTSTATUS 0x0, context 0xd46fa3d0, and result object 0x00000251D66A6D40 with size 140
###Cleanup file handle = 0x00000251D46FA3D0, eventID = 0054, event Info = 0x00000251D46FACD0
Dokan Information: SendAndPullEventInformation() with NTSTATUS 0x0, context 0xd46fa3d0, and result object 0x00000251D66A6D40 with size 48
###Close file handle = 0x00000251D46FA3D0, eventID = 0054, event Info = 0x00000251D46FACD0
[Close] \
###Create file handle = 0x00000251D46F9E50, eventID = 0055, event Info = 0x00000251D4725700
[ZwCreateFile] \
Dokan Information: DokanEndDispatchCreate() status = 0, file handle = 0x00000251D46F9E50, eventID = 0055, result = 0x1
Dokan Information: SendAndPullEventInformation() with NTSTATUS 0x0, context 0xd46f9e50, and result object 0x00000251D66A6D40 with size 48
###QueryVolumeInfo file handle = 0x00000251D46F9E50, eventID = 0055, event Info = 0x00000251D4725700
[GetVolumeInformation]
Dokan Information: SendAndPullEventInformation() with NTSTATUS 0x0, context 0xd46f9e50, and result object 0x00000251D66A6D40 with size 64
###GetFileInfo file handle = 0x00000251D46F9E50, eventID = 0055, event Info = 0x00000251D4725700
	result =  0
	FileAllInformation
	DispatchQueryInformation result =  0
Dokan Information: SendAndPullEventInformation() with NTSTATUS 0x0, context 0xd46f9e50, and result object 0x00000251D66A6D40 with size 140
###Cleanup file handle = 0x00000251D46F9E50, eventID = 0055, event Info = 0x00000251D4725700
Dokan Information: SendAndPullEventInformation() with NTSTATUS 0x0, context 0xd46f9e50, and result object 0x00000251D66A6D40 with size 48
###Close file handle = 0x00000251D46F9E50, eventID = 0055, event Info = 0x00000251D4725700
[Close] \
###Create file handle = 0x00000251D46FA3D0, eventID = 0056, event Info = 0x00000251D46FACD0
[ZwCreateFile] \
Dokan Information: DokanEndDispatchCreate() status = 0, file handle = 0x00000251D46FA3D0, eventID = 0056, result = 0x1
Dokan Information: SendAndPullEventInformation() with NTSTATUS 0x0, context 0xd46fa3d0, and result object 0x00000251D66A6D40 with size 48
###QueryVolumeInfo file handle = 0x00000251D46FA3D0, eventID = 0056, event Info = 0x00000251D46FACD0
[GetVolumeInformation]
Dokan Information: SendAndPullEventInformation() with NTSTATUS 0x0, context 0xd46fa3d0, and result object 0x00000251D66A6D40 with size 64
###GetFileInfo file handle = 0x00000251D46FA3D0, eventID = 0056, event Info = 0x00000251D46FACD0
	result =  0
	FileAllInformation
	DispatchQueryInformation result =  0
Dokan Information: SendAndPullEventInformation() with NTSTATUS 0x0, context 0xd46fa3d0, and result object 0x00000251D66A6D40 with size 140
###Cleanup file handle = 0x00000251D46FA3D0, eventID = 0056, event Info = 0x00000251D46FACD0
Dokan Information: SendAndPullEventInformation() with NTSTATUS 0x0, context 0xd46fa3d0, and result object 0x00000251D66A6D40 with size 48
###Close file handle = 0x00000251D46FA3D0, eventID = 0056, event Info = 0x00000251D46FACD0
[Close] \
###Create file handle = 0x00000251D46F9E50, eventID = 0057, event Info = 0x00000251D4725700
[ZwCreateFile] \
Dokan Information: DokanEndDispatchCreate() status = 0, file handle = 0x00000251D46F9E50, eventID = 0057, result = 0x1
Dokan Information: SendAndPullEventInformation() with NTSTATUS 0x0, context 0xd46f9e50, and result object 0x00000251D66A6D40 with size 48
###QueryVolumeInfo file handle = 0x00000251D46F9E50, eventID = 0057, event Info = 0x00000251D4725700
[GetVolumeInformation]
Dokan Information: SendAndPullEventInformation() with NTSTATUS 0x0, context 0xd46f9e50, and result object 0x00000251D66A6D40 with size 64
###GetFileInfo file handle = 0x00000251D46F9E50, eventID = 0057, event Info = 0x00000251D4725700
	result =  0
	FileAllInformation
	DispatchQueryInformation result =  0
Dokan Information: SendAndPullEventInformation() with NTSTATUS 0x0, context 0xd46f9e50, and result object 0x00000251D66A6D40 with size 140
###Cleanup file handle = 0x00000251D46F9E50, eventID = 0057, event Info = 0x00000251D4725700
Dokan Information: SendAndPullEventInformation() with NTSTATUS 0x0, context 0xd46f9e50, and result object 0x00000251D66A6D40 with size 48
###Close file handle = 0x00000251D46F9E50, eventID = 0057, event Info = 0x00000251D4725700
[Close] \
###Create file handle = 0x00000251D46F9E50, eventID = 0058, event Info = 0x00000251D4725700
[ZwCreateFile] \gost.exe
Dokan Information: DokanEndDispatchCreate() status = 0, file handle = 0x00000251D46F9E50, eventID = 0058, result = 0x1
Dokan Information: SendAndPullEventInformation() with NTSTATUS 0x0, context 0xd46f9e50, and result object 0x00000251D66A6D40 with size 48
###GetFileInfo file handle = 0x00000251D46F9E50, eventID = 0058, event Info = 0x00000251D4725700
	result =  0
	FileStandardInformation
	DispatchQueryInformation result =  0
Dokan Information: SendAndPullEventInformation() with NTSTATUS 0x0, context 0xd46f9e50, and result object 0x00000251D66A6D40 with size 64
###GetFileInfo file handle = 0x00000251D46F9E50, eventID = 0058, event Info = 0x00000251D4725700
	result =  0
	FileBasicInformation
	DispatchQueryInformation result =  0
Dokan Information: SendAndPullEventInformation() with NTSTATUS 0x0, context 0xd46f9e50, and result object 0x00000251D66A6D40 with size 80
###Cleanup file handle = 0x00000251D46F9E50, eventID = 0058, event Info = 0x00000251D4725700
Dokan Information: SendAndPullEventInformation() with NTSTATUS 0x0, context 0xd46f9e50, and result object 0x00000251D66A6D40 with size 48
###Close file handle = 0x00000251D46F9E50, eventID = 0058, event Info = 0x00000251D4725700
[Close] \gost.exe
[Close-flush] 'gost.exe' len=13279232
###Create file handle = 0x00000251D46F9E50, eventID = 0059, event Info = 0x00000251D46FACD0
[ZwCreateFile] \
Dokan Information: DokanEndDispatchCreate() status = 0, file handle = 0x00000251D46F9E50, eventID = 0059, result = 0x1
Dokan Information: SendAndPullEventInformation() with NTSTATUS 0x0, context 0xd46f9e50, and result object 0x00000251D66A6D40 with size 48
###GetFileInfo file handle = 0x00000251D46F9E50, eventID = 0059, event Info = 0x00000251D46FACD0
	result =  0
	FileStandardInformation
	DispatchQueryInformation result =  0
Dokan Information: SendAndPullEventInformation() with NTSTATUS 0x0, context 0xd46f9e50, and result object 0x00000251D66A6D40 with size 64
###QueryVolumeInfo file handle = 0x00000251D46F9E50, eventID = 0059, event Info = 0x00000251D46FACD0
[GetVolumeInformation]
Dokan Information: SendAndPullEventInformation() with NTSTATUS 0x0, context 0xd46f9e50, and result object 0x00000251D66A6D40 with size 74
###QueryVolumeInfo file handle = 0x00000251D46F9E50, eventID = 0059, event Info = 0x00000251D46FACD0
[GetVolumeInformation]
Dokan Information: SendAndPullEventInformation() with NTSTATUS 0x0, context 0xd46f9e50, and result object 0x00000251D66A6D40 with size 68
###Cleanup file handle = 0x00000251D46F9E50, eventID = 0059, event Info = 0x00000251D46FACD0
Dokan Information: SendAndPullEventInformation() with NTSTATUS 0x0, context 0xd46f9e50, and result object 0x00000251D66A6D40 with size 48
###Close file handle = 0x00000251D46F9E50, eventID = 0059, event Info = 0x00000251D46FACD0
[Close] \
###Create file handle = 0x00000251D46FA3D0, eventID = 0060, event Info = 0x00000251D4725380
[ZwCreateFile] \
Dokan Information: DokanEndDispatchCreate() status = 0, file handle = 0x00000251D46FA3D0, eventID = 0060, result = 0x1
Dokan Information: SendAndPullEventInformation() with NTSTATUS 0x0, context 0xd46fa3d0, and result object 0x00000251D66A6D40 with size 48
###GetFileInfo file handle = 0x00000251D46FA3D0, eventID = 0060, event Info = 0x00000251D4725380
	result =  0
	FileNetworkOpenInformation
	DispatchQueryInformation result =  0
Dokan Information: SendAndPullEventInformation() with NTSTATUS 0x0, context 0xd46fa3d0, and result object 0x00000251D66A6D40 with size 96
###Cleanup file handle = 0x00000251D46FA3D0, eventID = 0060, event Info = 0x00000251D4725380
Dokan Information: SendAndPullEventInformation() with NTSTATUS 0x0, context 0xd46fa3d0, and result object 0x00000251D66A6D40 with size 48
###Close file handle = 0x00000251D46FA3D0, eventID = 0060, event Info = 0x00000251D4725380
[Close] \
###Create file handle = 0x00000251D46FA3D0, eventID = 0061, event Info = 0x00000251D46FACD0
[ZwCreateFile] \
Dokan Information: DokanEndDispatchCreate() status = 0, file handle = 0x00000251D46FA3D0, eventID = 0061, result = 0x1
Dokan Information: SendAndPullEventInformation() with NTSTATUS 0x0, context 0xd46fa3d0, and result object 0x00000251D66A6D40 with size 48
###GetFileInfo file handle = 0x00000251D46FA3D0, eventID = 0061, event Info = 0x00000251D46FACD0
	result =  0
	FileBasicInformation
	DispatchQueryInformation result =  0
Dokan Information: SendAndPullEventInformation() with NTSTATUS 0x0, context 0xd46fa3d0, and result object 0x00000251D66A6D40 with size 80
###Cleanup file handle = 0x00000251D46FA3D0, eventID = 0061, event Info = 0x00000251D46FACD0
Dokan Information: SendAndPullEventInformation() with NTSTATUS 0x0, context 0xd46fa3d0, and result object 0x00000251D66A6D40 with size 48
###Close file handle = 0x00000251D46FA3D0, eventID = 0061, event Info = 0x00000251D46FACD0
[Close] \
###Create file handle = 0x00000251D46FA3D0, eventID = 0062, event Info = 0x00000251D4725700
[ZwCreateFile] \gost.exe
Dokan Information: DokanEndDispatchCreate() status = 0, file handle = 0x00000251D46FA3D0, eventID = 0062, result = 0x1
Dokan Information: SendAndPullEventInformation() with NTSTATUS 0x0, context 0xd46fa3d0, and result object 0x00000251D66A6D40 with size 48
###QueryVolumeInfo file handle = 0x00000251D46FA3D0, eventID = 0062, event Info = 0x00000251D4725700
[GetVolumeInformation]
Dokan Information: SendAndPullEventInformation() with NTSTATUS 0x0, context 0xd46fa3d0, and result object 0x00000251D66A6D40 with size 64
###GetFileInfo file handle = 0x00000251D46FA3D0, eventID = 0062, event Info = 0x00000251D4725700
	result =  0
	FileAllInformation
	DispatchQueryInformation result =  0
Dokan Information: SendAndPullEventInformation() with NTSTATUS 0x0, context 0xd46fa3d0, and result object 0x00000251D66A6D40 with size 140
###QueryVolumeInfo file handle = 0x00000251D46FA3D0, eventID = 0062, event Info = 0x00000251D4725700
[GetVolumeInformation]
Dokan Information: SendAndPullEventInformation() with NTSTATUS 0x0, context 0xd46fa3d0, and result object 0x00000251D66A6D40 with size 64
###GetFileInfo file handle = 0x00000251D46FA3D0, eventID = 0062, event Info = 0x00000251D4725700
	result =  0
	FileAllInformation
	DispatchQueryInformation result =  0
Dokan Information: SendAndPullEventInformation() with NTSTATUS 0x0, context 0xd46fa3d0, and result object 0x00000251D66A6D40 with size 140
###Cleanup file handle = 0x00000251D46FA3D0, eventID = 0062, event Info = 0x00000251D4725700
Dokan Information: SendAndPullEventInformation() with NTSTATUS 0x0, context 0xd46fa3d0, and result object 0x00000251D66A6D40 with size 48
###Close file handle = 0x00000251D46FA3D0, eventID = 0062, event Info = 0x00000251D4725700
[Close] ###Create file handle = 0x00000251D46F9E50, eventID = 0063, event Info = 0x00000251D46FACD0
\gost.exe
[Close-flush] 'gost.exe' len=13279232
[ZwCreateFile] \gost.exe
Dokan Information: DokanEndDispatchCreate() status = 0, file handle = 0x00000251D46F9E50, eventID = 0063, result = 0x1
Dokan Information: SendAndPullEventInformation() with NTSTATUS 0x0, context 0xd46f9e50, and result object 0x00000251D66A6D40 with size 48
###QueryVolumeInfo file handle = 0x00000251D46F9E50, eventID = 0063, event Info = 0x00000251D46FACD0
[GetVolumeInformation]
Dokan Information: SendAndPullEventInformation() with NTSTATUS 0x0, context 0xd46f9e50, and result object 0x00000251D66A6D40 with size 64
###GetFileInfo file handle = 0x00000251D46F9E50, eventID = 0063, event Info = 0x00000251D46FACD0
	result =  0
	FileAllInformation
	DispatchQueryInformation result =  0
Dokan Information: SendAndPullEventInformation() with NTSTATUS 0x0, context 0xd46f9e50, and result object 0x00000251D66A6D40 with size 140
###QueryVolumeInfo file handle = 0x00000251D46F9E50, eventID = 0063, event Info = 0x00000251D46FACD0
[GetVolumeInformation]
Dokan Information: SendAndPullEventInformation() with NTSTATUS 0x0, context 0xd46f9e50, and result object 0x00000251D66A6D40 with size 64
###GetFileInfo file handle = 0x00000251D46F9E50, eventID = 0063, event Info = 0x00000251D46FACD0
	result =  0
	FileAllInformation
	DispatchQueryInformation result =  0
Dokan Information: SendAndPullEventInformation() with NTSTATUS 0x0, context 0xd46f9e50, and result object 0x00000251D66A6D40 with size 140
###Cleanup file handle = 0x00000251D46F9E50, eventID = 0063, event Info = 0x00000251D46FACD0
Dokan Information: SendAndPullEventInformation() with NTSTATUS 0x0, context 0xd46f9e50, and result object 0x00000251D66A6D40 with size 48
###Create file handle = 0x00000251D46FA3D0, eventID = 0064, event Info = 0x00000251D46FACD0
[ZwCreateFile] \gost.exe
###Close file handle = 0x00000251D46F9E50, eventID = 0063, event Info = 0x00000251D4725700
[Close] \gost.exe
[Close-flush] 'gost.exe' len=13279232
Dokan Information: DokanEndDispatchCreate() status = 0, file handle = 0x00000251D46FA3D0, eventID = 0064, result = 0x1
Dokan Information: SendAndPullEventInformation() with NTSTATUS 0x0, context 0xd46fa3d0, and result object 0x00000251D66A6D40 with size 48
###QueryVolumeInfo file handle = 0x00000251D46FA3D0, eventID = 0064, event Info = 0x00000251D46FACD0
[GetVolumeInformation]
Dokan Information: SendAndPullEventInformation() with NTSTATUS 0x0, context 0xd46fa3d0, and result object 0x00000251D66A6D40 with size 64
###GetFileInfo file handle = 0x00000251D46FA3D0, eventID = 0064, event Info = 0x00000251D46FACD0
	result =  0
	FileAllInformation
	DispatchQueryInformation result =  0
Dokan Information: SendAndPullEventInformation() with NTSTATUS 0x0, context 0xd46fa3d0, and result object 0x00000251D66A6D40 with size 140
###QueryVolumeInfo file handle = 0x00000251D46FA3D0, eventID = 0064, event Info = 0x00000251D46FACD0
[GetVolumeInformation]
Dokan Information: SendAndPullEventInformation() with NTSTATUS 0x0, context 0xd46fa3d0, and result object 0x00000251D66A6D40 with size 64
###GetFileInfo file handle = 0x00000251D46FA3D0, eventID = 0064, event Info = 0x00000251D46FACD0
	result =  0
	FileAllInformation
	DispatchQueryInformation result =  0
Dokan Information: SendAndPullEventInformation() with NTSTATUS 0x0, context 0xd46fa3d0, and result object 0x00000251D66A6D40 with size 140
###Cleanup file handle = 0x00000251D46FA3D0, eventID = 0064, event Info = 0x00000251D46FACD0
Dokan Information: SendAndPullEventInformation() with NTSTATUS 0x0, context 0xd46fa3d0, and result object 0x00000251D66A6D40 with size 48
###Close file handle = 0x00000251D46FA3D0, eventID = 0064, event Info = 0x00000251D46FACD0
[Close] \gost.exe
###Create file handle = 0x00000251D46F9E50, eventID = 0065, event Info = 0x00000251D4725700
[Close-flush] 'gost.exe' len=13279232
[ZwCreateFile] \gost.exe
Dokan Information: DokanEndDispatchCreate() status = 0, file handle = 0x00000251D46F9E50, eventID = 0065, result = 0x1
Dokan Information: SendAndPullEventInformation() with NTSTATUS 0x0, context 0xd46f9e50, and result object 0x00000251D66A6D40 with size 48
###Cleanup file handle = 0x00000251D46F9E50, eventID = 0065, event Info = 0x00000251D4725700
Dokan Information: SendAndPullEventInformation() with NTSTATUS 0x0, context 0xd46f9e50, and result object 0x00000251D66A6D40 with size 48
###Close file handle = 0x00000251D46F9E50, eventID = 0065, event Info = 0x00000251D4725700
[Close] \gost.exe
[Close-flush] 'gost.exe' len=13279232
###Create file handle = 0x00000251D46FA3D0, eventID = 0066, event Info = 0x00000251D46FACD0
[ZwCreateFile] \gost.exe
Dokan Information: DokanEndDispatchCreate() status = 0, file handle = 0x00000251D46FA3D0, eventID = 0066, result = 0x1
Dokan Information: SendAndPullEventInformation() with NTSTATUS 0x0, context 0xd46fa3d0, and result object 0x00000251D66A6D40 with size 48
###Create file handle = 0x00000251D46F9E50, eventID = 0067, event Info = 0x00000251D46FACD0
[ZwCreateFile] \gost.exe
Dokan Information: DokanEndDispatchCreate() status = 0, file handle = 0x00000251D46F9E50, eventID = 0067, result = 0x1
Dokan Information: SendAndPullEventInformation() with NTSTATUS 0x0, context 0xd46f9e50, and result object 0x00000251D66A6D40 with size 48
###GetFileInfo file handle = 0x00000251D46F9E50, eventID = 0067, event Info = 0x00000251D46FACD0
	result =  0
	FileBasicInformation
	DispatchQueryInformation result =  0
Dokan Information: SendAndPullEventInformation() with NTSTATUS 0x0, context 0xd46f9e50, and result object 0x00000251D66A6D40 with size 80
###GetFileInfo file handle = 0x00000251D46F9E50, eventID = 0067, event Info = 0x00000251D46FACD0
	result =  0
	FileStandardInformation
	DispatchQueryInformation result =  0
Dokan Information: SendAndPullEventInformation() with NTSTATUS 0x0, context 0xd46f9e50, and result object 0x00000251D66A6D40 with size 64
###Read file handle = 0x00000251D46F9E50, eventID = 0067, event Info = 0x00000251D46FACD0
Dokan Information: SendAndPullEventInformation() with NTSTATUS 0x0, context 0xd46f9e50, and result object 0x00000251D66A6D40 with size 4136
###Read file handle = 0x00000251D46F9E50, eventID = 0067, event Info = 0x00000251D46FACD0
Dokan Information: SendAndPullEventInformation() with NTSTATUS 0x0, context 0xd46f9e50, and result object 0x00000251D66A6D40 with size 4136
###Read file handle = 0x00000251D46F9E50, eventID = 0067, event Info = 0x00000251D46FACD0
Dokan Information: SendAndPullEventInformation() with NTSTATUS 0x0, context 0xd46f9e50, and result object 0x00000251D66E00A0 with size 61480
###Read file handle = 0x00000251D46F9E50, eventID = 0067, event Info = 0x00000251D46FACD0
Dokan Information: SendAndPullEventInformation() with NTSTATUS 0x0, context 0xd46f9e50, and result object 0x00000251D66F00D0 with size 458792
###Read file handle = 0x00000251D46F9E50, eventID = 0067, event Info = 0x00000251D46FACD0
Dokan Information: SendAndPullEventInformation() with NTSTATUS 0x0, context 0xd46f9e50, and result object 0x00000251D66F00D0 with size 524328
###Read file handle = 0x00000251D46F9E50, eventID = 0067, event Info = 0x00000251D46FACD0
Dokan Information: SendAndPullEventInformation() with NTSTATUS 0x0, context 0xd46f9e50, and result object 0x00000251D66F00D0 with size 524328
###Read file handle = 0x00000251D46F9E50, eventID = 0067, event Info = 0x00000251D46FACD0
Dokan Information: SendAndPullEventInformation() with NTSTATUS 0x0, context 0xd46f9e50, and result object 0x00000251D66F00D0 with size 524328
###Read file handle = 0x00000251D46F9E50, eventID = 0067, event Info = 0x00000251D46FACD0
Dokan Information: SendAndPullEventInformation() with NTSTATUS 0x0, context 0xd46f9e50, and result object 0x00000251D66F00D0 with size 524328
###Read file handle = 0x00000251D46F9E50, eventID = 0067, event Info = 0x00000251D46FACD0
Dokan Information: SendAndPullEventInformation() with NTSTATUS 0x0, context 0xd46f9e50, and result object 0x00000251D66F00D0 with size 524328
###Read file handle = 0x00000251D46F9E50, eventID = 0067, event Info = 0x00000251D46FACD0
Dokan Information: SendAndPullEventInformation() with NTSTATUS 0x0, context 0xd46f9e50, and result object 0x00000251D66F00D0 with size 524328
###Read file handle = 0x00000251D46F9E50, eventID = 0067, event Info = 0x00000251D46FACD0
Dokan Information: SendAndPullEventInformation() with NTSTATUS 0x0, context 0xd46f9e50, and result object 0x00000251D66F00D0 with size 524328
###Read file handle = 0x00000251D46F9E50, eventID = 0067, event Info = 0x00000251D46FACD0
Dokan Information: SendAndPullEventInformation() with NTSTATUS 0x0, context 0xd46f9e50, and result object 0x00000251D66F00D0 with size 524328
###Read file handle = 0x00000251D46F9E50, eventID = 0067, event Info = 0x00000251D46FACD0
Dokan Information: SendAndPullEventInformation() with NTSTATUS 0x0, context 0xd46f9e50, and result object 0x00000251D66F00D0 with size 524328
###Read file handle = 0x00000251D46F9E50, eventID = 0067, event Info = 0x00000251D46FACD0
Dokan Information: SendAndPullEventInformation() with NTSTATUS 0x0, context 0xd46f9e50, and result object 0x00000251D66F00D0 with size 524328
###Read file handle = 0x00000251D46F9E50, eventID = 0067, event Info = 0x00000251D46FACD0
Dokan Information: SendAndPullEventInformation() with NTSTATUS 0x0, context 0xd46f9e50, and result object 0x00000251D66F00D0 with size 524328
###Read file handle = 0x00000251D46F9E50, eventID = 0067, event Info = 0x00000251D46FACD0
Dokan Information: SendAndPullEventInformation() with NTSTATUS 0x0, context 0xd46f9e50, and result object 0x00000251D66F00D0 with size 524328
###Read file handle = 0x00000251D46F9E50, eventID = 0067, event Info = 0x00000251D46FACD0
Dokan Information: SendAndPullEventInformation() with NTSTATUS 0x0, context 0xd46f9e50, and result object 0x00000251D66F00D0 with size 524328
###Read file handle = 0x00000251D46F9E50, eventID = 0067, event Info = 0x00000251D46FACD0
Dokan Information: SendAndPullEventInformation() with NTSTATUS 0x0, context 0xd46f9e50, and result object 0x00000251D66F00D0 with size 524328
###Read file handle = 0x00000251D46F9E50, eventID = 0067, event Info = 0x00000251D46FACD0
Dokan Information: SendAndPullEventInformation() with NTSTATUS 0x0, context 0xd46f9e50, and result object 0x00000251D66F00D0 with size 524328
###Read file handle = 0x00000251D46F9E50, eventID = 0067, event Info = 0x00000251D46FACD0
Dokan Information: SendAndPullEventInformation() with NTSTATUS 0x0, context 0xd46f9e50, and result object 0x00000251D66F00D0 with size 524328
###Read file handle = 0x00000251D46F9E50, eventID = 0067, event Info = 0x00000251D46FACD0
Dokan Information: SendAndPullEventInformation() with NTSTATUS 0x0, context 0xd46f9e50, and result object 0x00000251D66F00D0 with size 524328
###Read file handle = 0x00000251D46F9E50, eventID = 0067, event Info = 0x00000251D46FACD0
Dokan Information: SendAndPullEventInformation() with NTSTATUS 0x0, context 0xd46f9e50, and result object 0x00000251D66F00D0 with size 524328
###Read file handle = 0x00000251D46F9E50, eventID = 0067, event Info = 0x00000251D46FACD0
Dokan Information: SendAndPullEventInformation() with NTSTATUS 0x0, context 0xd46f9e50, and result object 0x00000251D66F00D0 with size 524328
###Read file handle = 0x00000251D46F9E50, eventID = 0067, event Info = 0x00000251D46FACD0
Dokan Information: SendAndPullEventInformation() with NTSTATUS 0x0, context 0xd46f9e50, and result object 0x00000251D66F00D0 with size 524328
###Read file handle = 0x00000251D46F9E50, eventID = 0067, event Info = 0x00000251D46FACD0
Dokan Information: SendAndPullEventInformation() with NTSTATUS 0x0, context 0xd46f9e50, and result object 0x00000251D66F00D0 with size 524328
###Read file handle = 0x00000251D46F9E50, eventID = 0067, event Info = 0x00000251D46FACD0
Dokan Information: SendAndPullEventInformation() with NTSTATUS 0x0, context 0xd46f9e50, and result object 0x00000251D66F00D0 with size 524328
###Read file handle = 0x00000251D46F9E50, eventID = 0067, event Info = 0x00000251D46FACD0
Dokan Information: SendAndPullEventInformation() with NTSTATUS 0x0, context 0xd46f9e50, and result object 0x00000251D66F00D0 with size 524328
###Read file handle = 0x00000251D46F9E50, eventID = 0067, event Info = 0x00000251D46FACD0
Dokan Information: SendAndPullEventInformation() with NTSTATUS 0x0, context 0xd46f9e50, and result object 0x00000251D66F00D0 with size 524328
###Read file handle = 0x00000251D46F9E50, eventID = 0067, event Info = 0x00000251D46FACD0
Dokan Information: SendAndPullEventInformation() with NTSTATUS 0x0, context 0xd46f9e50, and result object 0x00000251D66F00D0 with size 172072
###Read file handle = 0x00000251D46F9E50, eventID = 0067, event Info = 0x00000251D46FACD0
Dokan Information: SendAndPullEventInformation() with NTSTATUS 0x0, context 0xd46f9e50, and result object 0x00000251D66A6D40 with size 4136
###Read file handle = 0x00000251D46F9E50, eventID = 0067, event Info = 0x00000251D46FACD0
Dokan Information: SendAndPullEventInformation() with NTSTATUS 0x0, context 0xd46f9e50, and result object 0x00000251D66F00D0 with size 520232
###Read file handle = 0x00000251D46F9E50, eventID = 0067, event Info = 0x00000251D46FACD0
Dokan Information: SendAndPullEventInformation() with NTSTATUS 0x0, context 0xd46f9e50, and result object 0x00000251D66F00D0 with size 524328
###Read file handle = 0x00000251D46F9E50, eventID = 0067, event Info = 0x00000251D46FACD0
Dokan Information: SendAndPullEventInformation() with NTSTATUS 0x0, context 0xd46f9e50, and result object 0x00000251D66F00D0 with size 524328
###Read file handle = 0x00000251D46F9E50, eventID = 0067, event Info = 0x00000251D46FACD0
Dokan Information: SendAndPullEventInformation() with NTSTATUS 0x0, context 0xd46f9e50, and result object 0x00000251D66F00D0 with size 524328
###Read file handle = 0x00000251D46F9E50, eventID = 0067, event Info = 0x00000251D46FACD0
Dokan Information: SendAndPullEventInformation() with NTSTATUS 0x0, context 0xd46f9e50, and result object 0x00000251D66F00D0 with size 524328
###Read file handle = 0x00000251D46F9E50, eventID = 0067, event Info = 0x00000251D46FACD0
Dokan Information: SendAndPullEventInformation() with NTSTATUS 0x0, context 0xd46f9e50, and result object 0x00000251D66F00D0 with size 524328
###Read file handle = 0x00000251D46F9E50, eventID = 0067, event Info = 0x00000251D46FACD0
Dokan Information: SendAndPullEventInformation() with NTSTATUS 0x0, context 0xd46f9e50, and result object 0x00000251D66F00D0 with size 524328
###Read file handle = 0x00000251D46F9E50, eventID = 0067, event Info = 0x00000251D46FACD0
Dokan Information: SendAndPullEventInformation() with NTSTATUS 0x0, context 0xd46f9e50, and result object 0x00000251D66F00D0 with size 524328
###Read file handle = 0x00000251D46F9E50, eventID = 0067, event Info = 0x00000251D46FACD0
Dokan Information: SendAndPullEventInformation() with NTSTATUS 0x0, context 0xd46f9e50, and result object 0x00000251D66F00D0 with size 524328
###Create file handle = 0x00000251D46FA6D0, eventID = 0068, event Info = 0x00000251D46FACD0
[ZwCreateFile] \gost.exe
###Read file handle = 0x00000251D46F9E50, eventID = 0067, event Info = 0x00000251D4725700
Dokan Information: DokanEndDispatchCreate() status = 0, file handle = 0x00000251D46FA6D0, eventID = 0068, result = 0x1
Dokan Information: SendAndPullEventInformation() with NTSTATUS 0x0, context 0xd46fa6d0, and result object 0x00000251D66A6D40 with size 48
###GetFileInfo file handle = 0x00000251D46FA6D0, eventID = 0068, event Info = 0x00000251D46FACD0
	result =  0
	FileBasicInformation
	DispatchQueryInformation result =  0
Dokan Information: SendAndPullEventInformation() with NTSTATUS 0x0, context 0xd46fa6d0, and result object 0x00000251D66A6D40 with size 80
Dokan Information: SendAndPullEventInformation() with NTSTATUS 0x0, context 0xd46f9e50, and result object 0x00000251D66F00D0 with size 524328
###GetFileInfo file handle = 0x00000251D46FA6D0, eventID = 0068, event Info = 0x00000251D46FACD0
	result =  0
	FileStandardInformation
	DispatchQueryInformation result =  0
Dokan Information: SendAndPullEventInformation() with NTSTATUS 0x0, context 0xd46fa6d0, and result object 0x00000251D66A6D40 with size 64
###GetFileInfo file handle = 0x00000251D46FA6D0, eventID = 0068, event Info = 0x00000251D46FACD0
	result =  0
	FileInternalInformation
	DispatchQueryInformation result =  0
Dokan Information: SendAndPullEventInformation() with NTSTATUS 0x0, context 0xd46fa6d0, and result object 0x00000251D66A6D40 with size 48
###GetFileInfo file handle = 0x00000251D46FA6D0, eventID = 0068, event Info = 0x00000251D46FACD0
	result =  0
	FileBasicInformation
	DispatchQueryInformation result =  0
Dokan Information: SendAndPullEventInformation() with NTSTATUS 0x0, context 0xd46fa6d0, and result object 0x00000251D66A6D40 with size 80
###Read file handle = 0x00000251D46F9E50, eventID = 0067, event Info = 0x00000251D4725700
###QueryVolumeInfo file handle = 0x00000251D46FA6D0, eventID = 0068, event Info = 0x00000251D46FACD0
[GetVolumeInformation]
Dokan Information: SendAndPullEventInformation() with NTSTATUS 0x0, context 0xd46f9e50, and result object 0x00000251D66F00D0 with size 524328
Dokan Information: SendAndPullEventInformation() with NTSTATUS 0x0, context 0xd46fa6d0, and result object 0x00000251D66A6D40 with size 68
###GetFileInfo file handle = 0x00000251D46FA6D0, eventID = 0068, event Info = 0x00000251D4725700
	result =  0
	FileStandardInformation
	DispatchQueryInformation result =  0
Dokan Information: SendAndPullEventInformation() with NTSTATUS 0x0, context 0xd46fa6d0, and result object 0x00000251D47C1720 with size 64
###Read file handle = 0x00000251D46F9E50, eventID = 0067, event Info = 0x00000251D4725700
###Read file handle = 0x00000251D46FA6D0, eventID = 0068, event Info = 0x00000251D46FACD0
Dokan Information: SendAndPullEventInformation() with NTSTATUS 0x0, context 0xd46f9e50, and result object 0x00000251D66F00D0 with size 524328
Dokan Information: SendAndPullEventInformation() with NTSTATUS 0x0, context 0xd46fa6d0, and result object 0x00000251D66E00A0 with size 65576
###Read file handle = 0x00000251D46FA6D0, eventID = 0068, event Info = 0x00000251D4725700
Dokan Information: SendAndPullEventInformation() with NTSTATUS 0x0, context 0xd46fa6d0, and result object 0x00000251D66F00D0 with size 65576
###Read file handle = 0x00000251D46FA6D0, eventID = 0068, event Info = 0x00000251D4725700
Dokan Information: SendAndPullEventInformation() with NTSTATUS 0x0, context 0xd46fa6d0, and result object 0x00000251D66F00D0 with size 65576
###Read file handle = 0x00000251D46F9E50, eventID = 0067, event Info = 0x00000251D4725700
###Read file handle = 0x00000251D46FA6D0, eventID = 0068, event Info = 0x00000251D46FACD0
Dokan Information: SendAndPullEventInformation() with NTSTATUS 0x0, context 0xd46f9e50, and result object 0x00000251D6700100 with size 524328
Dokan Information: SendAndPullEventInformation() with NTSTATUS 0x0, context 0xd46fa6d0, and result object 0x00000251D6780130 with size 98344
###Read file handle = 0x00000251D46FA6D0, eventID = 0068, event Info = 0x00000251D46FACD0
Dokan Information: SendAndPullEventInformation() with NTSTATUS 0x0, context 0xd46fa6d0, and result object 0x00000251D67A0160 with size 196648
###Read file handle = 0x00000251D46FA6D0, eventID = 0068, event Info = 0x00000251D46FACD0
###Read file handle = 0x00000251D46F9E50, eventID = 0067, event Info = 0x00000251D4725700
Dokan Information: SendAndPullEventInformation() with NTSTATUS 0x0, context 0xd46fa6d0, and result object 0x00000251D67A0160 with size 393256
Dokan Information: SendAndPullEventInformation() with NTSTATUS 0x0, context 0xd46f9e50, and result object 0x00000251D6700100 with size 524328
###Read file handle = 0x00000251D46FA6D0, eventID = 0068, event Info = 0x00000251D46FACD0
Dokan Information: SendAndPullEventInformation() with NTSTATUS 0x0, context 0xd46fa6d0, and result object 0x00000251D8F00080 with size 786472
###Read file handle = 0x00000251D46F9E50, eventID = 0067, event Info = 0x00000251D4725700
###Read file handle = 0x00000251D46FA6D0, eventID = 0068, event Info = 0x00000251D46FACD0
Dokan Information: SendAndPullEventInformation() with NTSTATUS 0x0, context 0xd46f9e50, and result object 0x00000251D6700100 with size 524328
Dokan Information: SendAndPullEventInformation() with NTSTATUS 0x0, context 0xd46fa6d0, and result object 0x00000251D67A0160 with size 491560
###Read file handle = 0x00000251D46FA6D0, eventID = 0068, event Info = 0x00000251D46FACD0
###Read file handle = 0x00000251D46F9E50, eventID = 0067, event Info = 0x00000251D4725700
Dokan Information: SendAndPullEventInformation() with NTSTATUS 0x0, context 0xd46fa6d0, and result object 0x00000251D930F040 with size 1048616
Dokan Information: SendAndPullEventInformation() with NTSTATUS 0x0, context 0xd46f9e50, and result object 0x00000251D6700100 with size 524328
###Read file handle = 0x00000251D46FA6D0, eventID = 0068, event Info = 0x00000251D4725700
###Read file handle = 0x00000251D46F9E50, eventID = 0067, event Info = 0x00000251D46FACD0
Dokan Information: SendAndPullEventInformation() with NTSTATUS 0x0, context 0xd46fa6d0, and result object 0x00000251D942F040 with size 1048616
Dokan Information: SendAndPullEventInformation() with NTSTATUS 0x0, context 0xd46f9e50, and result object 0x00000251D6700100 with size 524328
###Read file handle = 0x00000251D46FA6D0, eventID = 0068, event Info = 0x00000251D46FACD0
###Read file handle = 0x00000251D46F9E50, eventID = 0067, event Info = 0x00000251D4725700
Dokan Information: SendAndPullEventInformation() with NTSTATUS 0x0, context 0xd46fa6d0, and result object 0x00000251D9306040 with size 1048616
Dokan Information: SendAndPullEventInformation() with NTSTATUS 0x0, context 0xd46f9e50, and result object 0x00000251D6700100 with size 524328
###Read file handle = 0x00000251D46FA6D0, eventID = 0068, event Info = 0x00000251D4725700
###Read file handle = 0x00000251D46F9E50, eventID = 0067, event Info = 0x00000251D46FACD0
Dokan Information: SendAndPullEventInformation() with NTSTATUS 0x0, context 0xd46fa6d0, and result object 0x00000251D941D040 with size 1048616
Dokan Information: SendAndPullEventInformation() with NTSTATUS 0x0, context 0xd46f9e50, and result object 0x00000251D6700100 with size 524328
###Read file handle = 0x00000251D46FA6D0, eventID = 0068, event Info = 0x00000251D46FACD0
###Read file handle = 0x00000251D46F9E50, eventID = 0067, event Info = 0x00000251D4725700
Dokan Information: SendAndPullEventInformation() with NTSTATUS 0x0, context 0xd46fa6d0, and result object 0x00000251D9303040 with size 1048616
Dokan Information: SendAndPullEventInformation() with NTSTATUS 0x0, context 0xd46f9e50, and result object 0x00000251D6700100 with size 524328
###Read file handle = 0x00000251D46FA6D0, eventID = 0068, event Info = 0x00000251D4725700
Dokan Information: SendAndPullEventInformation() with NTSTATUS 0x0, context 0xd46fa6d0, and result object 0x00000251D9419040 with size 1048616
###Read file handle = 0x00000251D46F9E50, eventID = 0067, event Info = 0x00000251D46FACD0
Dokan Information: SendAndPullEventInformation() with NTSTATUS 0x0, context 0xd46f9e50, and result object 0x00000251D6700100 with size 524328
###Read file handle = 0x00000251D46FA6D0, eventID = 0068, event Info = 0x00000251D4725700
Dokan Information: SendAndPullEventInformation() with NTSTATUS 0x0, context 0xd46fa6d0, and result object 0x00000251D930D040 with size 1048616
###Read file handle = 0x00000251D46F9E50, eventID = 0067, event Info = 0x00000251D4725700
###Read file handle = 0x00000251D46FA6D0, eventID = 0068, event Info = 0x00000251D46FACD0
Dokan Information: SendAndPullEventInformation() with NTSTATUS 0x0, context 0xd46f9e50, and result object 0x00000251D67A0160 with size 524328
Dokan Information: SendAndPullEventInformation() with NTSTATUS 0x0, context 0xd46fa6d0, and result object 0x00000251D930D040 with size 1048616
###Read file handle = 0x00000251D46F9E50, eventID = 0067, event Info = 0x00000251D4725700
###Read file handle = 0x00000251D46FA6D0, eventID = 0068, event Info = 0x00000251D46FACD0
Dokan Information: SendAndPullEventInformation() with NTSTATUS 0x0, context 0xd46f9e50, and result object 0x00000251D6700100 with size 524328
Dokan Information: SendAndPullEventInformation() with NTSTATUS 0x0, context 0xd46fa6d0, and result object 0x00000251D9300040 with size 1048616
###Read file handle = 0x00000251D46F9E50, eventID = 0067, event Info = 0x00000251D46FACD0
###Read file handle = 0x00000251D46FA6D0, eventID = 0068, event Info = 0x00000251D4725700
Dokan Information: SendAndPullEventInformation() with NTSTATUS 0x0, context 0xd46f9e50, and result object 0x00000251D67A0160 with size 524328
Dokan Information: SendAndPullEventInformation() with NTSTATUS 0x0, context 0xd46fa6d0, and result object 0x00000251D9306040 with size 1048616
###Read file handle = 0x00000251D46F9E50, eventID = 0067, event Info = 0x00000251D4725700
###Read file handle = 0x00000251D46FA6D0, eventID = 0068, event Info = 0x00000251D46FACD0
Dokan Information: SendAndPullEventInformation() with NTSTATUS 0x0, context 0xd46f9e50, and result object 0x00000251D6700100 with size 524328
Dokan Information: SendAndPullEventInformation() with NTSTATUS 0x0, context 0xd46fa6d0, and result object 0x00000251D8F00080 with size 630824
###Read file handle = 0x00000251D46F9E50, eventID = 0067, event Info = 0x00000251D46FACD0
Dokan Information: SendAndPullEventInformation() with NTSTATUS 0x0, context 0xd46f9e50, and result object 0x00000251D67A0160 with size 172072
###Create file handle = 0x00000251D46FA5D0, eventID = 0069, event Info = 0x00000251D46FACD0
[ZwCreateFile] \gost.exe
Dokan Information: DokanEndDispatchCreate() status = 0, file handle = 0x00000251D46FA5D0, eventID = 0069, result = 0x1
Dokan Information: SendAndPullEventInformation() with NTSTATUS 0x0, context 0xd46fa5d0, and result object 0x00000251D66A6D40 with size 48
###Read file handle = 0x00000251D46F9E50, eventID = 0067, event Info = 0x00000251D46FACD0
Dokan Information: SendAndPullEventInformation() with NTSTATUS 0x0, context 0xd46f9e50, and result object 0x00000251D66A6D40 with size 4136
###Read file handle = 0x00000251D46F9E50, eventID = 0067, event Info = 0x00000251D46FACD0
Dokan Information: SendAndPullEventInformation() with NTSTATUS 0x0, context 0xd46f9e50, and result object 0x00000251D67A0160 with size 262184
###Read file handle = 0x00000251D46F9E50, eventID = 0067, event Info = 0x00000251D46FACD0
Dokan Information: SendAndPullEventInformation() with NTSTATUS 0x0, context 0xd46f9e50, and result object 0x00000251D67A0160 with size 258088
###Read file handle = 0x00000251D46F9E50, eventID = 0067, event Info = 0x00000251D46FACD0
Dokan Information: SendAndPullEventInformation() with NTSTATUS 0x0, context 0xd46f9e50, and result object 0x00000251D66A6D40 with size 4136
###Read file handle = 0x00000251D46F9E50, eventID = 0067, event Info = 0x00000251D46FACD0
Dokan Information: SendAndPullEventInformation() with NTSTATUS 0x0, context 0xd46f9e50, and result object 0x00000251D67A0160 with size 262184
###Read file handle = 0x00000251D46F9E50, eventID = 0067, event Info = 0x00000251D46FACD0
Dokan Information: SendAndPullEventInformation() with NTSTATUS 0x0, context 0xd46f9e50, and result object 0x00000251D67A0160 with size 258088
###Read file handle = 0x00000251D46F9E50, eventID = 0067, event Info = 0x00000251D46FACD0
Dokan Information: SendAndPullEventInformation() with NTSTATUS 0x0, context 0xd46f9e50, and result object 0x00000251D66A6D40 with size 4136
###Read file handle = 0x00000251D46F9E50, eventID = 0067, event Info = 0x00000251D46FACD0
Dokan Information: SendAndPullEventInformation() with NTSTATUS 0x0, context 0xd46f9e50, and result object 0x00000251D67A0160 with size 262184
###Read file handle = 0x00000251D46F9E50, eventID = 0067, event Info = 0x00000251D46FACD0
Dokan Information: SendAndPullEventInformation() with NTSTATUS 0x0, context 0xd46f9e50, and result object 0x00000251D67A0160 with size 258088
###Read file handle = 0x00000251D46F9E50, eventID = 0067, event Info = 0x00000251D46FACD0
Dokan Information: SendAndPullEventInformation() with NTSTATUS 0x0, context 0xd46f9e50, and result object 0x00000251D66A6D40 with size 4136
###Read file handle = 0x00000251D46F9E50, eventID = 0067, event Info = 0x00000251D46FACD0
Dokan Information: SendAndPullEventInformation() with NTSTATUS 0x0, context 0xd46f9e50, and result object 0x00000251D67A0160 with size 262184
###Read file handle = 0x00000251D46F9E50, eventID = 0067, event Info = 0x00000251D46FACD0
Dokan Information: SendAndPullEventInformation() with NTSTATUS 0x0, context 0xd46f9e50, and result object 0x00000251D67A0160 with size 258088
###Read file handle = 0x00000251D46F9E50, eventID = 0067, event Info = 0x00000251D46FACD0
Dokan Information: SendAndPullEventInformation() with NTSTATUS 0x0, context 0xd46f9e50, and result object 0x00000251D66A6D40 with size 4136
###Read file handle = 0x00000251D46F9E50, eventID = 0067, event Info = 0x00000251D46FACD0
Dokan Information: SendAndPullEventInformation() with NTSTATUS 0x0, context 0xd46f9e50, and result object 0x00000251D67A0160 with size 262184
###Read file handle = 0x00000251D46F9E50, eventID = 0067, event Info = 0x00000251D46FACD0
Dokan Information: SendAndPullEventInformation() with NTSTATUS 0x0, context 0xd46f9e50, and result object 0x00000251D67A0160 with size 258088
###Read file handle = 0x00000251D46F9E50, eventID = 0067, event Info = 0x00000251D46FACD0
Dokan Information: SendAndPullEventInformation() with NTSTATUS 0x0, context 0xd46f9e50, and result object 0x00000251D66A6D40 with size 4136
###Read file handle = 0x00000251D46F9E50, eventID = 0067, event Info = 0x00000251D46FACD0
Dokan Information: SendAndPullEventInformation() with NTSTATUS 0x0, context 0xd46f9e50, and result object 0x00000251D67A0160 with size 262184
###Read file handle = 0x00000251D46F9E50, eventID = 0067, event Info = 0x00000251D46FACD0
Dokan Information: SendAndPullEventInformation() with NTSTATUS 0x0, context 0xd46f9e50, and result object 0x00000251D67A0160 with size 258088
###Read file handle = 0x00000251D46F9E50, eventID = 0067, event Info = 0x00000251D46FACD0
Dokan Information: SendAndPullEventInformation() with NTSTATUS 0x0, context 0xd46f9e50, and result object 0x00000251D66A6D40 with size 4136
###Read file handle = 0x00000251D46F9E50, eventID = 0067, event Info = 0x00000251D46FACD0
Dokan Information: SendAndPullEventInformation() with NTSTATUS 0x0, context 0xd46f9e50, and result object 0x00000251D67A0160 with size 262184
###Read file handle = 0x00000251D46F9E50, eventID = 0067, event Info = 0x00000251D46FACD0
Dokan Information: SendAndPullEventInformation() with NTSTATUS 0x0, context 0xd46f9e50, and result object 0x00000251D67A0160 with size 258088
###Read file handle = 0x00000251D46F9E50, eventID = 0067, event Info = 0x00000251D46FACD0
Dokan Information: SendAndPullEventInformation() with NTSTATUS 0x0, context 0xd46f9e50, and result object 0x00000251D66A6D40 with size 4136
###Read file handle = 0x00000251D46F9E50, eventID = 0067, event Info = 0x00000251D46FACD0
Dokan Information: SendAndPullEventInformation() with NTSTATUS 0x0, context 0xd46f9e50, and result object 0x00000251D67A0160 with size 262184
###Read file handle = 0x00000251D46F9E50, eventID = 0067, event Info = 0x00000251D46FACD0
Dokan Information: SendAndPullEventInformation() with NTSTATUS 0x0, context 0xd46f9e50, and result object 0x00000251D67A0160 with size 258088
###Read file handle = 0x00000251D46F9E50, eventID = 0067, event Info = 0x00000251D46FACD0
Dokan Information: SendAndPullEventInformation() with NTSTATUS 0x0, context 0xd46f9e50, and result object 0x00000251D66A6D40 with size 4136
###Read file handle = 0x00000251D46F9E50, eventID = 0067, event Info = 0x00000251D46FACD0
Dokan Information: SendAndPullEventInformation() with NTSTATUS 0x0, context 0xd46f9e50, and result object 0x00000251D67A0160 with size 262184
###Read file handle = 0x00000251D46F9E50, eventID = 0067, event Info = 0x00000251D46FACD0
Dokan Information: SendAndPullEventInformation() with NTSTATUS 0x0, context 0xd46f9e50, and result object 0x00000251D67A0160 with size 258088
###Read file handle = 0x00000251D46F9E50, eventID = 0067, event Info = 0x00000251D46FACD0
Dokan Information: SendAndPullEventInformation() with NTSTATUS 0x0, context 0xd46f9e50, and result object 0x00000251D66A6D40 with size 4136
###Read file handle = 0x00000251D46F9E50, eventID = 0067, event Info = 0x00000251D46FACD0
Dokan Information: SendAndPullEventInformation() with NTSTATUS 0x0, context 0xd46f9e50, and result object 0x00000251D67A0160 with size 262184
###Read file handle = 0x00000251D46F9E50, eventID = 0067, event Info = 0x00000251D46FACD0
Dokan Information: SendAndPullEventInformation() with NTSTATUS 0x0, context 0xd46f9e50, and result object 0x00000251D67A0160 with size 258088
###Read file handle = 0x00000251D46F9E50, eventID = 0067, event Info = 0x00000251D46FACD0
Dokan Information: SendAndPullEventInformation() with NTSTATUS 0x0, context 0xd46f9e50, and result object 0x00000251D66A6D40 with size 4136
###Read file handle = 0x00000251D46F9E50, eventID = 0067, event Info = 0x00000251D46FACD0
Dokan Information: SendAndPullEventInformation() with NTSTATUS 0x0, context 0xd46f9e50, and result object 0x00000251D67A0160 with size 262184
###Read file handle = 0x00000251D46F9E50, eventID = 0067, event Info = 0x00000251D46FACD0
Dokan Information: SendAndPullEventInformation() with NTSTATUS 0x0, context 0xd46f9e50, and result object 0x00000251D67A0160 with size 258088
###Read file handle = 0x00000251D46F9E50, eventID = 0067, event Info = 0x00000251D46FACD0
Dokan Information: SendAndPullEventInformation() with NTSTATUS 0x0, context 0xd46f9e50, and result object 0x00000251D66A6D40 with size 4136
###Read file handle = 0x00000251D46F9E50, eventID = 0067, event Info = 0x00000251D46FACD0
Dokan Information: SendAndPullEventInformation() with NTSTATUS 0x0, context 0xd46f9e50, and result object 0x00000251D67A0160 with size 262184
###Read file handle = 0x00000251D46F9E50, eventID = 0067, event Info = 0x00000251D46FACD0
Dokan Information: SendAndPullEventInformation() with NTSTATUS 0x0, context 0xd46f9e50, and result object 0x00000251D67A0160 with size 258088
###Read file handle = 0x00000251D46F9E50, eventID = 0067, event Info = 0x00000251D46FACD0
Dokan Information: SendAndPullEventInformation() with NTSTATUS 0x0, context 0xd46f9e50, and result object 0x00000251D66A6D40 with size 4136
###Read file handle = 0x00000251D46F9E50, eventID = 0067, event Info = 0x00000251D46FACD0
Dokan Information: SendAndPullEventInformation() with NTSTATUS 0x0, context 0xd46f9e50, and result object 0x00000251D67A0160 with size 262184
###Read file handle = 0x00000251D46F9E50, eventID = 0067, event Info = 0x00000251D46FACD0
Dokan Information: SendAndPullEventInformation() with NTSTATUS 0x0, context 0xd46f9e50, and result object 0x00000251D67A0160 with size 258088
###Read file handle = 0x00000251D46F9E50, eventID = 0067, event Info = 0x00000251D46FACD0
Dokan Information: SendAndPullEventInformation() with NTSTATUS 0x0, context 0xd46f9e50, and result object 0x00000251D66A6D40 with size 4136
###Read file handle = 0x00000251D46F9E50, eventID = 0067, event Info = 0x00000251D46FACD0
Dokan Information: SendAndPullEventInformation() with NTSTATUS 0x0, context 0xd46f9e50, and result object 0x00000251D67A0160 with size 262184
###Read file handle = 0x00000251D46F9E50, eventID = 0067, event Info = 0x00000251D46FACD0
Dokan Information: SendAndPullEventInformation() with NTSTATUS 0x0, context 0xd46f9e50, and result object 0x00000251D67A0160 with size 258088
###Read file handle = 0x00000251D46F9E50, eventID = 0067, event Info = 0x00000251D46FACD0
Dokan Information: SendAndPullEventInformation() with NTSTATUS 0x0, context 0xd46f9e50, and result object 0x00000251D66A6D40 with size 4136
###Read file handle = 0x00000251D46F9E50, eventID = 0067, event Info = 0x00000251D46FACD0
Dokan Information: SendAndPullEventInformation() with NTSTATUS 0x0, context 0xd46f9e50, and result object 0x00000251D67A0160 with size 262184
###Read file handle = 0x00000251D46F9E50, eventID = 0067, event Info = 0x00000251D46FACD0
Dokan Information: SendAndPullEventInformation() with NTSTATUS 0x0, context 0xd46f9e50, and result object 0x00000251D67A0160 with size 258088
###Read file handle = 0x00000251D46F9E50, eventID = 0067, event Info = 0x00000251D46FACD0
Dokan Information: SendAndPullEventInformation() with NTSTATUS 0x0, context 0xd46f9e50, and result object 0x00000251D66A6D40 with size 4136
###Read file handle = 0x00000251D46F9E50, eventID = 0067, event Info = 0x00000251D46FACD0
Dokan Information: SendAndPullEventInformation() with NTSTATUS 0x0, context 0xd46f9e50, and result object 0x00000251D67A0160 with size 262184
###Read file handle = 0x00000251D46F9E50, eventID = 0067, event Info = 0x00000251D46FACD0
Dokan Information: SendAndPullEventInformation() with NTSTATUS 0x0, context 0xd46f9e50, and result object 0x00000251D67A0160 with size 258088
###Read file handle = 0x00000251D46F9E50, eventID = 0067, event Info = 0x00000251D46FACD0
Dokan Information: SendAndPullEventInformation() with NTSTATUS 0x0, context 0xd46f9e50, and result object 0x00000251D66A6D40 with size 4136
###Read file handle = 0x00000251D46F9E50, eventID = 0067, event Info = 0x00000251D46FACD0
Dokan Information: SendAndPullEventInformation() with NTSTATUS 0x0, context 0xd46f9e50, and result object 0x00000251D67A0160 with size 262184
###Read file handle = 0x00000251D46F9E50, eventID = 0067, event Info = 0x00000251D46FACD0
Dokan Information: SendAndPullEventInformation() with NTSTATUS 0x0, context 0xd46f9e50, and result object 0x00000251D67A0160 with size 258088
###Read file handle = 0x00000251D46F9E50, eventID = 0067, event Info = 0x00000251D46FACD0
Dokan Information: SendAndPullEventInformation() with NTSTATUS 0x0, context 0xd46f9e50, and result object 0x00000251D66A6D40 with size 4136
###Read file handle = 0x00000251D46F9E50, eventID = 0067, event Info = 0x00000251D46FACD0
Dokan Information: SendAndPullEventInformation() with NTSTATUS 0x0, context 0xd46f9e50, and result object 0x00000251D67A0160 with size 262184
###Read file handle = 0x00000251D46F9E50, eventID = 0067, event Info = 0x00000251D46FACD0
Dokan Information: SendAndPullEventInformation() with NTSTATUS 0x0, context 0xd46f9e50, and result object 0x00000251D67A0160 with size 258088
###Read file handle = 0x00000251D46F9E50, eventID = 0067, event Info = 0x00000251D46FACD0
Dokan Information: SendAndPullEventInformation() with NTSTATUS 0x0, context 0xd46f9e50, and result object 0x00000251D66A6D40 with size 4136
###Read file handle = 0x00000251D46F9E50, eventID = 0067, event Info = 0x00000251D46FACD0
Dokan Information: SendAndPullEventInformation() with NTSTATUS 0x0, context 0xd46f9e50, and result object 0x00000251D67A0160 with size 262184
###Read file handle = 0x00000251D46F9E50, eventID = 0067, event Info = 0x00000251D46FACD0
Dokan Information: SendAndPullEventInformation() with NTSTATUS 0x0, context 0xd46f9e50, and result object 0x00000251D67A0160 with size 258088
###Read file handle = 0x00000251D46F9E50, eventID = 0067, event Info = 0x00000251D46FACD0
Dokan Information: SendAndPullEventInformation() with NTSTATUS 0x0, context 0xd46f9e50, and result object 0x00000251D66A6D40 with size 4136
###Read file handle = 0x00000251D46F9E50, eventID = 0067, event Info = 0x00000251D46FACD0
Dokan Information: SendAndPullEventInformation() with NTSTATUS 0x0, context 0xd46f9e50, and result object 0x00000251D67A0160 with size 262184
###Read file handle = 0x00000251D46F9E50, eventID = 0067, event Info = 0x00000251D46FACD0
Dokan Information: SendAndPullEventInformation() with NTSTATUS 0x0, context 0xd46f9e50, and result object 0x00000251D67A0160 with size 258088
###Read file handle = 0x00000251D46F9E50, eventID = 0067, event Info = 0x00000251D46FACD0
Dokan Information: SendAndPullEventInformation() with NTSTATUS 0x0, context 0xd46f9e50, and result object 0x00000251D66A6D40 with size 4136
###Read file handle = 0x00000251D46F9E50, eventID = 0067, event Info = 0x00000251D46FACD0
Dokan Information: SendAndPullEventInformation() with NTSTATUS 0x0, context 0xd46f9e50, and result object 0x00000251D67A0160 with size 262184
###Read file handle = 0x00000251D46F9E50, eventID = 0067, event Info = 0x00000251D46FACD0
Dokan Information: SendAndPullEventInformation() with NTSTATUS 0x0, context 0xd46f9e50, and result object 0x00000251D67A0160 with size 258088
###Read file handle = 0x00000251D46F9E50, eventID = 0067, event Info = 0x00000251D46FACD0
Dokan Information: SendAndPullEventInformation() with NTSTATUS 0x0, context 0xd46f9e50, and result object 0x00000251D66A6D40 with size 4136
###Read file handle = 0x00000251D46F9E50, eventID = 0067, event Info = 0x00000251D46FACD0
Dokan Information: SendAndPullEventInformation() with NTSTATUS 0x0, context 0xd46f9e50, and result object 0x00000251D67A0160 with size 262184
###Read file handle = 0x00000251D46F9E50, eventID = 0067, event Info = 0x00000251D46FACD0
Dokan Information: SendAndPullEventInformation() with NTSTATUS 0x0, context 0xd46f9e50, and result object 0x00000251D67A0160 with size 258088
###Read file handle = 0x00000251D46F9E50, eventID = 0067, event Info = 0x00000251D46FACD0
Dokan Information: SendAndPullEventInformation() with NTSTATUS 0x0, context 0xd46f9e50, and result object 0x00000251D66A6D40 with size 4136
###Read file handle = 0x00000251D46F9E50, eventID = 0067, event Info = 0x00000251D46FACD0
Dokan Information: SendAndPullEventInformation() with NTSTATUS 0x0, context 0xd46f9e50, and result object 0x00000251D67A0160 with size 262184
###Read file handle = 0x00000251D46F9E50, eventID = 0067, event Info = 0x00000251D46FACD0
Dokan Information: SendAndPullEventInformation() with NTSTATUS 0x0, context 0xd46f9e50, and result object 0x00000251D67A0160 with size 258088
###Read file handle = 0x00000251D46F9E50, eventID = 0067, event Info = 0x00000251D46FACD0
Dokan Information: SendAndPullEventInformation() with NTSTATUS 0x0, context 0xd46f9e50, and result object 0x00000251D66A6D40 with size 4136
###Read file handle = 0x00000251D46F9E50, eventID = 0067, event Info = 0x00000251D46FACD0
Dokan Information: SendAndPullEventInformation() with NTSTATUS 0x0, context 0xd46f9e50, and result object 0x00000251D67A0160 with size 262184
###Read file handle = 0x00000251D46F9E50, eventID = 0067, event Info = 0x00000251D46FACD0
Dokan Information: SendAndPullEventInformation() with NTSTATUS 0x0, context 0xd46f9e50, and result object 0x00000251D67A0160 with size 258088
###Read file handle = 0x00000251D46F9E50, eventID = 0067, event Info = 0x00000251D46FACD0
Dokan Information: SendAndPullEventInformation() with NTSTATUS 0x0, context 0xd46f9e50, and result object 0x00000251D66A6D40 with size 4136
###Read file handle = 0x00000251D46F9E50, eventID = 0067, event Info = 0x00000251D46FACD0
Dokan Information: SendAndPullEventInformation() with NTSTATUS 0x0, context 0xd46f9e50, and result object 0x00000251D67A0160 with size 262184
###Read file handle = 0x00000251D46F9E50, eventID = 0067, event Info = 0x00000251D46FACD0
Dokan Information: SendAndPullEventInformation() with NTSTATUS 0x0, context 0xd46f9e50, and result object 0x00000251D67A0160 with size 258088
###Read file handle = 0x00000251D46F9E50, eventID = 0067, event Info = 0x00000251D46FACD0
Dokan Information: SendAndPullEventInformation() with NTSTATUS 0x0, context 0xd46f9e50, and result object 0x00000251D66A6D40 with size 4136
###Read file handle = 0x00000251D46F9E50, eventID = 0067, event Info = 0x00000251D46FACD0
Dokan Information: SendAndPullEventInformation() with NTSTATUS 0x0, context 0xd46f9e50, and result object 0x00000251D67A0160 with size 167976
###Cleanup file handle = 0x00000251D46FA5D0, eventID = 0069, event Info = 0x00000251D46FACD0
Dokan Information: SendAndPullEventInformation() with NTSTATUS 0x0, context 0xd46fa5d0, and result object 0x00000251D66A6D40 with size 48
###Close file handle = 0x00000251D46FA5D0, eventID = 0069, event Info = 0x00000251D46FACD0
###Read file handle = 0x00000251D46F9E50, eventID = 0067, event Info = 0x00000251D4725700
[Close] \gost.exe
[Close-flush] 'gost.exe' len=13279232
Dokan Information: SendAndPullEventInformation() with NTSTATUS 0x0, context 0xd46f9e50, and result object 0x00000251D66A6D40 with size 4136
###Read file handle = 0x00000251D46F9E50, eventID = 0067, event Info = 0x00000251D4725700
Dokan Information: SendAndPullEventInformation() with NTSTATUS 0x0, context 0xd46f9e50, and result object 0x00000251D66A6D40 with size 4136
###Read file handle = 0x00000251D46F9E50, eventID = 0067, event Info = 0x00000251D4725700
Dokan Information: SendAndPullEventInformation() with NTSTATUS 0x0, context 0xd46f9e50, and result object 0x00000251D66A6D40 with size 4136
###Read file handle = 0x00000251D46F9E50, eventID = 0067, event Info = 0x00000251D4725700
Dokan Information: SendAndPullEventInformation() with NTSTATUS 0x0, context 0xd46f9e50, and result object 0x00000251D66A6D40 with size 4136
###Read file handle = 0x00000251D46F9E50, eventID = 0067, event Info = 0x00000251D4725700
Dokan Information: SendAndPullEventInformation() with NTSTATUS 0x0, context 0xd46f9e50, and result object 0x00000251D66A6D40 with size 4136
###Read file handle = 0x00000251D46F9E50, eventID = 0067, event Info = 0x00000251D4725700
Dokan Information: SendAndPullEventInformation() with NTSTATUS 0x0, context 0xd46f9e50, and result object 0x00000251D66A6D40 with size 4136
###Read file handle = 0x00000251D46F9E50, eventID = 0067, event Info = 0x00000251D4725700
Dokan Information: SendAndPullEventInformation() with NTSTATUS 0x0, context 0xd46f9e50, and result object 0x00000251D66A6D40 with size 4136
###Read file handle = 0x00000251D46F9E50, eventID = 0067, event Info = 0x00000251D4725700
Dokan Information: SendAndPullEventInformation() with NTSTATUS 0x0, context 0xd46f9e50, and result object 0x00000251D66A6D40 with size 4136
###Read file handle = 0x00000251D46F9E50, eventID = 0067, event Info = 0x00000251D4725700
Dokan Information: SendAndPullEventInformation() with NTSTATUS 0x0, context 0xd46f9e50, and result object 0x00000251D66A6D40 with size 4136
###Read file handle = 0x00000251D46F9E50, eventID = 0067, event Info = 0x00000251D4725700
Dokan Information: SendAndPullEventInformation() with NTSTATUS 0x0, context 0xd46f9e50, and result object 0x00000251D66A6D40 with size 4136
###Read file handle = 0x00000251D46F9E50, eventID = 0067, event Info = 0x00000251D4725700
Dokan Information: SendAndPullEventInformation() with NTSTATUS 0x0, context 0xd46f9e50, and result object 0x00000251D66A6D40 with size 4136
###Read file handle = 0x00000251D46F9E50, eventID = 0067, event Info = 0x00000251D4725700
Dokan Information: SendAndPullEventInformation() with NTSTATUS 0x0, context 0xd46f9e50, and result object 0x00000251D66A6D40 with size 4136
###Read file handle = 0x00000251D46F9E50, eventID = 0067, event Info = 0x00000251D4725700
Dokan Information: SendAndPullEventInformation() with NTSTATUS 0x0, context 0xd46f9e50, and result object 0x00000251D66A6D40 with size 4136
###Read file handle = 0x00000251D46F9E50, eventID = 0067, event Info = 0x00000251D4725700
Dokan Information: SendAndPullEventInformation() with NTSTATUS 0x0, context 0xd46f9e50, and result object 0x00000251D66A6D40 with size 4136
###Read file handle = 0x00000251D46F9E50, eventID = 0067, event Info = 0x00000251D4725700
Dokan Information: SendAndPullEventInformation() with NTSTATUS 0x0, context 0xd46f9e50, and result object 0x00000251D66A6D40 with size 4136
###Read file handle = 0x00000251D46F9E50, eventID = 0067, event Info = 0x00000251D4725700
Dokan Information: SendAndPullEventInformation() with NTSTATUS 0x0, context 0xd46f9e50, and result object 0x00000251D66A6D40 with size 4136
###Read file handle = 0x00000251D46F9E50, eventID = 0067, event Info = 0x00000251D4725700
Dokan Information: SendAndPullEventInformation() with NTSTATUS 0x0, context 0xd46f9e50, and result object 0x00000251D6700100 with size 458792
###Read file handle = 0x00000251D46F9E50, eventID = 0067, event Info = 0x00000251D4725700
Dokan Information: SendAndPullEventInformation() with NTSTATUS 0x0, context 0xd46f9e50, and result object 0x00000251D6700100 with size 524328
###Read file handle = 0x00000251D46F9E50, eventID = 0067, event Info = 0x00000251D4725700
Dokan Information: SendAndPullEventInformation() with NTSTATUS 0x0, context 0xd46f9e50, and result object 0x00000251D6700100 with size 524328
###Read file handle = 0x00000251D46F9E50, eventID = 0067, event Info = 0x00000251D4725700
Dokan Information: SendAndPullEventInformation() with NTSTATUS 0x0, context 0xd46f9e50, and result object 0x00000251D6700100 with size 524328
###Read file handle = 0x00000251D46F9E50, eventID = 0067, event Info = 0x00000251D4725700
Dokan Information: SendAndPullEventInformation() with NTSTATUS 0x0, context 0xd46f9e50, and result object 0x00000251D6700100 with size 524328
###Read file handle = 0x00000251D46F9E50, eventID = 0067, event Info = 0x00000251D4725700
Dokan Information: SendAndPullEventInformation() with NTSTATUS 0x0, context 0xd46f9e50, and result object 0x00000251D6700100 with size 524328
###Read file handle = 0x00000251D46F9E50, eventID = 0067, event Info = 0x00000251D4725700
Dokan Information: SendAndPullEventInformation() with NTSTATUS 0x0, context 0xd46f9e50, and result object 0x00000251D6700100 with size 524328
###Read file handle = 0x00000251D46F9E50, eventID = 0067, event Info = 0x00000251D4725700
Dokan Information: SendAndPullEventInformation() with NTSTATUS 0x0, context 0xd46f9e50, and result object 0x00000251D6700100 with size 524328
###Read file handle = 0x00000251D46F9E50, eventID = 0067, event Info = 0x00000251D4725700
###GetFileInfo file handle = 0x00000251D46FA6D0, eventID = 0068, event Info = 0x00000251D46FACD0
Dokan Information: SendAndPullEventInformation() with NTSTATUS 0x0, context 0xd46f9e50, and result object 0x00000251D6700100 with size 524328
	result =  0
	FileStandardInformation
	DispatchQueryInformation result =  0
Dokan Information: SendAndPullEventInformation() with NTSTATUS 0x0, context 0xd46fa6d0, and result object 0x00000251D66A6D40 with size 64
###GetFileInfo file handle = 0x00000251D46FA6D0, eventID = 0068, event Info = 0x00000251D46FACD0
	result =  0
	FileBasicInformation
	DispatchQueryInformation result =  0
Dokan Information: SendAndPullEventInformation() with NTSTATUS 0x0, context 0xd46fa6d0, and result object 0x00000251D66A6D40 with size 80
###GetFileInfo file handle = 0x00000251D46FA6D0, eventID = 0068, event Info = 0x00000251D46FACD0
	result =  0
	FileStandardInformation
	DispatchQueryInformation result =  0
Dokan Information: SendAndPullEventInformation() with NTSTATUS 0x0, context 0xd46fa6d0, and result object 0x00000251D66A6D40 with size 64
###Read file handle = 0x00000251D46F9E50, eventID = 0067, event Info = 0x00000251D46FACD0
###Read file handle = 0x00000251D46FA6D0, eventID = 0068, event Info = 0x00000251D4725700
Dokan Information: SendAndPullEventInformation() with NTSTATUS 0x0, context 0xd46f9e50, and result object 0x00000251D67A0160 with size 524328
###Read file handle = 0x00000251D46F9E50, eventID = 0067, event Info = 0x00000251D46FACD0
Dokan Information: SendAndPullEventInformation() with NTSTATUS 0x0, context 0xd46fa6d0, and result object 0x00000251D9308040 with size 13279272
Dokan Information: SendAndPullEventInformation() with NTSTATUS 0x0, context 0xd46f9e50, and result object 0x00000251D6700100 with size 524328
###Cleanup file handle = 0x00000251D46FA6D0, eventID = 0068, event Info = 0x00000251D46FACD0
Dokan Information: SendAndPullEventInformation() with NTSTATUS 0x0, context 0xd46fa6d0, and result object 0x00000251D66A6D40 with size 48
###Read file handle = 0x00000251D46F9E50, eventID = 0067, event Info = 0x00000251D4725700
###Close file handle = 0x00000251D46FA6D0, eventID = 0068, event Info = 0x00000251D46FACD0
[Close] \gostDokan Information: SendAndPullEventInformation() with NTSTATUS 0x0, context 0xd46f9e50, and result object 0x00000251D6700100 with size 524328
.exe
[Close-flush] 'gost.exe' len=13279232
###Read file handle = 0x00000251D46F9E50, eventID = 0067, event Info = 0x00000251D4725700
Dokan Information: SendAndPullEventInformation() with NTSTATUS 0x0, context 0xd46f9e50, and result object 0x00000251D6700100 with size 524328
###Read file handle = 0x00000251D46F9E50, eventID = 0067, event Info = 0x00000251D4725700
Dokan Information: SendAndPullEventInformation() with NTSTATUS 0x0, context 0xd46f9e50, and result object 0x00000251D6700100 with size 524328
###Read file handle = 0x00000251D46F9E50, eventID = 0067, event Info = 0x00000251D4725700
Dokan Information: SendAndPullEventInformation() with NTSTATUS 0x0, context 0xd46f9e50, and result object 0x00000251D6700100 with size 524328
###Read file handle = 0x00000251D46F9E50, eventID = 0067, event Info = 0x00000251D4725700
Dokan Information: SendAndPullEventInformation() with NTSTATUS 0x0, context 0xd46f9e50, and result object 0x00000251D6700100 with size 524328
###Read file handle = 0x00000251D46F9E50, eventID = 0067, event Info = 0x00000251D4725700
Dokan Information: SendAndPullEventInformation() with NTSTATUS 0x0, context 0xd46f9e50, and result object 0x00000251D6700100 with size 524328
###Read file handle = 0x00000251D46F9E50, eventID = 0067, event Info = 0x00000251D4725700
Dokan Information: SendAndPullEventInformation() with NTSTATUS 0x0, context 0xd46f9e50, and result object 0x00000251D6700100 with size 524328
###Read file handle = 0x00000251D46F9E50, eventID = 0067, event Info = 0x00000251D4725700
Dokan Information: SendAndPullEventInformation() with NTSTATUS 0x0, context 0xd46f9e50, and result object 0x00000251D6700100 with size 524328
###Read file handle = 0x00000251D46F9E50, eventID = 0067, event Info = 0x00000251D4725700
Dokan Information: SendAndPullEventInformation() with NTSTATUS 0x0, context 0xd46f9e50, and result object 0x00000251D6700100 with size 524328
###Read file handle = 0x00000251D46F9E50, eventID = 0067, event Info = 0x00000251D4725700
Dokan Information: SendAndPullEventInformation() with NTSTATUS 0x0, context 0xd46f9e50, and result object 0x00000251D6700100 with size 524328
###Read file handle = 0x00000251D46F9E50, eventID = 0067, event Info = 0x00000251D4725700
Dokan Information: SendAndPullEventInformation() with NTSTATUS 0x0, context 0xd46f9e50, and result object 0x00000251D6700100 with size 524328
###Read file handle = 0x00000251D46F9E50, eventID = 0067, event Info = 0x00000251D4725700
Dokan Information: SendAndPullEventInformation() with NTSTATUS 0x0, context 0xd46f9e50, and result object 0x00000251D6700100 with size 524328
