Dokan: debug mode on
Dokan: use stderr
AllocationUnitSize: 512 SectorSize: 512
Global device opened
Dokan: Using 12 main pull threads with ipc batching: 0
Dokan Information: mounted: Y: -> \Volume{d6cc17c5-1747-4085-bce7-964f1e9f5de9}
[Mounted]
###QueryVolumeInfo file handle = 0x0000000000000000, eventID = -001, event Info = 0x000002D6512EB0F0
[GetVolumeInformation]
###QueryVolumeInfo file handle = 0x0000000000000000, eventID = -001, event Info = 0x000002D6512EB010
[GetVolumeInformation]
Dokan Information: SendAndPullEventInformation() with NTSTATUS 0x0, context 0x0, and result object 0x000002D6530DC1E0 with size 64
Dokan Information: SendAndPullEventInformation() with NTSTATUS 0x80000005, context 0x0, and result object 0x000002D6530DD210 with size 56
###Create file handle = 0x000002D6512EA680, eventID = 0001, event Info = 0x000002D6512EB010
[ZwCreateFile] \
Dokan Information: DokanEndDispatchCreate() status = 0, file handle = 0x000002D6512EA680, eventID = 0001, result = 0x1
Dokan Information: SendAndPullEventInformation() with NTSTATUS 0x0, context 0x512ea680, and result object 0x000002D6530DD210 with size 48
###GetFileInfo file handle = 0x000002D6512EA680, eventID = 0001, event Info = 0x000002D6512EB010
	result =  0
  unknown type:54
	DispatchQueryInformation result =  c000000d
Dokan Information: SendAndPullEventInformation() with NTSTATUS 0xc000000d, context 0x512ea680, and result object 0x000002D6530DD210 with size 48
###GetFileInfo file handle = 0x000002D6512EA680, eventID = 0001, event Info = 0x000002D6512EB010
	result =  0
	FileStandardInformation
	DispatchQueryInformation result =  0
Dokan Information: SendAndPullEventInformation() with NTSTATUS 0x0, context 0x512ea680, and result object 0x000002D6530DD210 with size 64
###QueryVolumeInfo file handle = 0x000002D6512EA680, eventID = 0001, event Info = 0x000002D6512EB010
[GetVolumeInformation]
Dokan Information: SendAndPullEventInformation() with NTSTATUS 0x0, context 0x512ea680, and result object 0x000002D6530DD210 with size 74
###Cleanup file handle = 0x000002D6512EA680, eventID = 0001, event Info = 0x000002D6512EB010
Dokan Information: SendAndPullEventInformation() with NTSTATUS 0x0, context 0x512ea680, and result object 0x000002D6530DD210 with size 48
###Close file handle = 0x000002D6512EA680, eventID = 0001, event Info = 0x000002D6512EB010
[Close] \
###Create file handle = 0x000002D6512EA680, eventID = 0002, event Info = 0x000002D6512EB010
[ZwCreateFile] \
Dokan Information: DokanEndDispatchCreate() status = 0, file handle = 0x000002D6512EA680, eventID = 0002, result = 0x1
Dokan Information: SendAndPullEventInformation() with NTSTATUS 0x0, context 0x512ea680, and result object 0x000002D6530DD210 with size 48
###GetFileInfo file handle = 0x000002D6512EA680, eventID = 0002, event Info = 0x000002D6512EB010
	result =  0
	FileStandardInformation
	DispatchQueryInformation result =  0
Dokan Information: SendAndPullEventInformation() with NTSTATUS 0x0, context 0x512ea680, and result object 0x000002D6530DD210 with size 64
###QueryVolumeInfo file handle = 0x000002D6512EA680, eventID = 0002, event Info = 0x000002D6512EB010
[GetVolumeInformation]
Dokan Information: SendAndPullEventInformation() with NTSTATUS 0x0, context 0x512ea680, and result object 0x000002D6530DD210 with size 74
###Cleanup file handle = 0x000002D6512EA680, eventID = 0002, event Info = 0x000002D6512EB010
Dokan Information: SendAndPullEventInformation() with NTSTATUS 0x0, context 0x512ea680, and result object 0x000002D6530DD210 with size 48
###Close file handle = 0x000002D6512EA680, eventID = 0002, event Info = 0x000002D6512EB010
[Close] \
###Create file handle = 0x000002D6512EA680, eventID = 0003, event Info = 0x000002D65130C000
[ZwCreateFile] \
Dokan Information: DokanEndDispatchCreate() status = 0, file handle = 0x000002D6512EA680, eventID = 0003, result = 0x1
Dokan Information: SendAndPullEventInformation() with NTSTATUS 0x0, context 0x512ea680, and result object 0x000002D6530DD210 with size 48
###QueryVolumeInfo file handle = 0x000002D6512EA680, eventID = 0003, event Info = 0x000002D65130C000
[GetVolumeInformation]
Dokan Information: SendAndPullEventInformation() with NTSTATUS 0x0, context 0x512ea680, and result object 0x000002D6530DD210 with size 74
###QueryVolumeInfo file handle = 0x000002D6512EA680, eventID = 0003, event Info = 0x000002D65130C000
[GetVolumeInformation]
Dokan Information: SendAndPullEventInformation() with NTSTATUS 0x0, context 0x512ea680, and result object 0x000002D6530DD210 with size 68
###Cleanup file handle = 0x000002D6512EA680, eventID = 0003, event Info = 0x000002D65130C000
Dokan Information: SendAndPullEventInformation() with NTSTATUS 0x0, context 0x512ea680, and result object 0x000002D6530DD210 with size 48
###Close file handle = 0x000002D6512EA680, eventID = 0003, event Info = 0x000002D65130C000
[Close] \
###Create file handle = 0x000002D6512EA680, eventID = 0004, event Info = 0x000002D65130B430
[ZwCr###Create file handle = 0x000002D6512EAA80, eventID = 0005, event Info = 0x000002D65130C000
eateFile] \
[ZwDokan Information: DokanEndDispatchCreate() status = 0, file handle = 0x000002D6512EA680, eventID = 0004, result = 0x1
CreateFile] \
Dokan Information: SendAndPullEventInformation() with NTSTATUS 0x0, context 0x512ea680, and result object 0x000002D6530DD210 with size 48
Dokan Information: DokanEndDispatchCreate() status = 0, file handle = 0x000002D6512EAA80, eventID = 0005, result = 0x1
Dokan Information: SendAndPullEventInformation() with NTSTATUS 0x0, context 0x512eaa80, and result object 0x000002D6531C8370 with size 48
###GetFileInfo file handle = 0x000002D6512EA680, eventID = 0004, event Info = 0x000002D65130B430
###QueryVolumeInfo file handle = 0x000002D6512EAA80, eventID = 0005, event Info = 0x000002D65130C000
[GetVolumeInformation]
	result =  0
	FileBasicInformation
	DispatchQueryInformation result =  0
Dokan Information: SendAndPullEventInformation() with NTSTATUS 0x0, context 0x512ea680, and result object 0x000002D6530DD210 with size 80
Dokan Information: SendAndPullEventInformation() with NTSTATUS 0x0, context 0x512eaa80, and result object 0x000002D6531C8370 with size 74
###Cleanup file handle = 0x000002D6512EA680, eventID = 0004, event Info = 0x000002D65130B430
###QueryVolumeInfo file handle = 0x000002D6512EAA80, eventID = 0005, event Info = 0x000002D65130C000
[GetVolumeInformation]
Dokan Information: SendAndPullEventInformation() with NTSTATUS 0x0, context 0x512ea680, and result object 0x000002D6530DD210 with size 48
Dokan Information: SendAndPullEventInformation() with NTSTATUS 0x0, context 0x512eaa80, and result object 0x000002D6531C8370 with size 68
###Close file handle = 0x000002D6512EA680, eventID = 0004, event Info = 0x000002D65130B430
[Close] \
###Cleanup file handle = 0x000002D6512EAA80, eventID = 0005, event Info = 0x000002D65130C000
###Create file handle = 0x000002D6512EA780, eventID = 0006, event Info = 0x000002D65130C230
[ZwCreateFile] \
Dokan Information: SendAndPullEventInformation() with NTSTATUS 0x0, context 0x512eaa80, and result object 0x000002D6531C8370 with size 48
Dokan Information: DokanEndDispatchCreate() status = 0, file handle = 0x000002D6512EA780, eventID = 0006, result = 0x1
###Close file handle = 0x000002D6512EAA80, eventID = 0005, event Info = 0x000002D65130C000
[Close] \
###Create file handle = 0x000002D6512EA680, eventID = 0007, event Info = 0x000002D65130B430
[Dokan Information: SendAndPullEventInformation() with NTSTATUS 0x0, context 0x512ea780, and result object 0x000002D6530DD210 with size 48
ZwCr###QueryVolumeInfo file handle = 0x000002D6512EA780, eventID = 0006, event Info = 0x000002D65130C230
eateFile] \
[GetVolumeInformation]
Dokan Information: DokanEndDispatchCreate() status = 0, file handle = 0x000002D6512EA680, eventID = 0007, result = 0x1
Dokan Information: SendAndPullEventInformation() with NTSTATUS 0x0, context 0x512ea780, and result object 0x000002D6530DD210 with size 74
Dokan Information: SendAndPullEventInformation() with NTSTATUS 0x0, context 0x512ea680, and result object 0x000002D6531C8370 with size 48
###QueryVolumeInfo file handle = 0x000002D6512EA780, eventID = 0006, event Info = 0x000002D65130C230
[GetVolumeInfo###QueryVolumeInfo file handle = 0x000002D6512EA680, eventID = 0007, event Info = 0x000002D65130B430
rmation]
Dokan Information: SendAndPullEventInformation() with NTSTATUS 0x0, context 0x512ea680, and result object 0x000002D6531C8370 with size 64
Dokan Information: SendAndPullEventInformation() with NTSTATUS 0x0, context 0x512ea780, and result object 0x000002D6530DD210 with size 68
###Cleanup file handle = 0x000002D6512EA680, eventID = 0007, event Info = 0x000002D65130B430
Dokan Information: SendAndPullEventInformation() with NTSTATUS 0x0, context 0x512ea680, and result object 0x000002D6531C8370 with size 48
###Cleanup file handle = 0x000002D6512EA780, eventID = 0006, event Info = 0x000002D65130C230
###Close file handle = 0x000002D6512EA680, eventID = 0007, event Info = 0x000002D65130B430
[Close]###Create file handle = 0x000002D6512EAA80, eventID = 0008, event Info = 0x000002D65130C000
Dokan Information: SendAndPullEventInformation() with NTSTATUS 0x0, context 0x512ea780, and result object 0x000002D6530DD210 with size 48
 \
###Close file handle = 0x000002D6512EA780, eventID = 0006, event Info = 0x000002D65130C230
[ZwCreateFile] \
###Create file handle = 0x000002D6512EA680, eventID = 0009, event Info = 0x000002D6512EB010
[Close] \
Dokan Information: DokanEndDispatchCreate() status = 0, file handle = 0x000002D6512EAA80, eventID = 0008, result = 0x1
[ZwCreateFile] \
Dokan Information: SendAndPullEventInformation() with NTSTATUS 0x0, context 0x512eaa80, and result object 0x000002D6531C8370 with size 48
Dokan Information: DokanEndDispatchCreate() status = 0, file handle = 0x000002D6512EA680, eventID = 0009, result = 0x1
Dokan Information: SendAndPullEventInformation() with NTSTATUS 0x0, context 0x512ea680, and result object 0x000002D6530DD210 with size 48
###Cleanup file handle = 0x000002D6512EAA80, eventID = 0008, event Info = 0x000002D65130C000
###QueryVolumeInfo file handle = 0x000002D6512EA680, eventID = 0009, event Info = 0x000002D6512EB010
Dokan Information: SendAndPullEventInformation() with NTSTATUS 0x0, context 0x512eaa80, and result object 0x000002D6531C8370 with size 48
Dokan Information: SendAndPullEventInformation() with NTSTATUS 0x0, context 0x512ea680, and result object 0x000002D6530DD210 with size 64
###Close file handle = 0x000002D6512EAA80, eventID = 0008, event Info = 0x000002D65130C000
[Close] \
###Cleanup file handle = 0x000002D6512EA680, eventID = 0009, event Info = 0x000002D6512EB010
Dokan Information: SendAndPullEventInformation() with NTSTATUS 0x0, context 0x512ea680, and result object 0x000002D6530DD210 with size 48
###Create file handle = 0x000002D6512EAA80, eventID = 0010, event Info = 0x000002D65130C230
[ZwCreateFile] \
###Close file handle = 0x000002D6512EA680, eventID = 0009, event Info = 0x000002D6512EB010
[Close] \
###Create file handle = 0x000002D6512EA780, eventID = 0011, event Info = 0x000002D65130C000
[ZwCreateFile] \
Dokan Information: DokanEndDispatchCreate() status = 0, file handle = 0x000002D6512EAA80, eventID = 0010, result = 0x1
Dokan Information: DokanEndDispatchCreate() status = 0, file handle = 0x000002D6512EA780, eventID = 0011, result = 0x1
Dokan Information: SendAndPullEventInformation() with NTSTATUS 0x0, context 0x512eaa80, and result object 0x000002D6531C8370 with size 48
Dokan Information: SendAndPullEventInformation() with NTSTATUS 0x0, context 0x512ea780, and result object 0x000002D6530DD210 with size 48
###QueryVolumeInfo file handle = 0x000002D6512EAA80, eventID = 0010, event Info = 0x000002D65130C230
[GetVolumeInformation]
###GetFileInfo file handle = 0x000002D6512EA780, eventID = 0011, event Info = 0x000002D65130C000
	result =  0
	FileBasicInformation
	DispatchQueryInformation result =  0
Dokan Information: SendAndPullEventInformation() with NTSTATUS 0x0, context 0x512eaa80, and result object 0x000002D6531C8370 with size 64
Dokan Information: SendAndPullEventInformation() with NTSTATUS 0x0, context 0x512ea780, and result object 0x000002D6530DD210 with size 80
###GetFileInfo file handle = 0x000002D6512EAA80, eventID = 0010, event Info = 0x000002D65130C230
###Cleanup file handle = 0x000002D6512EA780, eventID = 0011, event Info = 0x000002D65130C000
	result =  0
	FileAllInformation
	DispatchQueryInformation result =  0
Dokan Information: SendAndPullEventInformation() with NTSTATUS 0x0, context 0x512ea780, and result object 0x000002D6530DD210 with size 48
Dokan Information: SendAndPullEventInformation() with NTSTATUS 0x0, context 0x512eaa80, and result object 0x000002D6531C8370 with size 140
###Close file handle = 0x000002D6512EA780, eventID = 0011, event Info = 0x000002D65130C000
[Close] \
###Cleanup file handle = 0x000002D6512EAA80, eventID = 0010, event Info = 0x000002D65130C230
Dokan Information: SendAndPullEventInformation() with NTSTATUS 0x0, context 0x512eaa80, and result object 0x000002D6531C8370 with size 48
###Create file handle = 0x000002D6512EA780, eventID = 0012, event Info = 0x000002D6512EB010
[ZwCreateFile] \
###Close file handle = 0x000002D6512EAA80, eventID = 0010, event Info = 0x000002D65130C230
[Close] \
###Create file handle = 0x000002D6512EA680, eventID = 0013, event Info = 0x000002D65130C000
[ZwCreateFile] \
Dokan Information: DokanEndDispatchCreate() status = 0, file handle = 0x000002D6512EA780, eventID = 0012, result = 0x1
Dokan Information: DokanEndDispatchCreate() status = 0, file handle = 0x000002D6512EA680, eventID = 0013, result = 0x1
Dokan Information: SendAndPullEventInformation() with NTSTATUS 0x0, context 0x512ea680, and result object 0x000002D6531C8370 with size 48
Dokan Information: SendAndPullEventInformation() with NTSTATUS 0x0, context 0x512ea780, and result object 0x000002D6530DD210 with size 48
###QueryVolumeInfo file handle = 0x000002D6512EA680, eventID = 0013, event Info = 0x000002D65130C000
[GetVolumeInformation]
###GetFileInfo file handle = 0x000002D6512EA780, eventID = 0012, event Info = 0x000002D6512EB010
Dokan Information: SendAndPullEventInformation() with NTSTATUS 0x0, context 0x512ea680, and result object 0x000002D6531C8370 with size 64
	result =  0
	FileBasicInformation
###GetFileInfo file handle = 0x000002D6512EA680, eventID = 0013, event Info = 0x000002D65130C000
	result =  0
	FileAllInformation
	DispatchQueryInformation result =  0
Dokan Information: SendAndPullEventInformation() with NTSTATUS 0x0, context 0x512ea680, and result object 0x000002D6531C8370 with size 140
	DispatchQueryInformation result =  0
Dokan Information: SendAndPullEventInformation() with NTSTATUS 0x0, context 0x512ea780, and result object 0x000002D6530DD210 with size 80
###Cleanup file handle = 0x000002D6512EA680, eventID = 0013, event Info = 0x000002D65130C000
###Cleanup file handle = 0x000002D6512EA780, eventID = 0012, event Info = 0x000002D6512EB010
Dokan Information: SendAndPullEventInformation() with NTSTATUS 0x0, context 0x512ea680, and result object 0x000002D6531C8370 with size 48
Dokan Information: SendAndPullEventInformation() with NTSTATUS 0x0, context 0x512ea780, and result object 0x000002D6530DD210 with size 48
###Close file handle = 0x000002D6512EA680, eventID = 0013, event Info = 0x000002D65130C000
[Close] \
###Create file handle = 0x000002D6512EAA80, eventID = 0014, event Info = 0x000002D65130C230
[ZwCreateFile] \
###Close file handle = 0x000002D6512EA780, eventID = 0012, event Info = 0x000002D6512EB010
[Close] \
Dokan Information: DokanEndDispatchCreate() status = 0, file handle = 0x000002D6512EAA80, eventID = 0014, result = 0x1
Dokan Information: SendAndPullEventInformation() with NTSTATUS 0x0, context 0x512eaa80, and result object 0x000002D6531C8370 with size 48
###QueryVolumeInfo file handle = 0x000002D6512EAA80, eventID = 0014, event Info = 0x000002D65130C230
[GetVolumeInformation]
Dokan Information: SendAndPullEventInformation() with NTSTATUS 0x0, context 0x512eaa80, and result object 0x000002D6531C8370 with size 64
###GetFileInfo file handle = 0x000002D6512EAA80, eventID = 0014, event Info = 0x000002D65130C230
	result =  0
	FileAllInformation
	DispatchQueryInformation result =  0
Dokan Information: SendAndPullEventInformation() with NTSTATUS 0x0, context 0x512eaa80, and result object 0x000002D6531C8370 with size 140
###Cleanup file handle = 0x000002D6512EAA80, eventID = 0014, event Info = 0x000002D65130C230
Dokan Information: SendAndPullEventInformation() with NTSTATUS 0x0, context 0x512eaa80, and result object 0x000002D6531C8370 with size 48
###Close file handle = 0x000002D6512EAA80, eventID = 0014, event Info = 0x000002D65130C230
[Close] \
###Create file handle = 0x000002D6512EA780, eventID = 0015, event Info = 0x000002D6512EB010
[ZwCreateFile] \
Dokan Information: DokanEndDispatchCreate() status = 0, file handle = 0x000002D6512EA780, eventID = 0015, result = 0x1
Dokan Information: SendAndPullEventInformation() with NTSTATUS 0x0, context 0x512ea780, and result object 0x000002D6531C8370 with size 48
###QueryVolumeInfo file handle = 0x000002D6512EA780, eventID = 0015, event Info = 0x000002D6512EB010
[GetVolumeInformation]
Dokan Information: SendAndPullEventInformation() with NTSTATUS 0x0, context 0x512ea780, and result object 0x000002D6531C8370 with size 64
###GetFileInfo file handle = 0x000002D6512EA780, eventID = 0015, event Info = 0x000002D6512EB010
	result =  0
	FileAllInformation
	DispatchQueryInformation result =  0
Dokan Information: SendAndPullEventInformation() with NTSTATUS 0x0, context 0x512ea780, and result object 0x000002D6531C8370 with size 140
###Cleanup file handle = 0x000002D6512EA780, eventID = 0015, event Info = 0x000002D6512EB010
Dokan Information: SendAndPullEventInformation() with NTSTATUS 0x0, context 0x512ea780, and result object 0x000002D6531C8370 with size 48
###Close file handle = 0x000002D6512EA780, eventID = 0015, event Info = 0x000002D6512EB010
[Close] \
###Create file handle = 0x000002D6512EAA80, eventID = 0016, event Info = 0x000002D65130C230
[ZwCreateFile] \
Dokan Information: DokanEndDispatchCreate() status = 0, file handle = 0x000002D6512EAA80, eventID = 0016, result = 0x1
Dokan Information: SendAndPullEventInformation() with NTSTATUS 0x0, context 0x512eaa80, and result object 0x000002D6531C8370 with size 48
###QueryVolumeInfo file handle = 0x000002D6512EAA80, eventID = 0016, event Info = 0x000002D65130C230
[GetVolumeInformation]
Dokan Information: SendAndPullEventInformation() with NTSTATUS 0x0, context 0x512eaa80, and result object 0x000002D6531C8370 with size 64
###GetFileInfo file handle = 0x000002D6512EAA80, eventID = 0016, event Info = 0x000002D65130C230
	result =  0
	FileAllInformation
	DispatchQueryInformation result =  0
Dokan Information: SendAndPullEventInformation() with NTSTATUS 0x0, context 0x512eaa80, and result object 0x000002D6531C8370 with size 140
###Cleanup file handle = 0x000002D6512EAA80, eventID = 0016, event Info = 0x000002D65130C230
Dokan Information: SendAndPullEventInformation() with NTSTATUS 0x0, context 0x512eaa80, and result object 0x000002D6531C8370 with size 48
###Close file handle = 0x000002D6512EAA80, eventID = 0016, event Info = 0x000002D65130C230
[Close] \
###Create file handle = 0x000002D6512EA780, eventID = 0017, event Info = 0x000002D6512EB010
[ZwCreateFile] \
Dokan Information: DokanEndDispatchCreate() status = 0, file handle = 0x000002D6512EA780, eventID = 0017, result = 0x1
Dokan Information: SendAndPullEventInformation() with NTSTATUS 0x0, context 0x512ea780, and result object 0x000002D6531C8370 with size 48
###QueryVolumeInfo file handle = 0x000002D6512EA780, eventID = 0017, event Info = 0x000002D6512EB010
[GetVolumeInformation]
Dokan Information: SendAndPullEventInformation() with NTSTATUS 0x0, context 0x512ea780, and result object 0x000002D6531C8370 with size 64
###GetFileInfo file handle = 0x000002D6512EA780, eventID = 0017, event Info = 0x000002D6512EB010
	result =  0
	FileAllInformation
	DispatchQueryInformation result =  0
Dokan Information: SendAndPullEventInformation() with NTSTATUS 0x0, context 0x512ea780, and result object 0x000002D6531C8370 with size 140
###Cleanup file handle = 0x000002D6512EA780, eventID = 0017, event Info = 0x000002D6512EB010
Dokan Information: SendAndPullEventInformation() with NTSTATUS 0x0, context 0x512ea780, and result object 0x000002D6531C8370 with size 48
###Close file handle = 0x000002D6512EA780, eventID = 0017, event Info = 0x000002D6512EB010
[Close] \
###Create file handle = 0x000002D6512EAA80, eventID = 0018, event Info = 0x000002D65130C230
[ZwCreateFile] \
Dokan Information: DokanEndDispatchCreate() status = 0, file handle = 0x000002D6512EAA80, eventID = 0018, result = 0x1
Dokan Information: SendAndPullEventInformation() with NTSTATUS 0x0, context 0x512eaa80, and result object 0x000002D6531C8370 with size 48
###QueryVolumeInfo file handle = 0x000002D6512EAA80, eventID = 0018, event Info = 0x000002D65130C230
[GetVolumeInformation]
Dokan Information: SendAndPullEventInformation() with NTSTATUS 0x0, context 0x512eaa80, and result object 0x000002D6531C8370 with size 64
###GetFileInfo file handle = 0x000002D6512EAA80, eventID = 0018, event Info = 0x000002D65130C230
	result =  0
	FileAllInformation
	DispatchQueryInformation result =  0
Dokan Information: SendAndPullEventInformation() with NTSTATUS 0x0, context 0x512eaa80, and result object 0x000002D6531C8370 with size 140
###Cleanup file handle = 0x000002D6512EAA80, eventID = 0018, event Info = 0x000002D65130C230
Dokan Information: SendAndPullEventInformation() with NTSTATUS 0x0, context 0x512eaa80, and result object 0x000002D6531C8370 with size 48
###Close file handle = 0x000002D6512EAA80, eventID = 0018, event Info = 0x000002D65130C230
[Close] \
###Create file handle = 0x000002D6512EA780, eventID = 0019, event Info = 0x000002D6512EB010
[ZwCreateFile] \
Dokan Information: DokanEndDispatchCreate() status = 0, file handle = 0x000002D6512EA780, eventID = 0019, result = 0x1
Dokan Information: SendAndPullEventInformation() with NTSTATUS 0x0, context 0x512ea780, and result object 0x000002D6531C8370 with size 48
###QueryVolumeInfo file handle = 0x000002D6512EA780, eventID = 0019, event Info = 0x000002D6512EB010
[GetVolumeInformation]
Dokan Information: SendAndPullEventInformation() with NTSTATUS 0x0, context 0x512ea780, and result object 0x000002D6531C8370 with size 64
###GetFileInfo file handle = 0x000002D6512EA780, eventID = 0019, event Info = 0x000002D6512EB010
	result =  0
	FileAllInformation
	DispatchQueryInformation result =  0
Dokan Information: SendAndPullEventInformation() with NTSTATUS 0x0, context 0x512ea780, and result object 0x000002D6531C8370 with size 140
###Cleanup file handle = 0x000002D6512EA780, eventID = 0019, event Info = 0x000002D6512EB010
Dokan Information: SendAndPullEventInformation() with NTSTATUS 0x0, context 0x512ea780, and result object 0x000002D6531C8370 with size 48
###Close file handle = 0x000002D6512EA780, eventID = 0019, event Info = 0x000002D6512EB010
[Close] ###Create file handle = 0x000002D6512EAA80, eventID = 0020, event Info = 0x000002D65130C230
\
[ZwCreateFile] \
Dokan Information: DokanEndDispatchCreate() status = 0, file handle = 0x000002D6512EAA80, eventID = 0020, result = 0x1
Dokan Information: SendAndPullEventInformation() with NTSTATUS 0x0, context 0x512eaa80, and result object 0x000002D6531C8370 with size 48
###QueryVolumeInfo file handle = 0x000002D6512EAA80, eventID = 0020, event Info = 0x000002D65130C230
[GetVolumeInformation]
Dokan Information: SendAndPullEventInformation() with NTSTATUS 0x0, context 0x512eaa80, and result object 0x000002D6531C8370 with size 64
###GetFileInfo file handle = 0x000002D6512EAA80, eventID = 0020, event Info = 0x000002D65130C230
	result =  0
	FileAllInformation
	DispatchQueryInformation result =  0
Dokan Information: SendAndPullEventInformation() with NTSTATUS 0x0, context 0x512eaa80, and result object 0x000002D6531C8370 with size 140
###Cleanup file handle = 0x000002D6512EAA80, eventID = 0020, event Info = 0x000002D65130C230
Dokan Information: SendAndPullEventInformation() with NTSTATUS 0x0, context 0x512eaa80, and result object 0x000002D6531C8370 with size 48
###Close file handle = 0x000002D6512EAA80, eventID = 0020, event Info = 0x000002D65130C230
[Close] \
###Create file handle = 0x000002D6512EA780, eventID = 0021, event Info = 0x000002D6512EB010
[ZwCreateFile] \
Dokan Information: DokanEndDispatchCreate() status = 0, file handle = 0x000002D6512EA780, eventID = 0021, result = 0x1
Dokan Information: SendAndPullEventInformation() with NTSTATUS 0x0, context 0x512ea780, and result object 0x000002D6531C8370 with size 48
###QueryVolumeInfo file handle = 0x000002D6512EA780, eventID = 0021, event Info = 0x000002D6512EB010
[GetVolumeInformation]
Dokan Information: SendAndPullEventInformation() with NTSTATUS 0x0, context 0x512ea780, and result object 0x000002D6531C8370 with size 64
###GetFileInfo file handle = 0x000002D6512EA780, eventID = 0021, event Info = 0x000002D6512EB010
	result =  0
	FileAllInformation
	DispatchQueryInformation result =  0
Dokan Information: SendAndPullEventInformation() with NTSTATUS 0x0, context 0x512ea780, and result object 0x000002D6531C8370 with size 140
###Cleanup file handle = 0x000002D6512EA780, eventID = 0021, event Info = 0x000002D6512EB010
Dokan Information: SendAndPullEventInformation() with NTSTATUS 0x0, context 0x512ea780, and result object 0x000002D6531C8370 with size 48
###Close file handle = 0x000002D6512EA780, eventID = 0021, event Info = 0x000002D6512EB010
[Close] \
###Create file handle = 0x000002D6512EAA80, eventID = 0022, event Info = 0x000002D65130C230
[ZwCreateFile] \
Dokan Information: DokanEndDispatchCreate() status = 0, file handle = 0x000002D6512EAA80, eventID = 0022, result = 0x1
Dokan Information: SendAndPullEventInformation() with NTSTATUS 0x0, context 0x512eaa80, and result object 0x000002D6531C8370 with size 48
###QueryVolumeInfo file handle = 0x000002D6512EAA80, eventID = 0022, event Info = 0x000002D65130C230
[GetVolumeInformation]
Dokan Information: SendAndPullEventInformation() with NTSTATUS 0x0, context 0x512eaa80, and result object 0x000002D6531C8370 with size 64
###GetFileInfo file handle = 0x000002D6512EAA80, eventID = 0022, event Info = 0x000002D65130C230
	result =  0
	FileAllInformation
	DispatchQueryInformation result =  0
Dokan Information: SendAndPullEventInformation() with NTSTATUS 0x0, context 0x512eaa80, and result object 0x000002D6531C8370 with size 140
###Cleanup file handle = 0x000002D6512EAA80, eventID = 0022, event Info = 0x000002D65130C230
Dokan Information: SendAndPullEventInformation() with NTSTATUS 0x0, context 0x512eaa80, and result object 0x000002D6531C8370 with size 48
###Close file handle = 0x000002D6512EAA80, eventID = 0022, event Info = 0x000002D65130C230
[Close] \
###Create file handle = 0x000002D6512EA780, eventID = 0023, event Info = 0x000002D6512EB010
[ZwCreateFile] \
Dokan Information: DokanEndDispatchCreate() status = 0, file handle = 0x000002D6512EA780, eventID = 0023, result = 0x1
Dokan Information: SendAndPullEventInformation() with NTSTATUS 0x0, context 0x512ea780, and result object 0x000002D6531C8370 with size 48
###QueryVolumeInfo file handle = 0x000002D6512EA780, eventID = 0023, event Info = 0x000002D6512EB010
[GetVolumeInformation]
Dokan Information: SendAndPullEventInformation() with NTSTATUS 0x0, context 0x512ea780, and result object 0x000002D6531C8370 with size 64
###GetFileInfo file handle = 0x000002D6512EA780, eventID = 0023, event Info = 0x000002D6512EB010
	result =  0
	FileAllInformation
	DispatchQueryInformation result =  0
Dokan Information: SendAndPullEventInformation() with NTSTATUS 0x0, context 0x512ea780, and result object 0x000002D6531C8370 with size 140
###Cleanup file handle = 0x000002D6512EA780, eventID = 0023, event Info = 0x000002D6512EB010
Dokan Information: SendAndPullEventInformation() with NTSTATUS 0x0, context 0x512ea780, and result object 0x000002D6531C8370 with size 48
###Close file handle = 0x000002D6512EA780, eventID = 0023, event Info = 0x000002D6512EB010
[Close] \
###Create file handle = 0x000002D6512EAA80, eventID = 0024, event Info = 0x000002D65130C230
[ZwCreateFile] \
Dokan Information: DokanEndDispatchCreate() status = 0, file handle = 0x000002D6512EAA80, eventID = 0024, result = 0x1
Dokan Information: SendAndPullEventInformation() with NTSTATUS 0x0, context 0x512eaa80, and result object 0x000002D6531C8370 with size 48
###QueryVolumeInfo file handle = 0x000002D6512EAA80, eventID = 0024, event Info = 0x000002D65130C230
[GetVolumeInformation]
Dokan Information: SendAndPullEventInformation() with NTSTATUS 0x0, context 0x512eaa80, and result object 0x000002D6531C8370 with size 64
###GetFileInfo file handle = 0x000002D6512EAA80, eventID = 0024, event Info = 0x000002D65130C230
	result =  0
	FileAllInformation
	DispatchQueryInformation result =  0
Dokan Information: SendAndPullEventInformation() with NTSTATUS 0x0, context 0x512eaa80, and result object 0x000002D6531C8370 with size 140
###Cleanup file handle = 0x000002D6512EAA80, eventID = 0024, event Info = 0x000002D65130C230
Dokan Information: SendAndPullEventInformation() with NTSTATUS 0x0, context 0x512eaa80, and result object 0x000002D6531C8370 with size 48
###Close file handle = 0x000002D6512EAA80, eventID = 0024, event Info = 0x000002D65130C230
[Close] \
###Create file handle = 0x000002D6512EA780, eventID = 0025, event Info = 0x000002D6512EB010
[ZwCreateFile] \
Dokan Information: DokanEndDispatchCreate() status = 0, file handle = 0x000002D6512EA780, eventID = 0025, result = 0x1
Dokan Information: SendAndPullEventInformation() with NTSTATUS 0x0, context 0x512ea780, and result object 0x000002D6531C8370 with size 48
###QueryVolumeInfo file handle = 0x000002D6512EA780, eventID = 0025, event Info = 0x000002D6512EB010
[GetVolumeInformation]
Dokan Information: SendAndPullEventInformation() with NTSTATUS 0x0, context 0x512ea780, and result object 0x000002D6531C8370 with size 64
###GetFileInfo file handle = 0x000002D6512EA780, eventID = 0025, event Info = 0x000002D6512EB010
	result =  0
	FileAllInformation
	DispatchQueryInformation result =  0
Dokan Information: SendAndPullEventInformation() with NTSTATUS 0x0, context 0x512ea780, and result object 0x000002D6531C8370 with size 140
###Cleanup file handle = 0x000002D6512EA780, eventID = 0025, event Info = 0x000002D6512EB010
Dokan Information: SendAndPullEventInformation() with NTSTATUS 0x0, context 0x512ea780, and result object 0x000002D6531C8370 with size 48
###Close file handle = 0x000002D6512EA780, eventID = 0025, event Info = 0x000002D6512EB010
[Close] \
###Create file handle = 0x000002D6512EAA80, eventID = 0026, event Info = 0x000002D65130C230
[ZwCreateFile] \
Dokan Information: DokanEndDispatchCreate() status = 0, file handle = 0x000002D6512EAA80, eventID = 0026, result = 0x1
Dokan Information: SendAndPullEventInformation() with NTSTATUS 0x0, context 0x512eaa80, and result object 0x000002D6531C8370 with size 48
###QueryVolumeInfo file handle = 0x000002D6512EAA80, eventID = 0026, event Info = 0x000002D65130C230
[GetVolumeInformation]
Dokan Information: SendAndPullEventInformation() with NTSTATUS 0x0, context 0x512eaa80, and result object 0x000002D6531C8370 with size 64
###GetFileInfo file handle = 0x000002D6512EAA80, eventID = 0026, event Info = 0x000002D65130C230
	result =  0
	FileAllInformation
	DispatchQueryInformation result =  0
Dokan Information: SendAndPullEventInformation() with NTSTATUS 0x0, context 0x512eaa80, and result object 0x000002D6531C8370 with size 140
###Cleanup file handle = 0x000002D6512EAA80, eventID = 0026, event Info = 0x000002D65130C230
Dokan Information: SendAndPullEventInformation() with NTSTATUS 0x0, context 0x512eaa80, and result object 0x000002D6531C8370 with size 48
###Close file handle = 0x000002D6512EAA80, eventID = 0026, event Info = 0x000002D65130C230
[Close] \
###Create file handle = 0x000002D6512EAA80, eventID = 0027, event Info = 0x000002D6512EB010
[ZwCreateFile] \
Dokan Information: DokanEndDispatchCreate() status = 0, file handle = 0x000002D6512EAA80, eventID = 0027, result = 0x1
Dokan Information: SendAndPullEventInformation() with NTSTATUS 0x0, context 0x512eaa80, and result object 0x000002D6531C8370 with size 48
###QueryVolumeInfo file handle = 0x000002D6512EAA80, eventID = 0027, event Info = 0x000002D6512EB010
[GetVolumeInformation]
Dokan Information: SendAndPullEventInformation() with NTSTATUS 0x0, context 0x512eaa80, and result object 0x000002D6531C8370 with size 64
###GetFileInfo file handle = 0x000002D6512EAA80, eventID = 0027, event Info = 0x000002D6512EB010
	result =  0
	FileAllInformation
	DispatchQueryInformation result =  0
Dokan Information: SendAndPullEventInformation() with NTSTATUS 0x0, context 0x512eaa80, and result object 0x000002D6531C8370 with size 140
###Cleanup file handle = 0x000002D6512EAA80, eventID = 0027, event Info = 0x000002D6512EB010
Dokan Information: SendAndPullEventInformation() with NTSTATUS 0x0, context 0x512eaa80, and result object 0x000002D6531C8370 with size 48
###Close file handle = 0x000002D6512EAA80, eventID = 0027, event Info = 0x000002D6512EB010
[Close] \
###Create file handle = 0x000002D6512EA780, eventID = 0028, event Info = 0x000002D65130C230
[ZwCreateFile] \
Dokan Information: DokanEndDispatchCreate() status = 0, file handle = 0x000002D6512EA780, eventID = 0028, result = 0x1
Dokan Information: SendAndPullEventInformation() with NTSTATUS 0x0, context 0x512ea780, and result object 0x000002D6531C8370 with size 48
###QueryVolumeInfo file handle = 0x000002D6512EA780, eventID = 0028, event Info = 0x000002D65130C230
[GetVolumeInformation]
Dokan Information: SendAndPullEventInformation() with NTSTATUS 0x0, context 0x512ea780, and result object 0x000002D6531C8370 with size 64
###GetFileInfo file handle = 0x000002D6512EA780, eventID = 0028, event Info = 0x000002D65130C230
	result =  0
	FileAllInformation
	DispatchQueryInformation result =  0
Dokan Information: SendAndPullEventInformation() with NTSTATUS 0x0, context 0x512ea780, and result object 0x000002D6531C8370 with size 140
###Cleanup file handle = 0x000002D6512EA780, eventID = 0028, event Info = 0x000002D65130C230
Dokan Information: SendAndPullEventInformation() with NTSTATUS 0x0, context 0x512ea780, and result object 0x000002D6531C8370 with size 48
###Close file handle = 0x000002D6512EA780, eventID = 0028, event Info = 0x000002D65130C230
[Close] \
###Create file handle = 0x000002D6512EAA80, eventID = 0029, event Info = 0x000002D6512EB010
[ZwCreateFile] \
Dokan Information: DokanEndDispatchCreate() status = 0, file handle = 0x000002D6512EAA80, eventID = 0029, result = 0x1
Dokan Information: SendAndPullEventInformation() with NTSTATUS 0x0, context 0x512eaa80, and result object 0x000002D6531C8370 with size 48
###QueryVolumeInfo file handle = 0x000002D6512EAA80, eventID = 0029, event Info = 0x000002D6512EB010
[GetVolumeInformation]
Dokan Information: SendAndPullEventInformation() with NTSTATUS 0x0, context 0x512eaa80, and result object 0x000002D6531C8370 with size 64
###GetFileInfo file handle = 0x000002D6512EAA80, eventID = 0029, event Info = 0x000002D6512EB010
	result =  0
	FileAllInformation
	DispatchQueryInformation result =  0
Dokan Information: SendAndPullEventInformation() with NTSTATUS 0x0, context 0x512eaa80, and result object 0x000002D6531C8370 with size 140
###Cleanup file handle = 0x000002D6512EAA80, eventID = 0029, event Info = 0x000002D6512EB010
Dokan Information: SendAndPullEventInformation() with NTSTATUS 0x0, context 0x512eaa80, and result object 0x000002D6531C8370 with size 48
###Close file handle = 0x000002D6512EAA80, eventID = 0029, event Info = 0x000002D6512EB010
[Close] \
###Create file handle = 0x000002D6512EA780, eventID = 0030, event Info = 0x000002D65130C230
[ZwCreateFile] \
Dokan Information: DokanEndDispatchCreate() status = 0, file handle = 0x000002D6512EA780, eventID = 0030, result = 0x1
Dokan Information: SendAndPullEventInformation() with NTSTATUS 0x0, context 0x512ea780, and result object 0x000002D6531C8370 with size 48
###QueryVolumeInfo file handle = 0x000002D6512EA780, eventID = 0030, event Info = 0x000002D65130C230
[GetVolumeInformation]
Dokan Information: SendAndPullEventInformation() with NTSTATUS 0x0, context 0x512ea780, and result object 0x000002D6531C8370 with size 64
###GetFileInfo file handle = 0x000002D6512EA780, eventID = 0030, event Info = 0x000002D65130C230
	result =  0
	FileAllInformation
	DispatchQueryInformation result =  0
Dokan Information: SendAndPullEventInformation() with NTSTATUS 0x0, context 0x512ea780, and result object 0x000002D6531C8370 with size 140
###Cleanup file handle = 0x000002D6512EA780, eventID = 0030, event Info = 0x000002D65130C230
Dokan Information: SendAndPullEventInformation() with NTSTATUS 0x0, context 0x512ea780, and result object 0x000002D6531C8370 with size 48
###Close file handle = 0x000002D6512EA780, eventID = 0030, event Info = 0x000002D65130C230
[Close] \
###Create file handle = 0x000002D6512EAA80, eventID = 0031, event Info = 0x000002D6512EB010
[ZwCreateFile] \
Dokan Information: DokanEndDispatchCreate() status = 0, file handle = 0x000002D6512EAA80, eventID = 0031, result = 0x1
Dokan Information: SendAndPullEventInformation() with NTSTATUS 0x0, context 0x512eaa80, and result object 0x000002D6531C8370 with size 48
###QueryVolumeInfo file handle = 0x000002D6512EAA80, eventID = 0031, event Info = 0x000002D6512EB010
[GetVolumeInformation]
Dokan Information: SendAndPullEventInformation() with NTSTATUS 0x0, context 0x512eaa80, and result object 0x000002D6531C8370 with size 64
###GetFileInfo file handle = 0x000002D6512EAA80, eventID = 0031, event Info = 0x000002D6512EB010
	result =  0
	FileAllInformation
	DispatchQueryInformation result =  0
Dokan Information: SendAndPullEventInformation() with NTSTATUS 0x0, context 0x512eaa80, and result object 0x000002D6531C8370 with size 140
###Cleanup file handle = 0x000002D6512EAA80, eventID = 0031, event Info = 0x000002D6512EB010
Dokan Information: SendAndPullEventInformation() with NTSTATUS 0x0, context 0x512eaa80, and result object 0x000002D6531C8370 with size 48
###Close file handle = 0x000002D6512EAA80, eventID = 0031, event Info = 0x000002D6512EB010
[Close] \
###Create file handle = 0x000002D6512EA780, eventID = 0032, event Info = 0x000002D65130C230
[ZwCreateFile] \
Dokan Information: DokanEndDispatchCreate() status = 0, file handle = 0x000002D6512EA780, eventID = 0032, result = 0x1
Dokan Information: SendAndPullEventInformation() with NTSTATUS 0x0, context 0x512ea780, and result object 0x000002D6531C8370 with size 48
###QueryVolumeInfo file handle = 0x000002D6512EA780, eventID = 0032, event Info = 0x000002D65130C230
[GetVolumeInformation]
Dokan Information: SendAndPullEventInformation() with NTSTATUS 0x0, context 0x512ea780, and result object 0x000002D6531C8370 with size 64
###GetFileInfo file handle = 0x000002D6512EA780, eventID = 0032, event Info = 0x000002D65130C230
	result =  0
	FileAllInformation
	DispatchQueryInformation result =  0
Dokan Information: SendAndPullEventInformation() with NTSTATUS 0x0, context 0x512ea780, and result object 0x000002D6531C8370 with size 140
###Cleanup file handle = 0x000002D6512EA780, eventID = 0032, event Info = 0x000002D65130C230
Dokan Information: SendAndPullEventInformation() with NTSTATUS 0x0, context 0x512ea780, and result object 0x000002D6531C8370 with size 48
###Close file handle = 0x000002D6512EA780, eventID = 0032, event Info = 0x000002D65130C230
[Close] \
###Create file handle = 0x000002D6512EAA80, eventID = 0033, event Info = 0x000002D6512EB010
[ZwCreateFile] \
Dokan Information: DokanEndDispatchCreate() status = 0, file handle = 0x000002D6512EAA80, eventID = 0033, result = 0x1
Dokan Information: SendAndPullEventInformation() with NTSTATUS 0x0, context 0x512eaa80, and result object 0x000002D6531C8370 with size 48
###QueryVolumeInfo file handle = 0x000002D6512EAA80, eventID = 0033, event Info = 0x000002D6512EB010
[GetVolumeInformation]
Dokan Information: SendAndPullEventInformation() with NTSTATUS 0x0, context 0x512eaa80, and result object 0x000002D6531C8370 with size 64
###GetFileInfo file handle = 0x000002D6512EAA80, eventID = 0033, event Info = 0x000002D6512EB010
	result =  0
	FileAllInformation
	DispatchQueryInformation result =  0
Dokan Information: SendAndPullEventInformation() with NTSTATUS 0x0, context 0x512eaa80, and result object 0x000002D6531C8370 with size 140
###Cleanup file handle = 0x000002D6512EAA80, eventID = 0033, event Info = 0x000002D6512EB010
Dokan Information: SendAndPullEventInformation() with NTSTATUS 0x0, context 0x512eaa80, and result object 0x000002D6531C8370 with size 48
###Close file handle = 0x000002D6512EAA80, eventID = 0033, event Info = 0x000002D6512EB010
[Close] \
###Create file handle = 0x000002D6512EA780, eventID = 0034, event Info = 0x000002D65130C230
[ZwCreateFile] \
Dokan Information: DokanEndDispatchCreate() status = 0, file handle = 0x000002D6512EA780, eventID = 0034, result = 0x1
Dokan Information: SendAndPullEventInformation() with NTSTATUS 0x0, context 0x512ea780, and result object 0x000002D6531C8370 with size 48
###QueryVolumeInfo file handle = 0x000002D6512EA780, eventID = 0034, event Info = 0x000002D65130C230
[GetVolumeInformation]
Dokan Information: SendAndPullEventInformation() with NTSTATUS 0x0, context 0x512ea780, and result object 0x000002D6531C8370 with size 64
###GetFileInfo file handle = 0x000002D6512EA780, eventID = 0034, event Info = 0x000002D65130C230
	result =  0
	FileAllInformation
	DispatchQueryInformation result =  0
Dokan Information: SendAndPullEventInformation() with NTSTATUS 0x0, context 0x512ea780, and result object 0x000002D6531C8370 with size 140
###Cleanup file handle = 0x000002D6512EA780, eventID = 0034, event Info = 0x000002D65130C230
Dokan Information: SendAndPullEventInformation() with NTSTATUS 0x0, context 0x512ea780, and result object 0x000002D6531C8370 with size 48
###Close file handle = 0x000002D6512EA780, eventID = 0034, event Info = 0x000002D65130C230
[Close] \
###Create file handle = 0x000002D6512EAA80, eventID = 0035, event Info = 0x000002D6512EB010
[ZwCreateFile] \
Dokan Information: DokanEndDispatchCreate() status = 0, file handle = 0x000002D6512EAA80, eventID = 0035, result = 0x1
Dokan Information: SendAndPullEventInformation() with NTSTATUS 0x0, context 0x512eaa80, and result object 0x000002D6531C8370 with size 48
###QueryVolumeInfo file handle = 0x000002D6512EAA80, eventID = 0035, event Info = 0x000002D6512EB010
[GetVolumeInformation]
Dokan Information: SendAndPullEventInformation() with NTSTATUS 0x0, context 0x512eaa80, and result object 0x000002D6531C8370 with size 64
###GetFileInfo file handle = 0x000002D6512EAA80, eventID = 0035, event Info = 0x000002D6512EB010
	result =  0
	FileAllInformation
	DispatchQueryInformation result =  0
Dokan Information: SendAndPullEventInformation() with NTSTATUS 0x0, context 0x512eaa80, and result object 0x000002D6531C8370 with size 140
###Cleanup file handle = 0x000002D6512EAA80, eventID = 0035, event Info = 0x000002D6512EB010
Dokan Information: SendAndPullEventInformation() with NTSTATUS 0x0, context 0x512eaa80, and result object 0x000002D6531C8370 with size 48
###Close file handle = 0x000002D6512EAA80, eventID = 0035, event Info = 0x000002D6512EB010
[Close] \
###Create file handle = 0x000002D6512EA780, eventID = 0036, event Info = 0x000002D65130C230
[ZwCreateFile] \
Dokan Information: DokanEndDispatchCreate() status = 0, file handle = 0x000002D6512EA780, eventID = 0036, result = 0x1
Dokan Information: SendAndPullEventInformation() with NTSTATUS 0x0, context 0x512ea780, and result object 0x000002D6531C8370 with size 48
###QueryVolumeInfo file handle = 0x000002D6512EA780, eventID = 0036, event Info = 0x000002D65130C230
[GetVolumeInformation]
Dokan Information: SendAndPullEventInformation() with NTSTATUS 0x0, context 0x512ea780, and result object 0x000002D6531C8370 with size 64
###GetFileInfo file handle = 0x000002D6512EA780, eventID = 0036, event Info = 0x000002D65130C230
	result =  0
	FileAllInformation
	DispatchQueryInformation result =  0
Dokan Information: SendAndPullEventInformation() with NTSTATUS 0x0, context 0x512ea780, and result object 0x000002D6531C8370 with size 140
###Cleanup file handle = 0x000002D6512EA780, eventID = 0036, event Info = 0x000002D65130C230
Dokan Information: SendAndPullEventInformation() with NTSTATUS 0x0, context 0x512ea780, and result object 0x000002D6531C8370 with size 48
###Close file handle = 0x000002D6512EA780, eventID = 0036, event Info = 0x000002D65130C230
[Close] \
###Create file handle = 0x000002D6512EAA80, eventID = 0037, event Info = 0x000002D6512EB010
[ZwCreateFile] \
Dokan Information: DokanEndDispatchCreate() status = 0, file handle = 0x000002D6512EAA80, eventID = 0037, result = 0x1
Dokan Information: SendAndPullEventInformation() with NTSTATUS 0x0, context 0x512eaa80, and result object 0x000002D6531C8370 with size 48
###QueryVolumeInfo file handle = 0x000002D6512EAA80, eventID = 0037, event Info = 0x000002D6512EB010
[GetVolumeInformation]
Dokan Information: SendAndPullEventInformation() with NTSTATUS 0x0, context 0x512eaa80, and result object 0x000002D6531C8370 with size 64
###GetFileInfo file handle = 0x000002D6512EAA80, eventID = 0037, event Info = 0x000002D6512EB010
	result =  0
	FileAllInformation
	DispatchQueryInformation result =  0
Dokan Information: SendAndPullEventInformation() with NTSTATUS 0x0, context 0x512eaa80, and result object 0x000002D6531C8370 with size 140
###Cleanup file handle = 0x000002D6512EAA80, eventID = 0037, event Info = 0x000002D6512EB010
Dokan Information: SendAndPullEventInformation() with NTSTATUS 0x0, context 0x512eaa80, and result object 0x000002D6531C8370 with size 48
###Close file handle = 0x000002D6512EAA80, eventID = 0037, event Info = 0x000002D6512EB010
[Close] \
###Create file handle = 0x000002D6512EA780, eventID = 0038, event Info = 0x000002D65130C230
[ZwCreateFile] \
Dokan Information: DokanEndDispatchCreate() status = 0, file handle = 0x000002D6512EA780, eventID = 0038, result = 0x1
Dokan Information: SendAndPullEventInformation() with NTSTATUS 0x0, context 0x512ea780, and result object 0x000002D6531C8370 with size 48
###QueryVolumeInfo file handle = 0x000002D6512EA780, eventID = 0038, event Info = 0x000002D65130C230
[GetVolumeInformation]
Dokan Information: SendAndPullEventInformation() with NTSTATUS 0x0, context 0x512ea780, and result object 0x000002D6531C8370 with size 64
###GetFileInfo file handle = 0x000002D6512EA780, eventID = 0038, event Info = 0x000002D65130C230
	result =  0
	FileAllInformation
	DispatchQueryInformation result =  0
Dokan Information: SendAndPullEventInformation() with NTSTATUS 0x0, context 0x512ea780, and result object 0x000002D6531C8370 with size 140
###Cleanup file handle = 0x000002D6512EA780, eventID = 0038, event Info = 0x000002D65130C230
Dokan Information: SendAndPullEventInformation() with NTSTATUS 0x0, context 0x512ea780, and result object 0x000002D6531C8370 with size 48
###Close file handle = 0x000002D6512EA780, eventID = 0038, event Info = 0x000002D65130C230
[Close] \
###Create file handle = 0x000002D6512EAA80, eventID = 0039, event Info = 0x000002D6512EB010
[ZwCreateFile] \
Dokan Information: DokanEndDispatchCreate() status = 0, file handle = 0x000002D6512EAA80, eventID = 0039, result = 0x1
Dokan Information: SendAndPullEventInformation() with NTSTATUS 0x0, context 0x512eaa80, and result object 0x000002D6531C8370 with size 48
###QueryVolumeInfo file handle = 0x000002D6512EAA80, eventID = 0039, event Info = 0x000002D6512EB010
[GetVolumeInformation]
Dokan Information: SendAndPullEventInformation() with NTSTATUS 0x0, context 0x512eaa80, and result object 0x000002D6531C8370 with size 64
###GetFileInfo file handle = 0x000002D6512EAA80, eventID = 0039, event Info = 0x000002D6512EB010
	result =  0
	FileAllInformation
	DispatchQueryInformation result =  0
Dokan Information: SendAndPullEventInformation() with NTSTATUS 0x0, context 0x512eaa80, and result object 0x000002D6531C8370 with size 140
###Cleanup file handle = 0x000002D6512EAA80, eventID = 0039, event Info = 0x000002D6512EB010
Dokan Information: SendAndPullEventInformation() with NTSTATUS 0x0, context 0x512eaa80, and result object 0x000002D6531C8370 with size 48
###Close file handle = 0x000002D6512EAA80, eventID = 0039, event Info = 0x000002D6512EB010
[Close] \
###Create file handle = 0x000002D6512EA780, eventID = 0040, event Info = 0x000002D65130C230
[ZwCreateFile] \
Dokan Information: DokanEndDispatchCreate() status = 0, file handle = 0x000002D6512EA780, eventID = 0040, result = 0x1
Dokan Information: SendAndPullEventInformation() with NTSTATUS 0x0, context 0x512ea780, and result object 0x000002D6531C8370 with size 48
###QueryVolumeInfo file handle = 0x000002D6512EA780, eventID = 0040, event Info = 0x000002D65130C230
[GetVolumeInformation]
Dokan Information: SendAndPullEventInformation() with NTSTATUS 0x0, context 0x512ea780, and result object 0x000002D6531C8370 with size 64
###GetFileInfo file handle = 0x000002D6512EA780, eventID = 0040, event Info = 0x000002D65130C230
	result =  0
	FileAllInformation
	DispatchQueryInformation result =  0
Dokan Information: SendAndPullEventInformation() with NTSTATUS 0x0, context 0x512ea780, and result object 0x000002D6531C8370 with size 140
###Cleanup file handle = 0x000002D6512EA780, eventID = 0040, event Info = 0x000002D65130C230
Dokan Information: SendAndPullEventInformation() with NTSTATUS 0x0, context 0x512ea780, and result object 0x000002D6531C8370 with size 48
###Close file handle = 0x000002D6512EA780, eventID = 0040, event Info = 0x000002D65130C230
[###Create file handle = 0x000002D6512EAA80, eventID = 0041, event Info = 0x000002D6512EB010
Close] \
[ZwCreateFile] \
Dokan Information: DokanEndDispatchCreate() status = 0, file handle = 0x000002D6512EAA80, eventID = 0041, result = 0x1
Dokan Information: SendAndPullEventInformation() with NTSTATUS 0x0, context 0x512eaa80, and result object 0x000002D6531C8370 with size 48
###QueryVolumeInfo file handle = 0x000002D6512EAA80, eventID = 0041, event Info = 0x000002D6512EB010
[GetVolumeInformation]
Dokan Information: SendAndPullEventInformation() with NTSTATUS 0x0, context 0x512eaa80, and result object 0x000002D6531C8370 with size 64
###GetFileInfo file handle = 0x000002D6512EAA80, eventID = 0041, event Info = 0x000002D6512EB010
	result =  0
	FileAllInformation
	DispatchQueryInformation result =  0
Dokan Information: SendAndPullEventInformation() with NTSTATUS 0x0, context 0x512eaa80, and result object 0x000002D6531C8370 with size 140
###Cleanup file handle = 0x000002D6512EAA80, eventID = 0041, event Info = 0x000002D6512EB010
Dokan Information: SendAndPullEventInformation() with NTSTATUS 0x0, context 0x512eaa80, and result object 0x000002D6531C8370 with size 48
###Close file handle = 0x000002D6512EAA80, eventID = 0041, event Info = 0x000002D6512EB010
[Close] ###Create file handle = 0x000002D6512EA780, eventID = 0042, event Info = 0x000002D65130C230
\
[ZwCreateFile] \
Dokan Information: DokanEndDispatchCreate() status = 0, file handle = 0x000002D6512EA780, eventID = 0042, result = 0x1
Dokan Information: SendAndPullEventInformation() with NTSTATUS 0x0, context 0x512ea780, and result object 0x000002D6531C8370 with size 48
###QueryVolumeInfo file handle = 0x000002D6512EA780, eventID = 0042, event Info = 0x000002D65130C230
[GetVolumeInformation]
Dokan Information: SendAndPullEventInformation() with NTSTATUS 0x0, context 0x512ea780, and result object 0x000002D6531C8370 with size 64
###GetFileInfo file handle = 0x000002D6512EA780, eventID = 0042, event Info = 0x000002D65130C230
	result =  0
	FileAllInformation
	DispatchQueryInformation result =  0
Dokan Information: SendAndPullEventInformation() with NTSTATUS 0x0, context 0x512ea780, and result object 0x000002D6531C8370 with size 140
###Cleanup file handle = 0x000002D6512EA780, eventID = 0042, event Info = 0x000002D65130C230
Dokan Information: SendAndPullEventInformation() with NTSTATUS 0x0, context 0x512ea780, and result object 0x000002D6531C8370 with size 48
###Close file handle = 0x000002D6512EA780, eventID = 0042, event Info = 0x000002D65130C230
[Close] \
###Create file handle = 0x000002D6512EAA80, eventID = 0043, event Info = 0x000002D6512EB010
[ZwCreateFile] \
Dokan Information: DokanEndDispatchCreate() status = 0, file handle = 0x000002D6512EAA80, eventID = 0043, result = 0x1
Dokan Information: SendAndPullEventInformation() with NTSTATUS 0x0, context 0x512eaa80, and result object 0x000002D6531C8370 with size 48
###QueryVolumeInfo file handle = 0x000002D6512EAA80, eventID = 0043, event Info = 0x000002D6512EB010
[GetVolumeInformation]
Dokan Information: SendAndPullEventInformation() with NTSTATUS 0x0, context 0x512eaa80, and result object 0x000002D6531C8370 with size 64
###GetFileInfo file handle = 0x000002D6512EAA80, eventID = 0043, event Info = 0x000002D6512EB010
	result =  0
	FileAllInformation
	DispatchQueryInformation result =  0
Dokan Information: SendAndPullEventInformation() with NTSTATUS 0x0, context 0x512eaa80, and result object 0x000002D6531C8370 with size 140
###Cleanup file handle = 0x000002D6512EAA80, eventID = 0043, event Info = 0x000002D6512EB010
Dokan Information: SendAndPullEventInformation() with NTSTATUS 0x0, context 0x512eaa80, and result object 0x000002D6531C8370 with size 48
###Close file handle = 0x000002D6512EAA80, eventID = 0043, event Info = 0x000002D6512EB010
[Close] \
###Create file handle = 0x000002D6512EA780, eventID = 0044, event Info = 0x000002D65130C230
[ZwCreateFile] \
Dokan Information: DokanEndDispatchCreate() status = 0, file handle = 0x000002D6512EA780, eventID = 0044, result = 0x1
Dokan Information: SendAndPullEventInformation() with NTSTATUS 0x0, context 0x512ea780, and result object 0x000002D6531C8370 with size 48
###QueryVolumeInfo file handle = 0x000002D6512EA780, eventID = 0044, event Info = 0x000002D65130C230
[GetVolumeInformation]
Dokan Information: SendAndPullEventInformation() with NTSTATUS 0x0, context 0x512ea780, and result object 0x000002D6531C8370 with size 64
###GetFileInfo file handle = 0x000002D6512EA780, eventID = 0044, event Info = 0x000002D65130C230
	result =  0
	FileAllInformation
	DispatchQueryInformation result =  0
Dokan Information: SendAndPullEventInformation() with NTSTATUS 0x0, context 0x512ea780, and result object 0x000002D6531C8370 with size 140
###Cleanup file handle = 0x000002D6512EA780, eventID = 0044, event Info = 0x000002D65130C230
Dokan Information: SendAndPullEventInformation() with NTSTATUS 0x0, context 0x512ea780, and result object 0x000002D6531C8370 with size 48
###Close file handle = 0x000002D6512EA780, eventID = 0044, event Info = 0x000002D65130C230
[Close] \
###Create file handle = 0x000002D6512EA780, eventID = 0045, event Info = 0x000002D6512EB010
[ZwCreateFile] \
Dokan Information: DokanEndDispatchCreate() status = 0, file handle = 0x000002D6512EA780, eventID = 0045, result = 0x1
Dokan Information: SendAndPullEventInformation() with NTSTATUS 0x0, context 0x512ea780, and result object 0x000002D6531C8370 with size 48
###QueryVolumeInfo file handle = 0x000002D6512EA780, eventID = 0045, event Info = 0x000002D6512EB010
[GetVolumeInformation]
Dokan Information: SendAndPullEventInformation() with NTSTATUS 0x0, context 0x512ea780, and result object 0x000002D6531C8370 with size 64
###GetFileInfo file handle = 0x000002D6512EA780, eventID = 0045, event Info = 0x000002D6512EB010
	result =  0
	FileAllInformation
	DispatchQueryInformation result =  0
Dokan Information: SendAndPullEventInformation() with NTSTATUS 0x0, context 0x512ea780, and result object 0x000002D6531C8370 with size 140
###Cleanup file handle = 0x000002D6512EA780, eventID = 0045, event Info = 0x000002D6512EB010
Dokan Information: SendAndPullEventInformation() with NTSTATUS 0x0, context 0x512ea780, and result object 0x000002D6531C8370 with size 48
###Close file handle = 0x000002D6512EA780, eventID = 0045, event Info = 0x000002D6512EB010
[Close] \
###Create file handle = 0x000002D6512EAA80, eventID = 0046, event Info = 0x000002D65130C230
[ZwCreateFile] \
Dokan Information: DokanEndDispatchCreate() status = 0, file handle = 0x000002D6512EAA80, eventID = 0046, result = 0x1
Dokan Information: SendAndPullEventInformation() with NTSTATUS 0x0, context 0x512eaa80, and result object 0x000002D6531C8370 with size 48
###QueryVolumeInfo file handle = 0x000002D6512EAA80, eventID = 0046, event Info = 0x000002D65130C230
[GetVolumeInformation]
Dokan Information: SendAndPullEventInformation() with NTSTATUS 0x0, context 0x512eaa80, and result object 0x000002D6531C8370 with size 64
###GetFileInfo file handle = 0x000002D6512EAA80, eventID = 0046, event Info = 0x000002D65130C230
	result =  0
	FileAllInformation
	DispatchQueryInformation result =  0
Dokan Information: SendAndPullEventInformation() with NTSTATUS 0x0, context 0x512eaa80, and result object 0x000002D6531C8370 with size 140
###Cleanup file handle = 0x000002D6512EAA80, eventID = 0046, event Info = 0x000002D65130C230
Dokan Information: SendAndPullEventInformation() with NTSTATUS 0x0, context 0x512eaa80, and result object 0x000002D6531C8370 with size 48
###Close file handle = 0x000002D6512EAA80, eventID = 0046, event Info = 0x000002D65130C230
[Close] \
###Create file handle = 0x000002D6512EA780, eventID = 0047, event Info = 0x000002D6512EB010
[ZwCreateFile] \
Dokan Information: DokanEndDispatchCreate() status = 0, file handle = 0x000002D6512EA780, eventID = 0047, result = 0x1
Dokan Information: SendAndPullEventInformation() with NTSTATUS 0x0, context 0x512ea780, and result object 0x000002D6531C8370 with size 48
###QueryVolumeInfo file handle = 0x000002D6512EA780, eventID = 0047, event Info = 0x000002D6512EB010
[GetVolumeInformation]
Dokan Information: SendAndPullEventInformation() with NTSTATUS 0x0, context 0x512ea780, and result object 0x000002D6531C8370 with size 64
###GetFileInfo file handle = 0x000002D6512EA780, eventID = 0047, event Info = 0x000002D6512EB010
	result =  0
	FileAllInformation
	DispatchQueryInformation result =  0
Dokan Information: SendAndPullEventInformation() with NTSTATUS 0x0, context 0x512ea780, and result object 0x000002D6531C8370 with size 140
###Cleanup file handle = 0x000002D6512EA780, eventID = 0047, event Info = 0x000002D6512EB010
Dokan Information: SendAndPullEventInformation() with NTSTATUS 0x0, context 0x512ea780, and result object 0x000002D6531C8370 with size 48
###Close file handle = 0x000002D6512EA780, eventID = 0047, event Info = 0x000002D6512EB010
[Close] \
###Create file handle = 0x000002D6512EAA80, eventID = 0048, event Info = 0x000002D65130C230
[ZwCreateFile] \
Dokan Information: DokanEndDispatchCreate() status = 0, file handle = 0x000002D6512EAA80, eventID = 0048, result = 0x1
Dokan Information: SendAndPullEventInformation() with NTSTATUS 0x0, context 0x512eaa80, and result object 0x000002D6531C8370 with size 48
###QueryVolumeInfo file handle = 0x000002D6512EAA80, eventID = 0048, event Info = 0x000002D65130C230
[GetVolumeInformation]
Dokan Information: SendAndPullEventInformation() with NTSTATUS 0x0, context 0x512eaa80, and result object 0x000002D6531C8370 with size 64
###GetFileInfo file handle = 0x000002D6512EAA80, eventID = 0048, event Info = 0x000002D65130C230
	result =  0
	FileAllInformation
	DispatchQueryInformation result =  0
Dokan Information: SendAndPullEventInformation() with NTSTATUS 0x0, context 0x512eaa80, and result object 0x000002D6531C8370 with size 140
###Cleanup file handle = 0x000002D6512EAA80, eventID = 0048, event Info = 0x000002D65130C230
Dokan Information: SendAndPullEventInformation() with NTSTATUS 0x0, context 0x512eaa80, and result object 0x000002D6531C8370 with size 48
###Close file handle = 0x000002D6512EAA80, eventID = 0048, event Info = 0x000002D65130C230
[Close] \
###Create file handle = 0x000002D6512EA780, eventID = 0049, event Info = 0x000002D6512EB010
[ZwCreateFile] \
Dokan Information: DokanEndDispatchCreate() status = 0, file handle = 0x000002D6512EA780, eventID = 0049, result = 0x1
Dokan Information: SendAndPullEventInformation() with NTSTATUS 0x0, context 0x512ea780, and result object 0x000002D6531C8370 with size 48
###QueryVolumeInfo file handle = 0x000002D6512EA780, eventID = 0049, event Info = 0x000002D6512EB010
[GetVolumeInformation]
Dokan Information: SendAndPullEventInformation() with NTSTATUS 0x0, context 0x512ea780, and result object 0x000002D6531C8370 with size 64
###GetFileInfo file handle = 0x000002D6512EA780, eventID = 0049, event Info = 0x000002D6512EB010
	result =  0
	FileAllInformation
	DispatchQueryInformation result =  0
Dokan Information: SendAndPullEventInformation() with NTSTATUS 0x0, context 0x512ea780, and result object 0x000002D6531C8370 with size 140
###Cleanup file handle = 0x000002D6512EA780, eventID = 0049, event Info = 0x000002D6512EB010
Dokan Information: SendAndPullEventInformation() with NTSTATUS 0x0, context 0x512ea780, and result object 0x000002D6531C8370 with size 48
###Close file handle = 0x000002D6512EA780, eventID = 0049, event Info = 0x000002D6512EB010
[Close] \
###Create file handle = 0x000002D6512EAA80, eventID = 0050, event Info = 0x000002D65130C230
[ZwCreateFile] \
Dokan Information: DokanEndDispatchCreate() status = 0, file handle = 0x000002D6512EAA80, eventID = 0050, result = 0x1
Dokan Information: SendAndPullEventInformation() with NTSTATUS 0x0, context 0x512eaa80, and result object 0x000002D6531C8370 with size 48
###QueryVolumeInfo file handle = 0x000002D6512EAA80, eventID = 0050, event Info = 0x000002D65130C230
[GetVolumeInformation]
Dokan Information: SendAndPullEventInformation() with NTSTATUS 0x0, context 0x512eaa80, and result object 0x000002D6531C8370 with size 64
###GetFileInfo file handle = 0x000002D6512EAA80, eventID = 0050, event Info = 0x000002D65130C230
	result =  0
	FileAllInformation
	DispatchQueryInformation result =  0
Dokan Information: SendAndPullEventInformation() with NTSTATUS 0x0, context 0x512eaa80, and result object 0x000002D6531C8370 with size 140
###Cleanup file handle = 0x000002D6512EAA80, eventID = 0050, event Info = 0x000002D65130C230
Dokan Information: SendAndPullEventInformation() with NTSTATUS 0x0, context 0x512eaa80, and result object 0x000002D6531C8370 with size 48
###Close file handle = 0x000002D6512EAA80, eventID = 0050, event Info = 0x000002D65130C230
[Close] \
###Create file handle = 0x000002D6512EA780, eventID = 0051, event Info = 0x000002D6512EB010
[ZwCreateFile] \
Dokan Information: DokanEndDispatchCreate() status = 0, file handle = 0x000002D6512EA780, eventID = 0051, result = 0x1
Dokan Information: SendAndPullEventInformation() with NTSTATUS 0x0, context 0x512ea780, and result object 0x000002D6531C8370 with size 48
###QueryVolumeInfo file handle = 0x000002D6512EA780, eventID = 0051, event Info = 0x000002D6512EB010
[GetVolumeInformation]
Dokan Information: SendAndPullEventInformation() with NTSTATUS 0x0, context 0x512ea780, and result object 0x000002D6531C8370 with size 64
###GetFileInfo file handle = 0x000002D6512EA780, eventID = 0051, event Info = 0x000002D6512EB010
	result =  0
	FileAllInformation
	DispatchQueryInformation result =  0
Dokan Information: SendAndPullEventInformation() with NTSTATUS 0x0, context 0x512ea780, and result object 0x000002D6531C8370 with size 140
###Cleanup file handle = 0x000002D6512EA780, eventID = 0051, event Info = 0x000002D6512EB010
Dokan Information: SendAndPullEventInformation() with NTSTATUS 0x0, context 0x512ea780, and result object 0x000002D6531C8370 with size 48
###Close file handle = 0x000002D6512EA780, eventID = 0051, event Info = 0x000002D6512EB010
[Close] \
###Create file handle = 0x000002D6512EAA80, eventID = 0052, event Info = 0x000002D65130C230
[ZwCreateFile] \
Dokan Information: DokanEndDispatchCreate() status = 0, file handle = 0x000002D6512EAA80, eventID = 0052, result = 0x1
Dokan Information: SendAndPullEventInformation() with NTSTATUS 0x0, context 0x512eaa80, and result object 0x000002D6531C8370 with size 48
###QueryVolumeInfo file handle = 0x000002D6512EAA80, eventID = 0052, event Info = 0x000002D65130C230
[GetVolumeInformation]
Dokan Information: SendAndPullEventInformation() with NTSTATUS 0x0, context 0x512eaa80, and result object 0x000002D6531C8370 with size 64
###GetFileInfo file handle = 0x000002D6512EAA80, eventID = 0052, event Info = 0x000002D65130C230
	result =  0
	FileAllInformation
	DispatchQueryInformation result =  0
Dokan Information: SendAndPullEventInformation() with NTSTATUS 0x0, context 0x512eaa80, and result object 0x000002D6531C8370 with size 140
###Cleanup file handle = 0x000002D6512EAA80, eventID = 0052, event Info = 0x000002D65130C230
Dokan Information: SendAndPullEventInformation() with NTSTATUS 0x0, context 0x512eaa80, and result object 0x000002D6531C8370 with size 48
###Close file handle = 0x000002D6512EAA80, eventID = 0052, event Info = 0x000002D65130C230
[Close] \
###Create file handle = 0x000002D6512EA780, eventID = 0053, event Info = 0x000002D6512EB010
[ZwCreateFile] \
Dokan Information: DokanEndDispatchCreate() status = 0, file handle = 0x000002D6512EA780, eventID = 0053, result = 0x1
Dokan Information: SendAndPullEventInformation() with NTSTATUS 0x0, context 0x512ea780, and result object 0x000002D6531C8370 with size 48
###QueryVolumeInfo file handle = 0x000002D6512EA780, eventID = 0053, event Info = 0x000002D6512EB010
[GetVolumeInformation]
Dokan Information: SendAndPullEventInformation() with NTSTATUS 0x0, context 0x512ea780, and result object 0x000002D6531C8370 with size 64
###GetFileInfo file handle = 0x000002D6512EA780, eventID = 0053, event Info = 0x000002D6512EB010
	result =  0
	FileAllInformation
	DispatchQueryInformation result =  0
Dokan Information: SendAndPullEventInformation() with NTSTATUS 0x0, context 0x512ea780, and result object 0x000002D6531C8370 with size 140
###Cleanup file handle = 0x000002D6512EA780, eventID = 0053, event Info = 0x000002D6512EB010
Dokan Information: SendAndPullEventInformation() with NTSTATUS 0x0, context 0x512ea780, and result object 0x000002D6531C8370 with size 48
###Close file handle = 0x000002D6512EA780, eventID = 0053, event Info = 0x000002D6512EB010
[Close] \
###Create file handle = 0x000002D6512EAA80, eventID = 0054, event Info = 0x000002D65130C230
[ZwCreateFile] \
Dokan Information: DokanEndDispatchCreate() status = 0, file handle = 0x000002D6512EAA80, eventID = 0054, result = 0x1
Dokan Information: SendAndPullEventInformation() with NTSTATUS 0x0, context 0x512eaa80, and result object 0x000002D6531C8370 with size 48
###QueryVolumeInfo file handle = 0x000002D6512EAA80, eventID = 0054, event Info = 0x000002D65130C230
[GetVolumeInformation]
Dokan Information: SendAndPullEventInformation() with NTSTATUS 0x0, context 0x512eaa80, and result object 0x000002D6531C8370 with size 64
###GetFileInfo file handle = 0x000002D6512EAA80, eventID = 0054, event Info = 0x000002D65130C230
	result =  0
	FileAllInformation
	DispatchQueryInformation result =  0
Dokan Information: SendAndPullEventInformation() with NTSTATUS 0x0, context 0x512eaa80, and result object 0x000002D6531C8370 with size 140
###Cleanup file handle = 0x000002D6512EAA80, eventID = 0054, event Info = 0x000002D65130C230
Dokan Information: SendAndPullEventInformation() with NTSTATUS 0x0, context 0x512eaa80, and result object 0x000002D6531C8370 with size 48
###Close file handle = 0x000002D6512EAA80, eventID = 0054, event Info = 0x000002D65130C230
[Close] \
###Create file handle = 0x000002D6512EA780, eventID = 0055, event Info = 0x000002D6512EB010
[ZwCreateFile] \
Dokan Information: DokanEndDispatchCreate() status = 0, file handle = 0x000002D6512EA780, eventID = 0055, result = 0x1
Dokan Information: SendAndPullEventInformation() with NTSTATUS 0x0, context 0x512ea780, and result object 0x000002D6531C8370 with size 48
###QueryVolumeInfo file handle = 0x000002D6512EA780, eventID = 0055, event Info = 0x000002D6512EB010
[GetVolumeInformation]
Dokan Information: SendAndPullEventInformation() with NTSTATUS 0x0, context 0x512ea780, and result object 0x000002D6531C8370 with size 64
###GetFileInfo file handle = 0x000002D6512EA780, eventID = 0055, event Info = 0x000002D6512EB010
	result =  0
	FileAllInformation
	DispatchQueryInformation result =  0
Dokan Information: SendAndPullEventInformation() with NTSTATUS 0x0, context 0x512ea780, and result object 0x000002D6531C8370 with size 140
###Cleanup file handle = 0x000002D6512EA780, eventID = 0055, event Info = 0x000002D6512EB010
Dokan Information: SendAndPullEventInformation() with NTSTATUS 0x0, context 0x512ea780, and result object 0x000002D6531C8370 with size 48
###Close file handle = 0x000002D6512EA780, eventID = 0055, event Info = 0x000002D6512EB010
###Create file handle = 0x000002D6512EAA80, eventID = 0056, event Info = 0x000002D65130C230
[Close] \
[ZwCreateFile] \
Dokan Information: DokanEndDispatchCreate() status = 0, file handle = 0x000002D6512EAA80, eventID = 0056, result = 0x1
Dokan Information: SendAndPullEventInformation() with NTSTATUS 0x0, context 0x512eaa80, and result object 0x000002D6531C8370 with size 48
###QueryVolumeInfo file handle = 0x000002D6512EAA80, eventID = 0056, event Info = 0x000002D65130C230
[GetVolumeInformation]
Dokan Information: SendAndPullEventInformation() with NTSTATUS 0x0, context 0x512eaa80, and result object 0x000002D6531C8370 with size 64
###GetFileInfo file handle = 0x000002D6512EAA80, eventID = 0056, event Info = 0x000002D65130C230
	result =  0
	FileAllInformation
	DispatchQueryInformation result =  0
Dokan Information: SendAndPullEventInformation() with NTSTATUS 0x0, context 0x512eaa80, and result object 0x000002D6531C8370 with size 140
###Cleanup file handle = 0x000002D6512EAA80, eventID = 0056, event Info = 0x000002D65130C230
Dokan Information: SendAndPullEventInformation() with NTSTATUS 0x0, context 0x512eaa80, and result object 0x000002D6531C8370 with size 48
###Close file handle = 0x000002D6512EAA80, eventID = 0056, event Info = 0x000002D65130C230
[Close] \
###Create file handle = 0x000002D6512EAA80, eventID = 0057, event Info = 0x000002D6512EB010
[ZwCreateFile] \
Dokan Information: DokanEndDispatchCreate() status = 0, file handle = 0x000002D6512EAA80, eventID = 0057, result = 0x1
Dokan Information: SendAndPullEventInformation() with NTSTATUS 0x0, context 0x512eaa80, and result object 0x000002D6531C8370 with size 48
###QueryVolumeInfo file handle = 0x000002D6512EAA80, eventID = 0057, event Info = 0x000002D6512EB010
[GetVolumeInformation]
Dokan Information: SendAndPullEventInformation() with NTSTATUS 0x0, context 0x512eaa80, and result object 0x000002D6531C8370 with size 64
###GetFileInfo file handle = 0x000002D6512EAA80, eventID = 0057, event Info = 0x000002D6512EB010
	result =  0
	FileAllInformation
	DispatchQueryInformation result =  0
Dokan Information: SendAndPullEventInformation() with NTSTATUS 0x0, context 0x512eaa80, and result object 0x000002D6531C8370 with size 140
###Cleanup file handle = 0x000002D6512EAA80, eventID = 0057, event Info = 0x000002D6512EB010
Dokan Information: SendAndPullEventInformation() with NTSTATUS 0x0, context 0x512eaa80, and result object 0x000002D6531C8370 with size 48
###Close file handle = 0x000002D6512EAA80, eventID = 0057, event Info = 0x000002D6512EB010
[Close] \
###Create file handle = 0x000002D6512EA780, eventID = 0058, event Info = 0x000002D65130C230
[ZwCreateFile] \
Dokan Information: DokanEndDispatchCreate() status = 0, file handle = 0x000002D6512EA780, eventID = 0058, result = 0x1
Dokan Information: SendAndPullEventInformation() with NTSTATUS 0x0, context 0x512ea780, and result object 0x000002D6531C8370 with size 48
###QueryVolumeInfo file handle = 0x000002D6512EA780, eventID = 0058, event Info = 0x000002D65130C230
[GetVolumeInformation]
Dokan Information: SendAndPullEventInformation() with NTSTATUS 0x0, context 0x512ea780, and result object 0x000002D6531C8370 with size 64
###GetFileInfo file handle = 0x000002D6512EA780, eventID = 0058, event Info = 0x000002D65130C230
	result =  0
	FileAllInformation
	DispatchQueryInformation result =  0
Dokan Information: SendAndPullEventInformation() with NTSTATUS 0x0, context 0x512ea780, and result object 0x000002D6531C8370 with size 140
###Cleanup file handle = 0x000002D6512EA780, eventID = 0058, event Info = 0x000002D65130C230
Dokan Information: SendAndPullEventInformation() with NTSTATUS 0x0, context 0x512ea780, and result object 0x000002D6531C8370 with size 48
###Close file handle = 0x000002D6512EA780, eventID = 0058, event Info = 0x000002D65130C230
[Close###Create file handle = 0x000002D6512EAA80, eventID = 0059, event Info = 0x000002D6512EB010
] \
[ZwCreateFile] \
Dokan Information: DokanEndDispatchCreate() status = 0, file handle = 0x000002D6512EAA80, eventID = 0059, result = 0x1
Dokan Information: SendAndPullEventInformation() with NTSTATUS 0x0, context 0x512eaa80, and result object 0x000002D6531C8370 with size 48
###QueryVolumeInfo file handle = 0x000002D6512EAA80, eventID = 0059, event Info = 0x000002D6512EB010
[GetVolumeInformation]
Dokan Information: SendAndPullEventInformation() with NTSTATUS 0x0, context 0x512eaa80, and result object 0x000002D6531C8370 with size 64
###GetFileInfo file handle = 0x000002D6512EAA80, eventID = 0059, event Info = 0x000002D6512EB010
	result =  0
	FileAllInformation
	DispatchQueryInformation result =  0
Dokan Information: SendAndPullEventInformation() with NTSTATUS 0x0, context 0x512eaa80, and result object 0x000002D6531C8370 with size 140
###Cleanup file handle = 0x000002D6512EAA80, eventID = 0059, event Info = 0x000002D6512EB010
Dokan Information: SendAndPullEventInformation() with NTSTATUS 0x0, context 0x512eaa80, and result object 0x000002D6531C8370 with size 48
###Close file handle = 0x000002D6512EAA80, eventID = 0059, event Info = 0x000002D6512EB010
[Close] \
###Create file handle = 0x000002D6512EA780, eventID = 0060, event Info = 0x000002D65130C230
[ZwCreateFile] \
Dokan Information: DokanEndDispatchCreate() status = 0, file handle = 0x000002D6512EA780, eventID = 0060, result = 0x1
Dokan Information: SendAndPullEventInformation() with NTSTATUS 0x0, context 0x512ea780, and result object 0x000002D6531C8370 with size 48
###QueryVolumeInfo file handle = 0x000002D6512EA780, eventID = 0060, event Info = 0x000002D65130C230
[GetVolumeInformation]
Dokan Information: SendAndPullEventInformation() with NTSTATUS 0x0, context 0x512ea780, and result object 0x000002D6531C8370 with size 64
###GetFileInfo file handle = 0x000002D6512EA780, eventID = 0060, event Info = 0x000002D65130C230
	result =  0
	FileAllInformation
	DispatchQueryInformation result =  0
Dokan Information: SendAndPullEventInformation() with NTSTATUS 0x0, context 0x512ea780, and result object 0x000002D6531C8370 with size 140
###Cleanup file handle = 0x000002D6512EA780, eventID = 0060, event Info = 0x000002D65130C230
Dokan Information: SendAndPullEventInformation() with NTSTATUS 0x0, context 0x512ea780, and result object 0x000002D6531C8370 with size 48
###Close file handle = 0x000002D6512EA780, eventID = 0060, event Info = 0x000002D65130C230
[Close] \
###Create file handle = 0x000002D6512EA780, eventID = 0061, event Info = 0x000002D6512EB010
[ZwCreateFile] \
Dokan Information: DokanEndDispatchCreate() status = 0, file handle = 0x000002D6512EA780, eventID = 0061, result = 0x1
Dokan Information: SendAndPullEventInformation() with NTSTATUS 0x0, context 0x512ea780, and result object 0x000002D6531C8370 with size 48
###QueryVolumeInfo file handle = 0x000002D6512EA780, eventID = 0061, event Info = 0x000002D6512EB010
[GetVolumeInformation]
Dokan Information: SendAndPullEventInformation() with NTSTATUS 0x0, context 0x512ea780, and result object 0x000002D6531C8370 with size 64
###GetFileInfo file handle = 0x000002D6512EA780, eventID = 0061, event Info = 0x000002D6512EB010
	result =  0
	FileAllInformation
	DispatchQueryInformation result =  0
Dokan Information: SendAndPullEventInformation() with NTSTATUS 0x0, context 0x512ea780, and result object 0x000002D6531C8370 with size 140
###Cleanup file handle = 0x000002D6512EA780, eventID = 0061, event Info = 0x000002D6512EB010
Dokan Information: SendAndPullEventInformation() with NTSTATUS 0x0, context 0x512ea780, and result object 0x000002D6531C8370 with size 48
###Close file handle = 0x000002D6512EA780, eventID = 0061, event Info = 0x000002D6512EB010
[Close] \
###Create file handle = 0x000002D6512EAA80, eventID = 0062, event Info = 0x000002D65130C230
[ZwCreateFile] \
Dokan Information: DokanEndDispatchCreate() status = 0, file handle = 0x000002D6512EAA80, eventID = 0062, result = 0x1
Dokan Information: SendAndPullEventInformation() with NTSTATUS 0x0, context 0x512eaa80, and result object 0x000002D6531C8370 with size 48
###QueryVolumeInfo file handle = 0x000002D6512EAA80, eventID = 0062, event Info = 0x000002D65130C230
[GetVolumeInformation]
Dokan Information: SendAndPullEventInformation() with NTSTATUS 0x0, context 0x512eaa80, and result object 0x000002D6531C8370 with size 64
###GetFileInfo file handle = 0x000002D6512EAA80, eventID = 0062, event Info = 0x000002D65130C230
	result =  0
	FileAllInformation
	DispatchQueryInformation result =  0
Dokan Information: SendAndPullEventInformation() with NTSTATUS 0x0, context 0x512eaa80, and result object 0x000002D6531C8370 with size 140
###Cleanup file handle = 0x000002D6512EAA80, eventID = 0062, event Info = 0x000002D65130C230
Dokan Information: SendAndPullEventInformation() with NTSTATUS 0x0, context 0x512eaa80, and result object 0x000002D6531C8370 with size 48
###Close file handle = 0x000002D6512EAA80, eventID = 0062, event Info = 0x000002D65130C230
[Close] \
###Create file handle = 0x000002D6512EA780, eventID = 0063, event Info = 0x000002D6512EB010
[ZwCreateFile] \
Dokan Information: DokanEndDispatchCreate() status = 0, file handle = 0x000002D6512EA780, eventID = 0063, result = 0x1
Dokan Information: SendAndPullEventInformation() with NTSTATUS 0x0, context 0x512ea780, and result object 0x000002D6531C8370 with size 48
###QueryVolumeInfo file handle = 0x000002D6512EA780, eventID = 0063, event Info = 0x000002D6512EB010
[GetVolumeInformation]
Dokan Information: SendAndPullEventInformation() with NTSTATUS 0x0, context 0x512ea780, and result object 0x000002D6531C8370 with size 64
###GetFileInfo file handle = 0x000002D6512EA780, eventID = 0063, event Info = 0x000002D6512EB010
	result =  0
	FileAllInformation
	DispatchQueryInformation result =  0
Dokan Information: SendAndPullEventInformation() with NTSTATUS 0x0, context 0x512ea780, and result object 0x000002D6531C8370 with size 140
###Cleanup file handle = 0x000002D6512EA780, eventID = 0063, event Info = 0x000002D6512EB010
Dokan Information: SendAndPullEventInformation() with NTSTATUS 0x0, context 0x512ea780, and result object 0x000002D6531C8370 with size 48
###Close file handle = 0x000002D6512EA780, eventID = 0063, event Info = 0x000002D6512EB010
[Close] \
###Create file handle = 0x000002D6512EAA80, eventID = 0064, event Info = 0x000002D65130C230
[ZwCreateFile] \
Dokan Information: DokanEndDispatchCreate() status = 0, file handle = 0x000002D6512EAA80, eventID = 0064, result = 0x1
Dokan Information: SendAndPullEventInformation() with NTSTATUS 0x0, context 0x512eaa80, and result object 0x000002D6531C8370 with size 48
###QueryVolumeInfo file handle = 0x000002D6512EAA80, eventID = 0064, event Info = 0x000002D65130C230
[GetVolumeInformation]
Dokan Information: SendAndPullEventInformation() with NTSTATUS 0x0, context 0x512eaa80, and result object 0x000002D6531C8370 with size 64
###GetFileInfo file handle = 0x000002D6512EAA80, eventID = 0064, event Info = 0x000002D65130C230
	result =  0
	FileAllInformation
	DispatchQueryInformation result =  0
Dokan Information: SendAndPullEventInformation() with NTSTATUS 0x0, context 0x512eaa80, and result object 0x000002D6531C8370 with size 140
###Cleanup file handle = 0x000002D6512EAA80, eventID = 0064, event Info = 0x000002D65130C230
Dokan Information: SendAndPullEventInformation() with NTSTATUS 0x0, context 0x512eaa80, and result object 0x000002D6531C8370 with size 48
###Close file handle = 0x000002D6512EAA80, eventID = 0064, event Info = 0x000002D65130C230
[Close] \
###Create file handle = 0x000002D6512EA780, eventID = 0065, event Info = 0x000002D6512EB010
[ZwCreateFile] \
Dokan Information: DokanEndDispatchCreate() status = 0, file handle = 0x000002D6512EA780, eventID = 0065, result = 0x1
Dokan Information: SendAndPullEventInformation() with NTSTATUS 0x0, context 0x512ea780, and result object 0x000002D6531C8370 with size 48
###QueryVolumeInfo file handle = 0x000002D6512EA780, eventID = 0065, event Info = 0x000002D6512EB010
[GetVolumeInformation]
Dokan Information: SendAndPullEventInformation() with NTSTATUS 0x0, context 0x512ea780, and result object 0x000002D6531C8370 with size 64
###GetFileInfo file handle = 0x000002D6512EA780, eventID = 0065, event Info = 0x000002D6512EB010
	result =  0
	FileAllInformation
	DispatchQueryInformation result =  0
Dokan Information: SendAndPullEventInformation() with NTSTATUS 0x0, context 0x512ea780, and result object 0x000002D6531C8370 with size 140
###Cleanup file handle = 0x000002D6512EA780, eventID = 0065, event Info = 0x000002D6512EB010
Dokan Information: SendAndPullEventInformation() with NTSTATUS 0x0, context 0x512ea780, and result object 0x000002D6531C8370 with size 48
###Close file handle = 0x000002D6512EA780, eventID = 0065, event Info = 0x000002D6512EB010
[Close] \
###Create file handle = 0x000002D6512EAA80, eventID = 0066, event Info = 0x000002D65130C230
[ZwCreateFile] \
Dokan Information: DokanEndDispatchCreate() status = 0, file handle = 0x000002D6512EAA80, eventID = 0066, result = 0x1
Dokan Information: SendAndPullEventInformation() with NTSTATUS 0x0, context 0x512eaa80, and result object 0x000002D6531C8370 with size 48
###QueryVolumeInfo file handle = 0x000002D6512EAA80, eventID = 0066, event Info = 0x000002D65130C230
[GetVolumeInformation]
Dokan Information: SendAndPullEventInformation() with NTSTATUS 0x0, context 0x512eaa80, and result object 0x000002D6531C8370 with size 64
###GetFileInfo file handle = 0x000002D6512EAA80, eventID = 0066, event Info = 0x000002D65130C230
	result =  0
	FileAllInformation
	DispatchQueryInformation result =  0
Dokan Information: SendAndPullEventInformation() with NTSTATUS 0x0, context 0x512eaa80, and result object 0x000002D6531C8370 with size 140
###Cleanup file handle = 0x000002D6512EAA80, eventID = 0066, event Info = 0x000002D65130C230
Dokan Information: SendAndPullEventInformation() with NTSTATUS 0x0, context 0x512eaa80, and result object 0x000002D6531C8370 with size 48
###Close file handle = 0x000002D6512EAA80, eventID = 0066, event Info = 0x000002D65130C230
[Close] \
###Create file handle = 0x000002D6512EA780, eventID = 0067, event Info = 0x000002D6512EB010
[ZwCreateFile] \
Dokan Information: DokanEndDispatchCreate() status = 0, file handle = 0x000002D6512EA780, eventID = 0067, result = 0x1
Dokan Information: SendAndPullEventInformation() with NTSTATUS 0x0, context 0x512ea780, and result object 0x000002D6531C8370 with size 48
###QueryVolumeInfo file handle = 0x000002D6512EA780, eventID = 0067, event Info = 0x000002D6512EB010
[GetVolumeInformation]
Dokan Information: SendAndPullEventInformation() with NTSTATUS 0x0, context 0x512ea780, and result object 0x000002D6531C8370 with size 64
###GetFileInfo file handle = 0x000002D6512EA780, eventID = 0067, event Info = 0x000002D6512EB010
	result =  0
	FileAllInformation
	DispatchQueryInformation result =  0
Dokan Information: SendAndPullEventInformation() with NTSTATUS 0x0, context 0x512ea780, and result object 0x000002D6531C8370 with size 140
###Cleanup file handle = 0x000002D6512EA780, eventID = 0067, event Info = 0x000002D6512EB010
Dokan Information: SendAndPullEventInformation() with NTSTATUS 0x0, context 0x512ea780, and result object 0x000002D6531C8370 with size 48
###Close file handle = 0x000002D6512EA780, eventID = 0067, event Info = 0x000002D6512EB010
[Close] \
###Create file handle = 0x000002D6512EAA80, eventID = 0068, event Info = 0x000002D65130C230
[ZwCreateFile] \
Dokan Information: DokanEndDispatchCreate() status = 0, file handle = 0x000002D6512EAA80, eventID = 0068, result = 0x1
Dokan Information: SendAndPullEventInformation() with NTSTATUS 0x0, context 0x512eaa80, and result object 0x000002D6531C8370 with size 48
###QueryVolumeInfo file handle = 0x000002D6512EAA80, eventID = 0068, event Info = 0x000002D65130C230
[GetVolumeInformation]
Dokan Information: SendAndPullEventInformation() with NTSTATUS 0x0, context 0x512eaa80, and result object 0x000002D6531C8370 with size 64
###GetFileInfo file handle = 0x000002D6512EAA80, eventID = 0068, event Info = 0x000002D65130C230
	result =  0
	FileAllInformation
	DispatchQueryInformation result =  0
Dokan Information: SendAndPullEventInformation() with NTSTATUS 0x0, context 0x512eaa80, and result object 0x000002D6531C8370 with size 140
###Cleanup file handle = 0x000002D6512EAA80, eventID = 0068, event Info = 0x000002D65130C230
Dokan Information: SendAndPullEventInformation() with NTSTATUS 0x0, context 0x512eaa80, and result object 0x000002D6531C8370 with size 48
###Close file handle = 0x000002D6512EAA80, eventID = 0068, event Info = 0x000002D65130C230
[Close] \
###Create file handle = 0x000002D6512EA780, eventID = 0069, event Info = 0x000002D6512EB010
[ZwCreateFile] \
Dokan Information: DokanEndDispatchCreate() status = 0, file handle = 0x000002D6512EA780, eventID = 0069, result = 0x1
Dokan Information: SendAndPullEventInformation() with NTSTATUS 0x0, context 0x512ea780, and result object 0x000002D6531C8370 with size 48
###QueryVolumeInfo file handle = 0x000002D6512EA780, eventID = 0069, event Info = 0x000002D6512EB010
[GetVolumeInformation]
Dokan Information: SendAndPullEventInformation() with NTSTATUS 0x0, context 0x512ea780, and result object 0x000002D6531C8370 with size 64
###GetFileInfo file handle = 0x000002D6512EA780, eventID = 0069, event Info = 0x000002D6512EB010
	result =  0
	FileAllInformation
	DispatchQueryInformation result =  0
Dokan Information: SendAndPullEventInformation() with NTSTATUS 0x0, context 0x512ea780, and result object 0x000002D6531C8370 with size 140
###Cleanup file handle = 0x000002D6512EA780, eventID = 0069, event Info = 0x000002D6512EB010
Dokan Information: SendAndPullEventInformation() with NTSTATUS 0x0, context 0x512ea780, and result object 0x000002D6531C8370 with size 48
###Close file handle = 0x000002D6512EA780, eventID = 0069, event Info = 0x000002D6512EB010
[Close] \
###Create file handle = 0x000002D6512EAA80, eventID = 0070, event Info = 0x000002D65130C230
[ZwCreateFile] \
Dokan Information: DokanEndDispatchCreate() status = 0, file handle = 0x000002D6512EAA80, eventID = 0070, result = 0x1
Dokan Information: SendAndPullEventInformation() with NTSTATUS 0x0, context 0x512eaa80, and result object 0x000002D6531C8370 with size 48
###QueryVolumeInfo file handle = 0x000002D6512EAA80, eventID = 0070, event Info = 0x000002D65130C230
[GetVolumeInformation]
Dokan Information: SendAndPullEventInformation() with NTSTATUS 0x0, context 0x512eaa80, and result object 0x000002D6531C8370 with size 64
###GetFileInfo file handle = 0x000002D6512EAA80, eventID = 0070, event Info = 0x000002D65130C230
	result =  0
	FileAllInformation
	DispatchQueryInformation result =  0
Dokan Information: SendAndPullEventInformation() with NTSTATUS 0x0, context 0x512eaa80, and result object 0x000002D6531C8370 with size 140
###Cleanup file handle = 0x000002D6512EAA80, eventID = 0070, event Info = 0x000002D65130C230
Dokan Information: SendAndPullEventInformation() with NTSTATUS 0x0, context 0x512eaa80, and result object 0x000002D6531C8370 with size 48
###Close file handle = 0x000002D6512EAA80, eventID = 0070, event Info = 0x000002D65130C230
[Close] \
###Create file handle = 0x000002D6512EA780, eventID = 0071, event Info = 0x000002D6512EB010
[ZwCreateFile] \
Dokan Information: DokanEndDispatchCreate() status = 0, file handle = 0x000002D6512EA780, eventID = 0071, result = 0x1
Dokan Information: SendAndPullEventInformation() with NTSTATUS 0x0, context 0x512ea780, and result object 0x000002D6531C8370 with size 48
###QueryVolumeInfo file handle = 0x000002D6512EA780, eventID = 0071, event Info = 0x000002D6512EB010
[GetVolumeInformation]
Dokan Information: SendAndPullEventInformation() with NTSTATUS 0x0, context 0x512ea780, and result object 0x000002D6531C8370 with size 64
###GetFileInfo file handle = 0x000002D6512EA780, eventID = 0071, event Info = 0x000002D6512EB010
	result =  0
	FileAllInformation
	DispatchQueryInformation result =  0
Dokan Information: SendAndPullEventInformation() with NTSTATUS 0x0, context 0x512ea780, and result object 0x000002D6531C8370 with size 140
###Cleanup file handle = 0x000002D6512EA780, eventID = 0071, event Info = 0x000002D6512EB010
Dokan Information: SendAndPullEventInformation() with NTSTATUS 0x0, context 0x512ea780, and result object 0x000002D6531C8370 with size 48
###Close file handle = 0x000002D6512EA780, eventID = 0071, event Info = 0x000002D6512EB010
[Close] \
###Create file handle = 0x000002D6512EAA80, eventID = 0072, event Info = 0x000002D65130C230
[ZwCreateFile] \
Dokan Information: DokanEndDispatchCreate() status = 0, file handle = 0x000002D6512EAA80, eventID = 0072, result = 0x1
Dokan Information: SendAndPullEventInformation() with NTSTATUS 0x0, context 0x512eaa80, and result object 0x000002D6531C8370 with size 48
###QueryVolumeInfo file handle = 0x000002D6512EAA80, eventID = 0072, event Info = 0x000002D65130C230
[GetVolumeInformation]
Dokan Information: SendAndPullEventInformation() with NTSTATUS 0x0, context 0x512eaa80, and result object 0x000002D6531C8370 with size 64
###GetFileInfo file handle = 0x000002D6512EAA80, eventID = 0072, event Info = 0x000002D65130C230
	result =  0
	FileAllInformation
	DispatchQueryInformation result =  0
Dokan Information: SendAndPullEventInformation() with NTSTATUS 0x0, context 0x512eaa80, and result object 0x000002D6531C8370 with size 140
###Cleanup file handle = 0x000002D6512EAA80, eventID = 0072, event Info = 0x000002D65130C230
Dokan Information: SendAndPullEventInformation() with NTSTATUS 0x0, context 0x512eaa80, and result object 0x000002D6531C8370 with size 48
###Close file handle = 0x000002D6512EAA80, eventID = 0072, event Info = 0x000002D65130C230
[Close] \
###Create file handle = 0x000002D6512EA780, eventID = 0073, event Info = 0x000002D6512EB010
[ZwCreateFile] \
Dokan Information: DokanEndDispatchCreate() status = 0, file handle = 0x000002D6512EA780, eventID = 0073, result = 0x1
Dokan Information: SendAndPullEventInformation() with NTSTATUS 0x0, context 0x512ea780, and result object 0x000002D6531C8370 with size 48
###QueryVolumeInfo file handle = 0x000002D6512EA780, eventID = 0073, event Info = 0x000002D6512EB010
[GetVolumeInformation]
Dokan Information: SendAndPullEventInformation() with NTSTATUS 0x0, context 0x512ea780, and result object 0x000002D6531C8370 with size 64
###GetFileInfo file handle = 0x000002D6512EA780, eventID = 0073, event Info = 0x000002D6512EB010
	result =  0
	FileAllInformation
	DispatchQueryInformation result =  0
Dokan Information: SendAndPullEventInformation() with NTSTATUS 0x0, context 0x512ea780, and result object 0x000002D6531C8370 with size 140
###Cleanup file handle = 0x000002D6512EA780, eventID = 0073, event Info = 0x000002D6512EB010
Dokan Information: SendAndPullEventInformation() with NTSTATUS 0x0, context 0x512ea780, and result object 0x000002D6531C8370 with size 48
###Close file handle = 0x000002D6512EA780, eventID = 0073, event Info = 0x000002D6512EB010
[Close] \
###Create file handle = 0x000002D6512EAA80, eventID = 0074, event Info = 0x000002D65130C230
[ZwCreateFile] \
Dokan Information: DokanEndDispatchCreate() status = 0, file handle = 0x000002D6512EAA80, eventID = 0074, result = 0x1
Dokan Information: SendAndPullEventInformation() with NTSTATUS 0x0, context 0x512eaa80, and result object 0x000002D6531C8370 with size 48
###QueryVolumeInfo file handle = 0x000002D6512EAA80, eventID = 0074, event Info = 0x000002D65130C230
[GetVolumeInformation]
Dokan Information: SendAndPullEventInformation() with NTSTATUS 0x0, context 0x512eaa80, and result object 0x000002D6531C8370 with size 64
###GetFileInfo file handle = 0x000002D6512EAA80, eventID = 0074, event Info = 0x000002D65130C230
	result =  0
	FileAllInformation
	DispatchQueryInformation result =  0
Dokan Information: SendAndPullEventInformation() with NTSTATUS 0x0, context 0x512eaa80, and result object 0x000002D6531C8370 with size 140
###Cleanup file handle = 0x000002D6512EAA80, eventID = 0074, event Info = 0x000002D65130C230
Dokan Information: SendAndPullEventInformation() with NTSTATUS 0x0, context 0x512eaa80, and result object 0x000002D6531C8370 with size 48
###Close file handle = 0x000002D6512EAA80, eventID = 0074, event Info = 0x000002D65130C230
[Clo###Create file handle = 0x000002D6512EA780, eventID = 0075, event Info = 0x000002D6512EB010
se] \
[ZwCreateFile] \
Dokan Information: DokanEndDispatchCreate() status = 0, file handle = 0x000002D6512EA780, eventID = 0075, result = 0x1
Dokan Information: SendAndPullEventInformation() with NTSTATUS 0x0, context 0x512ea780, and result object 0x000002D6531C8370 with size 48
###QueryVolumeInfo file handle = 0x000002D6512EA780, eventID = 0075, event Info = 0x000002D6512EB010
[GetVolumeInformation]
Dokan Information: SendAndPullEventInformation() with NTSTATUS 0x0, context 0x512ea780, and result object 0x000002D6531C8370 with size 64
###GetFileInfo file handle = 0x000002D6512EA780, eventID = 0075, event Info = 0x000002D6512EB010
	result =  0
	FileAllInformation
	DispatchQueryInformation result =  0
Dokan Information: SendAndPullEventInformation() with NTSTATUS 0x0, context 0x512ea780, and result object 0x000002D6531C8370 with size 140
###Cleanup file handle = 0x000002D6512EA780, eventID = 0075, event Info = 0x000002D6512EB010
Dokan Information: SendAndPullEventInformation() with NTSTATUS 0x0, context 0x512ea780, and result object 0x000002D6531C8370 with size 48
###Close file handle = 0x000002D6512EA780, eventID = 0075, event Info = 0x000002D6512EB010
[Close] \
###Create file handle = 0x000002D6512EAA80, eventID = 0076, event Info = 0x000002D65130C230
[ZwCreateFile] \
Dokan Information: DokanEndDispatchCreate() status = 0, file handle = 0x000002D6512EAA80, eventID = 0076, result = 0x1
Dokan Information: SendAndPullEventInformation() with NTSTATUS 0x0, context 0x512eaa80, and result object 0x000002D6531C8370 with size 48
###QueryVolumeInfo file handle = 0x000002D6512EAA80, eventID = 0076, event Info = 0x000002D65130C230
[GetVolumeInformation]
Dokan Information: SendAndPullEventInformation() with NTSTATUS 0x0, context 0x512eaa80, and result object 0x000002D6531C8370 with size 64
###GetFileInfo file handle = 0x000002D6512EAA80, eventID = 0076, event Info = 0x000002D65130C230
	result =  0
	FileAllInformation
	DispatchQueryInformation result =  0
Dokan Information: SendAndPullEventInformation() with NTSTATUS 0x0, context 0x512eaa80, and result object 0x000002D6531C8370 with size 140
###Cleanup file handle = 0x000002D6512EAA80, eventID = 0076, event Info = 0x000002D65130C230
Dokan Information: SendAndPullEventInformation() with NTSTATUS 0x0, context 0x512eaa80, and result object 0x000002D6531C8370 with size 48
###Close file handle = 0x000002D6512EAA80, eventID = 0076, event Info = 0x000002D65130C230
[Close] \
###Create file handle = 0x000002D6512EA780, eventID = 0077, event Info = 0x000002D6512EB010
[ZwCreateFile] \
Dokan Information: DokanEndDispatchCreate() status = 0, file handle = 0x000002D6512EA780, eventID = 0077, result = 0x1
Dokan Information: SendAndPullEventInformation() with NTSTATUS 0x0, context 0x512ea780, and result object 0x000002D6531C8370 with size 48
###QueryVolumeInfo file handle = 0x000002D6512EA780, eventID = 0077, event Info = 0x000002D6512EB010
[GetVolumeInformation]
Dokan Information: SendAndPullEventInformation() with NTSTATUS 0x0, context 0x512ea780, and result object 0x000002D6531C8370 with size 64
###GetFileInfo file handle = 0x000002D6512EA780, eventID = 0077, event Info = 0x000002D6512EB010
	result =  0
	FileAllInformation
	DispatchQueryInformation result =  0
Dokan Information: SendAndPullEventInformation() with NTSTATUS 0x0, context 0x512ea780, and result object 0x000002D6531C8370 with size 140
###Cleanup file handle = 0x000002D6512EA780, eventID = 0077, event Info = 0x000002D6512EB010
Dokan Information: SendAndPullEventInformation() with NTSTATUS 0x0, context 0x512ea780, and result object 0x000002D6531C8370 with size 48
###Close file handle = 0x000002D6512EA780, eventID = 0077, event Info = 0x000002D6512EB010
[Close] \
###Create file handle = 0x000002D6512EAA80, eventID = 0078, event Info = 0x000002D65130C230
[ZwCreateFile] \
Dokan Information: DokanEndDispatchCreate() status = 0, file handle = 0x000002D6512EAA80, eventID = 0078, result = 0x1
Dokan Information: SendAndPullEventInformation() with NTSTATUS 0x0, context 0x512eaa80, and result object 0x000002D6531C8370 with size 48
###QueryVolumeInfo file handle = 0x000002D6512EAA80, eventID = 0078, event Info = 0x000002D65130C230
[GetVolumeInformation]
Dokan Information: SendAndPullEventInformation() with NTSTATUS 0x0, context 0x512eaa80, and result object 0x000002D6531C8370 with size 64
###GetFileInfo file handle = 0x000002D6512EAA80, eventID = 0078, event Info = 0x000002D65130C230
	result =  0
	FileAllInformation
	DispatchQueryInformation result =  0
Dokan Information: SendAndPullEventInformation() with NTSTATUS 0x0, context 0x512eaa80, and result object 0x000002D6531C8370 with size 140
###Cleanup file handle = 0x000002D6512EAA80, eventID = 0078, event Info = 0x000002D65130C230
Dokan Information: SendAndPullEventInformation() with NTSTATUS 0x0, context 0x512eaa80, and result object 0x000002D6531C8370 with size 48
###Close file handle = 0x000002D6512EAA80, eventID = 0078, event Info = 0x000002D65130C230
[Close] \
###Create file handle = 0x000002D6512EA780, eventID = 0079, event Info = 0x000002D6512EB010
[ZwCreateFile] \
Dokan Information: DokanEndDispatchCreate() status = 0, file handle = 0x000002D6512EA780, eventID = 0079, result = 0x1
Dokan Information: SendAndPullEventInformation() with NTSTATUS 0x0, context 0x512ea780, and result object 0x000002D6531C8370 with size 48
###QueryVolumeInfo file handle = 0x000002D6512EA780, eventID = 0079, event Info = 0x000002D6512EB010
[GetVolumeInformation]
Dokan Information: SendAndPullEventInformation() with NTSTATUS 0x0, context 0x512ea780, and result object 0x000002D6531C8370 with size 64
###GetFileInfo file handle = 0x000002D6512EA780, eventID = 0079, event Info = 0x000002D6512EB010
	result =  0
	FileAllInformation
	DispatchQueryInformation result =  0
Dokan Information: SendAndPullEventInformation() with NTSTATUS 0x0, context 0x512ea780, and result object 0x000002D6531C8370 with size 140
###Cleanup file handle = 0x000002D6512EA780, eventID = 0079, event Info = 0x000002D6512EB010
Dokan Information: SendAndPullEventInformation() with NTSTATUS 0x0, context 0x512ea780, and result object 0x000002D6531C8370 with size 48
###Close file handle = 0x000002D6512EA780, eventID = 0079, event Info = 0x000002D6512EB010
[Close] \
###Create file handle = 0x000002D6512EAA80, eventID = 0080, event Info = 0x000002D65130C230
[ZwCreateFile] \
Dokan Information: DokanEndDispatchCreate() status = 0, file handle = 0x000002D6512EAA80, eventID = 0080, result = 0x1
Dokan Information: SendAndPullEventInformation() with NTSTATUS 0x0, context 0x512eaa80, and result object 0x000002D6531C8370 with size 48
###QueryVolumeInfo file handle = 0x000002D6512EAA80, eventID = 0080, event Info = 0x000002D65130C230
[GetVolumeInformation]
Dokan Information: SendAndPullEventInformation() with NTSTATUS 0x0, context 0x512eaa80, and result object 0x000002D6531C8370 with size 64
###GetFileInfo file handle = 0x000002D6512EAA80, eventID = 0080, event Info = 0x000002D65130C230
	result =  0
	FileAllInformation
	DispatchQueryInformation result =  0
Dokan Information: SendAndPullEventInformation() with NTSTATUS 0x0, context 0x512eaa80, and result object 0x000002D6531C8370 with size 140
###Cleanup file handle = 0x000002D6512EAA80, eventID = 0080, event Info = 0x000002D65130C230
Dokan Information: SendAndPullEventInformation() with NTSTATUS 0x0, context 0x512eaa80, and result object 0x000002D6531C8370 with size 48
###Close file handle = 0x000002D6512EAA80, eventID = 0080, event Info = 0x000002D65130C230
[Close] \
###Create file handle = 0x000002D6512EA780, eventID = 0081, event Info = 0x000002D6512EB010
[ZwCreateFile] \
Dokan Information: DokanEndDispatchCreate() status = 0, file handle = 0x000002D6512EA780, eventID = 0081, result = 0x1
Dokan Information: SendAndPullEventInformation() with NTSTATUS 0x0, context 0x512ea780, and result object 0x000002D6531C8370 with size 48
###QueryVolumeInfo file handle = 0x000002D6512EA780, eventID = 0081, event Info = 0x000002D6512EB010
[GetVolumeInformation]
Dokan Information: SendAndPullEventInformation() with NTSTATUS 0x0, context 0x512ea780, and result object 0x000002D6531C8370 with size 64
###GetFileInfo file handle = 0x000002D6512EA780, eventID = 0081, event Info = 0x000002D6512EB010
	result =  0
	FileAllInformation
	DispatchQueryInformation result =  0
Dokan Information: SendAndPullEventInformation() with NTSTATUS 0x0, context 0x512ea780, and result object 0x000002D6531C8370 with size 140
###Cleanup file handle = 0x000002D6512EA780, eventID = 0081, event Info = 0x000002D6512EB010
Dokan Information: SendAndPullEventInformation() with NTSTATUS 0x0, context 0x512ea780, and result object 0x000002D6531C8370 with size 48
###Close file handle = 0x000002D6512EA780, eventID = 0081, event Info = 0x000002D6512EB010
[Close] \
###Create file handle = 0x000002D6512EAA80, eventID = 0082, event Info = 0x000002D65130C230
[ZwCreateFile] \
Dokan Information: DokanEndDispatchCreate() status = 0, file handle = 0x000002D6512EAA80, eventID = 0082, result = 0x1
Dokan Information: SendAndPullEventInformation() with NTSTATUS 0x0, context 0x512eaa80, and result object 0x000002D6531C8370 with size 48
###QueryVolumeInfo file handle = 0x000002D6512EAA80, eventID = 0082, event Info = 0x000002D65130C230
[GetVolumeInformation]
Dokan Information: SendAndPullEventInformation() with NTSTATUS 0x0, context 0x512eaa80, and result object 0x000002D6531C8370 with size 64
###GetFileInfo file handle = 0x000002D6512EAA80, eventID = 0082, event Info = 0x000002D65130C230
	result =  0
	FileAllInformation
	DispatchQueryInformation result =  0
Dokan Information: SendAndPullEventInformation() with NTSTATUS 0x0, context 0x512eaa80, and result object 0x000002D6531C8370 with size 140
###Cleanup file handle = 0x000002D6512EAA80, eventID = 0082, event Info = 0x000002D65130C230
Dokan Information: SendAndPullEventInformation() with NTSTATUS 0x0, context 0x512eaa80, and result object 0x000002D6531C8370 with size 48
###Close file handle = 0x000002D6512EAA80, eventID = 0082, event Info = 0x000002D65130C230
[Close] \
###Create file handle = 0x000002D6512EA780, eventID = 0083, event Info = 0x000002D6512EB010
[ZwCreateFile] \
Dokan Information: DokanEndDispatchCreate() status = 0, file handle = 0x000002D6512EA780, eventID = 0083, result = 0x1
Dokan Information: SendAndPullEventInformation() with NTSTATUS 0x0, context 0x512ea780, and result object 0x000002D6531C8370 with size 48
###QueryVolumeInfo file handle = 0x000002D6512EA780, eventID = 0083, event Info = 0x000002D6512EB010
[GetVolumeInformation]
Dokan Information: SendAndPullEventInformation() with NTSTATUS 0x0, context 0x512ea780, and result object 0x000002D6531C8370 with size 64
###GetFileInfo file handle = 0x000002D6512EA780, eventID = 0083, event Info = 0x000002D6512EB010
	result =  0
	FileAllInformation
	DispatchQueryInformation result =  0
Dokan Information: SendAndPullEventInformation() with NTSTATUS 0x0, context 0x512ea780, and result object 0x000002D6531C8370 with size 140
###Cleanup file handle = 0x000002D6512EA780, eventID = 0083, event Info = 0x000002D6512EB010
Dokan Information: SendAndPullEventInformation() with NTSTATUS 0x0, context 0x512ea780, and result object 0x000002D6531C8370 with size 48
###Close file handle = 0x000002D6512EA780, eventID = 0083, event Info = 0x000002D6512EB010
[Close] \
###Create file handle = 0x000002D6512EAA80, eventID = 0084, event Info = 0x000002D65130C230
[ZwCreateFile] \
Dokan Information: DokanEndDispatchCreate() status = 0, file handle = 0x000002D6512EAA80, eventID = 0084, result = 0x1
Dokan Information: SendAndPullEventInformation() with NTSTATUS 0x0, context 0x512eaa80, and result object 0x000002D6531C8370 with size 48
###QueryVolumeInfo file handle = 0x000002D6512EAA80, eventID = 0084, event Info = 0x000002D65130C230
[GetVolumeInformation]
Dokan Information: SendAndPullEventInformation() with NTSTATUS 0x0, context 0x512eaa80, and result object 0x000002D6531C8370 with size 64
###GetFileInfo file handle = 0x000002D6512EAA80, eventID = 0084, event Info = 0x000002D65130C230
	result =  0
	FileAllInformation
	DispatchQueryInformation result =  0
Dokan Information: SendAndPullEventInformation() with NTSTATUS 0x0, context 0x512eaa80, and result object 0x000002D6531C8370 with size 140
###Cleanup file handle = 0x000002D6512EAA80, eventID = 0084, event Info = 0x000002D65130C230
Dokan Information: SendAndPullEventInformation() with NTSTATUS 0x0, context 0x512eaa80, and result object 0x000002D6531C8370 with size 48
###Close file handle = 0x000002D6512EAA80, eventID = 0084, event Info = 0x000002D65130C230
[Close] \
###Create file handle = 0x000002D6512EA780, eventID = 0085, event Info = 0x000002D6512EB010
[ZwCreateFile] \
Dokan Information: DokanEndDispatchCreate() status = 0, file handle = 0x000002D6512EA780, eventID = 0085, result = 0x1
Dokan Information: SendAndPullEventInformation() with NTSTATUS 0x0, context 0x512ea780, and result object 0x000002D6531C8370 with size 48
###QueryVolumeInfo file handle = 0x000002D6512EA780, eventID = 0085, event Info = 0x000002D6512EB010
[GetVolumeInformation]
Dokan Information: SendAndPullEventInformation() with NTSTATUS 0x0, context 0x512ea780, and result object 0x000002D6531C8370 with size 64
###GetFileInfo file handle = 0x000002D6512EA780, eventID = 0085, event Info = 0x000002D6512EB010
	result =  0
	FileAllInformation
	DispatchQueryInformation result =  0
Dokan Information: SendAndPullEventInformation() with NTSTATUS 0x0, context 0x512ea780, and result object 0x000002D6531C8370 with size 140
###Cleanup file handle = 0x000002D6512EA780, eventID = 0085, event Info = 0x000002D6512EB010
Dokan Information: SendAndPullEventInformation() with NTSTATUS 0x0, context 0x512ea780, and result object 0x000002D6531C8370 with size 48
###Close file handle = 0x000002D6512EA780, eventID = 0085, event Info = 0x000002D6512EB010
[Close] \
###Create file handle = 0x000002D6512EAA80, eventID = 0086, event Info = 0x000002D65130C230
[ZwCreateFile] \
Dokan Information: DokanEndDispatchCreate() status = 0, file handle = 0x000002D6512EAA80, eventID = 0086, result = 0x1
Dokan Information: SendAndPullEventInformation() with NTSTATUS 0x0, context 0x512eaa80, and result object 0x000002D6531C8370 with size 48
###QueryVolumeInfo file handle = 0x000002D6512EAA80, eventID = 0086, event Info = 0x000002D65130C230
[GetVolumeInformation]
Dokan Information: SendAndPullEventInformation() with NTSTATUS 0x0, context 0x512eaa80, and result object 0x000002D6531C8370 with size 64
###GetFileInfo file handle = 0x000002D6512EAA80, eventID = 0086, event Info = 0x000002D65130C230
	result =  0
	FileAllInformation
	DispatchQueryInformation result =  0
Dokan Information: SendAndPullEventInformation() with NTSTATUS 0x0, context 0x512eaa80, and result object 0x000002D6531C8370 with size 140
###Cleanup file handle = 0x000002D6512EAA80, eventID = 0086, event Info = 0x000002D65130C230
Dokan Information: SendAndPullEventInformation() with NTSTATUS 0x0, context 0x512eaa80, and result object 0x000002D6531C8370 with size 48
###Close file handle = 0x000002D6512EAA80, eventID = 0086, event Info = 0x000002D65130C230
[Close] \
###Create file handle = 0x000002D6512EA780, eventID = 0087, event Info = 0x000002D6512EB010
[ZwCreateFile] \
Dokan Information: DokanEndDispatchCreate() status = 0, file handle = 0x000002D6512EA780, eventID = 0087, result = 0x1
Dokan Information: SendAndPullEventInformation() with NTSTATUS 0x0, context 0x512ea780, and result object 0x000002D6531C8370 with size 48
###QueryVolumeInfo file handle = 0x000002D6512EA780, eventID = 0087, event Info = 0x000002D6512EB010
[GetVolumeInformation]
Dokan Information: SendAndPullEventInformation() with NTSTATUS 0x0, context 0x512ea780, and result object 0x000002D6531C8370 with size 64
###GetFileInfo file handle = 0x000002D6512EA780, eventID = 0087, event Info = 0x000002D6512EB010
	result =  0
	FileAllInformation
	DispatchQueryInformation result =  0
Dokan Information: SendAndPullEventInformation() with NTSTATUS 0x0, context 0x512ea780, and result object 0x000002D6531C8370 with size 140
###Cleanup file handle = 0x000002D6512EA780, eventID = 0087, event Info = 0x000002D6512EB010
Dokan Information: SendAndPullEventInformation() with NTSTATUS 0x0, context 0x512ea780, and result object 0x000002D6531C8370 with size 48
###Close file handle = 0x000002D6512EA780, eventID = 0087, event Info = 0x000002D6512EB010
[Close] \
###Create file handle = 0x000002D6512EAA80, eventID = 0088, event Info = 0x000002D65130C230
[ZwCreateFile] \
Dokan Information: DokanEndDispatchCreate() status = 0, file handle = 0x000002D6512EAA80, eventID = 0088, result = 0x1
Dokan Information: SendAndPullEventInformation() with NTSTATUS 0x0, context 0x512eaa80, and result object 0x000002D6531C8370 with size 48
###QueryVolumeInfo file handle = 0x000002D6512EAA80, eventID = 0088, event Info = 0x000002D65130C230
[GetVolumeInformation]
Dokan Information: SendAndPullEventInformation() with NTSTATUS 0x0, context 0x512eaa80, and result object 0x000002D6531C8370 with size 64
###GetFileInfo file handle = 0x000002D6512EAA80, eventID = 0088, event Info = 0x000002D65130C230
	result =  0
	FileAllInformation
	DispatchQueryInformation result =  0
Dokan Information: SendAndPullEventInformation() with NTSTATUS 0x0, context 0x512eaa80, and result object 0x000002D6531C8370 with size 140
###Cleanup file handle = 0x000002D6512EAA80, eventID = 0088, event Info = 0x000002D65130C230
Dokan Information: SendAndPullEventInformation() with NTSTATUS 0x0, context 0x512eaa80, and result object 0x000002D6531C8370 with size 48
###Close file handle = 0x000002D6512EAA80, eventID = 0088, event Info = 0x000002D65130C230
[Close] \
###Create file handle = 0x000002D6512EA780, eventID = 0089, event Info = 0x000002D6512EB010
[ZwCreateFile] \
Dokan Information: DokanEndDispatchCreate() status = 0, file handle = 0x000002D6512EA780, eventID = 0089, result = 0x1
Dokan Information: SendAndPullEventInformation() with NTSTATUS 0x0, context 0x512ea780, and result object 0x000002D6531C8370 with size 48
###QueryVolumeInfo file handle = 0x000002D6512EA780, eventID = 0089, event Info = 0x000002D6512EB010
[GetVolumeInformation]
Dokan Information: SendAndPullEventInformation() with NTSTATUS 0x0, context 0x512ea780, and result object 0x000002D6531C8370 with size 64
###GetFileInfo file handle = 0x000002D6512EA780, eventID = 0089, event Info = 0x000002D6512EB010
	result =  0
	FileAllInformation
	DispatchQueryInformation result =  0
Dokan Information: SendAndPullEventInformation() with NTSTATUS 0x0, context 0x512ea780, and result object 0x000002D6531C8370 with size 140
###Cleanup file handle = 0x000002D6512EA780, eventID = 0089, event Info = 0x000002D6512EB010
Dokan Information: SendAndPullEventInformation() with NTSTATUS 0x0, context 0x512ea780, and result object 0x000002D6531C8370 with size 48
###Close file handle = 0x000002D6512EA780, eventID = 0089, event Info = 0x000002D6512EB010
[Close] \
###Create file handle = 0x000002D6512EAA80, eventID = 0090, event Info = 0x000002D65130C230
[ZwCreateFile] \
Dokan Information: DokanEndDispatchCreate() status = 0, file handle = 0x000002D6512EAA80, eventID = 0090, result = 0x1
Dokan Information: SendAndPullEventInformation() with NTSTATUS 0x0, context 0x512eaa80, and result object 0x000002D6531C8370 with size 48
###QueryVolumeInfo file handle = 0x000002D6512EAA80, eventID = 0090, event Info = 0x000002D65130C230
[GetVolumeInformation]
Dokan Information: SendAndPullEventInformation() with NTSTATUS 0x0, context 0x512eaa80, and result object 0x000002D6531C8370 with size 64
###GetFileInfo file handle = 0x000002D6512EAA80, eventID = 0090, event Info = 0x000002D65130C230
	result =  0
	FileAllInformation
	DispatchQueryInformation result =  0
Dokan Information: SendAndPullEventInformation() with NTSTATUS 0x0, context 0x512eaa80, and result object 0x000002D6531C8370 with size 140
###Cleanup file handle = 0x000002D6512EAA80, eventID = 0090, event Info = 0x000002D65130C230
Dokan Information: SendAndPullEventInformation() with NTSTATUS 0x0, context 0x512eaa80, and result object 0x000002D6531C8370 with size 48
###Close file handle = 0x000002D6512EAA80, eventID = 0090, event Info = 0x000002D65130C230
[Close] \
###Create file handle = 0x000002D6512EA780, eventID = 0091, event Info = 0x000002D6512EB010
[ZwCreateFile] \
Dokan Information: DokanEndDispatchCreate() status = 0, file handle = 0x000002D6512EA780, eventID = 0091, result = 0x1
Dokan Information: SendAndPullEventInformation() with NTSTATUS 0x0, context 0x512ea780, and result object 0x000002D6531C8370 with size 48
###QueryVolumeInfo file handle = 0x000002D6512EA780, eventID = 0091, event Info = 0x000002D6512EB010
[GetVolumeInformation]
Dokan Information: SendAndPullEventInformation() with NTSTATUS 0x0, context 0x512ea780, and result object 0x000002D6531C8370 with size 64
###GetFileInfo file handle = 0x000002D6512EA780, eventID = 0091, event Info = 0x000002D6512EB010
	result =  0
	FileAllInformation
	DispatchQueryInformation result =  0
Dokan Information: SendAndPullEventInformation() with NTSTATUS 0x0, context 0x512ea780, and result object 0x000002D6531C8370 with size 140
###Cleanup file handle = 0x000002D6512EA780, eventID = 0091, event Info = 0x000002D6512EB010
Dokan Information: SendAndPullEventInformation() with NTSTATUS 0x0, context 0x512ea780, and result object 0x000002D6531C8370 with size 48
###Close file handle = 0x000002D6512EA780, eventID = 0091, event Info = 0x000002D6512EB010
[Close] \
###Create file handle = 0x000002D6512EAA80, eventID = 0092, event Info = 0x000002D65130C230
[ZwCreateFile] \
Dokan Information: DokanEndDispatchCreate() status = 0, file handle = 0x000002D6512EAA80, eventID = 0092, result = 0x1
Dokan Information: SendAndPullEventInformation() with NTSTATUS 0x0, context 0x512eaa80, and result object 0x000002D6531C8370 with size 48
###QueryVolumeInfo file handle = 0x000002D6512EAA80, eventID = 0092, event Info = 0x000002D65130C230
[GetVolumeInformation]
Dokan Information: SendAndPullEventInformation() with NTSTATUS 0x0, context 0x512eaa80, and result object 0x000002D6531C8370 with size 64
###GetFileInfo file handle = 0x000002D6512EAA80, eventID = 0092, event Info = 0x000002D65130C230
	result =  0
	FileAllInformation
	DispatchQueryInformation result =  0
Dokan Information: SendAndPullEventInformation() with NTSTATUS 0x0, context 0x512eaa80, and result object 0x000002D6531C8370 with size 140
###Cleanup file handle = 0x000002D6512EAA80, eventID = 0092, event Info = 0x000002D65130C230
Dokan Information: SendAndPullEventInformation() with NTSTATUS 0x0, context 0x512eaa80, and result object 0x000002D6531C8370 with size 48
###Close file handle = 0x000002D6512EAA80, eventID = 0092, event Info = 0x000002D65130C230
[Close] \
###Create file handle = 0x000002D6512EA780, eventID = 0093, event Info = 0x000002D6512EB010
[ZwCreateFile] \
Dokan Information: DokanEndDispatchCreate() status = 0, file handle = 0x000002D6512EA780, eventID = 0093, result = 0x1
Dokan Information: SendAndPullEventInformation() with NTSTATUS 0x0, context 0x512ea780, and result object 0x000002D6531C8370 with size 48
###QueryVolumeInfo file handle = 0x000002D6512EA780, eventID = 0093, event Info = 0x000002D6512EB010
[GetVolumeInformation]
Dokan Information: SendAndPullEventInformation() with NTSTATUS 0x0, context 0x512ea780, and result object 0x000002D6531C8370 with size 64
###GetFileInfo file handle = 0x000002D6512EA780, eventID = 0093, event Info = 0x000002D6512EB010
	result =  0
	FileAllInformation
	DispatchQueryInformation result =  0
Dokan Information: SendAndPullEventInformation() with NTSTATUS 0x0, context 0x512ea780, and result object 0x000002D6531C8370 with size 140
###Cleanup file handle = 0x000002D6512EA780, eventID = 0093, event Info = 0x000002D6512EB010
Dokan Information: SendAndPullEventInformation() with NTSTATUS 0x0, context 0x512ea780, and result object 0x000002D6531C8370 with size 48
###Close file handle = 0x000002D6512EA780, eventID = 0093, event Info = 0x000002D6512EB010
[Close] ###Create file handle = 0x000002D6512EAA80, eventID = 0094, event Info = 0x000002D65130C230
\
[ZwCreateFile] \
Dokan Information: DokanEndDispatchCreate() status = 0, file handle = 0x000002D6512EAA80, eventID = 0094, result = 0x1
Dokan Information: SendAndPullEventInformation() with NTSTATUS 0x0, context 0x512eaa80, and result object 0x000002D6531C8370 with size 48
###QueryVolumeInfo file handle = 0x000002D6512EAA80, eventID = 0094, event Info = 0x000002D65130C230
[GetVolumeInformation]
Dokan Information: SendAndPullEventInformation() with NTSTATUS 0x0, context 0x512eaa80, and result object 0x000002D6531C8370 with size 64
###GetFileInfo file handle = 0x000002D6512EAA80, eventID = 0094, event Info = 0x000002D65130C230
	result =  0
	FileAllInformation
	DispatchQueryInformation result =  0
Dokan Information: SendAndPullEventInformation() with NTSTATUS 0x0, context 0x512eaa80, and result object 0x000002D6531C8370 with size 140
###Cleanup file handle = 0x000002D6512EAA80, eventID = 0094, event Info = 0x000002D65130C230
Dokan Information: SendAndPullEventInformation() with NTSTATUS 0x0, context 0x512eaa80, and result object 0x000002D6531C8370 with size 48
###Close file handle = 0x000002D6512EAA80, eventID = 0094, event Info = 0x000002D65130C230
[Close] \
###Create file handle = 0x000002D6512EA780, eventID = 0095, event Info = 0x000002D6512EB010
[ZwCreateFile] \
Dokan Information: DokanEndDispatchCreate() status = 0, file handle = 0x000002D6512EA780, eventID = 0095, result = 0x1
Dokan Information: SendAndPullEventInformation() with NTSTATUS 0x0, context 0x512ea780, and result object 0x000002D6531C8370 with size 48
###QueryVolumeInfo file handle = 0x000002D6512EA780, eventID = 0095, event Info = 0x000002D6512EB010
[GetVolumeInformation]
Dokan Information: SendAndPullEventInformation() with NTSTATUS 0x0, context 0x512ea780, and result object 0x000002D6531C8370 with size 64
###GetFileInfo file handle = 0x000002D6512EA780, eventID = 0095, event Info = 0x000002D6512EB010
	result =  0
	FileAllInformation
	DispatchQueryInformation result =  0
Dokan Information: SendAndPullEventInformation() with NTSTATUS 0x0, context 0x512ea780, and result object 0x000002D6531C8370 with size 140
###Cleanup file handle = 0x000002D6512EA780, eventID = 0095, event Info = 0x000002D6512EB010
Dokan Information: SendAndPullEventInformation() with NTSTATUS 0x0, context 0x512ea780, and result object 0x000002D6531C8370 with size 48
###Close file handle = 0x000002D6512EA780, eventID = 0095, event Info = 0x000002D6512EB010
[Close] \
###Create file handle = 0x000002D6512EAA80, eventID = 0096, event Info = 0x000002D65130C230
[ZwCreateFile] \
Dokan Information: DokanEndDispatchCreate() status = 0, file handle = 0x000002D6512EAA80, eventID = 0096, result = 0x1
Dokan Information: SendAndPullEventInformation() with NTSTATUS 0x0, context 0x512eaa80, and result object 0x000002D6531C8370 with size 48
###QueryVolumeInfo file handle = 0x000002D6512EAA80, eventID = 0096, event Info = 0x000002D65130C230
[GetVolumeInformation]
Dokan Information: SendAndPullEventInformation() with NTSTATUS 0x0, context 0x512eaa80, and result object 0x000002D6531C8370 with size 64
###GetFileInfo file handle = 0x000002D6512EAA80, eventID = 0096, event Info = 0x000002D65130C230
	result =  0
	FileAllInformation
	DispatchQueryInformation result =  0
Dokan Information: SendAndPullEventInformation() with NTSTATUS 0x0, context 0x512eaa80, and result object 0x000002D6531C8370 with size 140
###Cleanup file handle = 0x000002D6512EAA80, eventID = 0096, event Info = 0x000002D65130C230
Dokan Information: SendAndPullEventInformation() with NTSTATUS 0x0, context 0x512eaa80, and result object 0x000002D6531C8370 with size 48
###Close file handle = 0x000002D6512EAA80, eventID = 0096, event Info = 0x000002D65130C230
[Close] \
###Create file handle = 0x000002D6512EA780, eventID = 0097, event Info = 0x000002D6512EB010
[ZwCreateFile] \
Dokan Information: DokanEndDispatchCreate() status = 0, file handle = 0x000002D6512EA780, eventID = 0097, result = 0x1
Dokan Information: SendAndPullEventInformation() with NTSTATUS 0x0, context 0x512ea780, and result object 0x000002D6531C8370 with size 48
###QueryVolumeInfo file handle = 0x000002D6512EA780, eventID = 0097, event Info = 0x000002D6512EB010
[GetVolumeInformation]
Dokan Information: SendAndPullEventInformation() with NTSTATUS 0x0, context 0x512ea780, and result object 0x000002D6531C8370 with size 64
###GetFileInfo file handle = 0x000002D6512EA780, eventID = 0097, event Info = 0x000002D6512EB010
	result =  0
	FileAllInformation
	DispatchQueryInformation result =  0
Dokan Information: SendAndPullEventInformation() with NTSTATUS 0x0, context 0x512ea780, and result object 0x000002D6531C8370 with size 140
###Cleanup file handle = 0x000002D6512EA780, eventID = 0097, event Info = 0x000002D6512EB010
Dokan Information: SendAndPullEventInformation() with NTSTATUS 0x0, context 0x512ea780, and result object 0x000002D6531C8370 with size 48
###Close file handle = 0x000002D6512EA780, eventID = 0097, event Info = 0x000002D6512EB010
[Close] \
###Create file handle = 0x000002D6512EAA80, eventID = 0098, event Info = 0x000002D65130C230
[ZwCreateFile] \
Dokan Information: DokanEndDispatchCreate() status = 0, file handle = 0x000002D6512EAA80, eventID = 0098, result = 0x1
Dokan Information: SendAndPullEventInformation() with NTSTATUS 0x0, context 0x512eaa80, and result object 0x000002D6531C8370 with size 48
###QueryVolumeInfo file handle = 0x000002D6512EAA80, eventID = 0098, event Info = 0x000002D65130C230
[GetVolumeInformation]
Dokan Information: SendAndPullEventInformation() with NTSTATUS 0x0, context 0x512eaa80, and result object 0x000002D6531C8370 with size 64
###GetFileInfo file handle = 0x000002D6512EAA80, eventID = 0098, event Info = 0x000002D65130C230
	result =  0
	FileAllInformation
	DispatchQueryInformation result =  0
Dokan Information: SendAndPullEventInformation() with NTSTATUS 0x0, context 0x512eaa80, and result object 0x000002D6531C8370 with size 140
###Cleanup file handle = 0x000002D6512EAA80, eventID = 0098, event Info = 0x000002D65130C230
Dokan Information: SendAndPullEventInformation() with NTSTATUS 0x0, context 0x512eaa80, and result object 0x000002D6531C8370 with size 48
###Close file handle = 0x000002D6512EAA80, eventID = 0098, event Info = 0x000002D65130C230
[Close] \
###Create file handle = 0x000002D6512EA780, eventID = 0099, event Info = 0x000002D6512EB010
[ZwCreateFile] \
Dokan Information: DokanEndDispatchCreate() status = 0, file handle = 0x000002D6512EA780, eventID = 0099, result = 0x1
Dokan Information: SendAndPullEventInformation() with NTSTATUS 0x0, context 0x512ea780, and result object 0x000002D6531C8370 with size 48
###QueryVolumeInfo file handle = 0x000002D6512EA780, eventID = 0099, event Info = 0x000002D6512EB010
[GetVolumeInformation]
Dokan Information: SendAndPullEventInformation() with NTSTATUS 0x0, context 0x512ea780, and result object 0x000002D6531C8370 with size 64
###GetFileInfo file handle = 0x000002D6512EA780, eventID = 0099, event Info = 0x000002D6512EB010
	result =  0
	FileAllInformation
	DispatchQueryInformation result =  0
Dokan Information: SendAndPullEventInformation() with NTSTATUS 0x0, context 0x512ea780, and result object 0x000002D6531C8370 with size 140
###Cleanup file handle = 0x000002D6512EA780, eventID = 0099, event Info = 0x000002D6512EB010
Dokan Information: SendAndPullEventInformation() with NTSTATUS 0x0, context 0x512ea780, and result object 0x000002D6531C8370 with size 48
###Close file handle = 0x000002D6512EA780, eventID = 0099, event Info = 0x000002D6512EB010
[Close] \
###Create file handle = 0x000002D6512EAA80, eventID = 0100, event Info = 0x000002D65130C230
[ZwCreateFile] \
Dokan Information: DokanEndDispatchCreate() status = 0, file handle = 0x000002D6512EAA80, eventID = 0100, result = 0x1
Dokan Information: SendAndPullEventInformation() with NTSTATUS 0x0, context 0x512eaa80, and result object 0x000002D6531C8370 with size 48
###QueryVolumeInfo file handle = 0x000002D6512EAA80, eventID = 0100, event Info = 0x000002D65130C230
[GetVolumeInformation]
Dokan Information: SendAndPullEventInformation() with NTSTATUS 0x0, context 0x512eaa80, and result object 0x000002D6531C8370 with size 64
###GetFileInfo file handle = 0x000002D6512EAA80, eventID = 0100, event Info = 0x000002D65130C230
	result =  0
	FileAllInformation
	DispatchQueryInformation result =  0
Dokan Information: SendAndPullEventInformation() with NTSTATUS 0x0, context 0x512eaa80, and result object 0x000002D6531C8370 with size 140
###Cleanup file handle = 0x000002D6512EAA80, eventID = 0100, event Info = 0x000002D65130C230
Dokan Information: SendAndPullEventInformation() with NTSTATUS 0x0, context 0x512eaa80, and result object 0x000002D6531C8370 with size 48
###Close file handle = 0x000002D6512EAA80, eventID = 0100, event Info = 0x000002D65130C230
[Close] \
###Create file handle = 0x000002D6512EA780, eventID = 0101, event Info = 0x000002D6512EB010
[ZwCreateFile] \
Dokan Information: DokanEndDispatchCreate() status = 0, file handle = 0x000002D6512EA780, eventID = 0101, result = 0x1
Dokan Information: SendAndPullEventInformation() with NTSTATUS 0x0, context 0x512ea780, and result object 0x000002D6531C8370 with size 48
###QueryVolumeInfo file handle = 0x000002D6512EA780, eventID = 0101, event Info = 0x000002D6512EB010
[GetVolumeInformation]
Dokan Information: SendAndPullEventInformation() with NTSTATUS 0x0, context 0x512ea780, and result object 0x000002D6531C8370 with size 64
###GetFileInfo file handle = 0x000002D6512EA780, eventID = 0101, event Info = 0x000002D6512EB010
	result =  0
	FileAllInformation
	DispatchQueryInformation result =  0
Dokan Information: SendAndPullEventInformation() with NTSTATUS 0x0, context 0x512ea780, and result object 0x000002D6531C8370 with size 140
###Cleanup file handle = 0x000002D6512EA780, eventID = 0101, event Info = 0x000002D6512EB010
Dokan Information: SendAndPullEventInformation() with NTSTATUS 0x0, context 0x512ea780, and result object 0x000002D6531C8370 with size 48
###Close file handle = 0x000002D6512EA780, eventID = 0101, event Info = 0x000002D6512EB010
[Close] \
###Create file handle = 0x000002D6512EAA80, eventID = 0102, event Info = 0x000002D65130C230
[ZwCreateFile] \
Dokan Information: DokanEndDispatchCreate() status = 0, file handle = 0x000002D6512EAA80, eventID = 0102, result = 0x1
Dokan Information: SendAndPullEventInformation() with NTSTATUS 0x0, context 0x512eaa80, and result object 0x000002D6531C8370 with size 48
###QueryVolumeInfo file handle = 0x000002D6512EAA80, eventID = 0102, event Info = 0x000002D65130C230
[GetVolumeInformation]
Dokan Information: SendAndPullEventInformation() with NTSTATUS 0x0, context 0x512eaa80, and result object 0x000002D6531C8370 with size 64
###GetFileInfo file handle = 0x000002D6512EAA80, eventID = 0102, event Info = 0x000002D65130C230
	result =  0
	FileAllInformation
	DispatchQueryInformation result =  0
Dokan Information: SendAndPullEventInformation() with NTSTATUS 0x0, context 0x512eaa80, and result object 0x000002D6531C8370 with size 140
###Cleanup file handle = 0x000002D6512EAA80, eventID = 0102, event Info = 0x000002D65130C230
Dokan Information: SendAndPullEventInformation() with NTSTATUS 0x0, context 0x512eaa80, and result object 0x000002D6531C8370 with size 48
###Close file handle = 0x000002D6512EAA80, eventID = 0102, event Info = 0x000002D65130C230
[Close] \
###Create file handle = 0x000002D6512EA780, eventID = 0103, event Info = 0x000002D6512EB010
[ZwCreateFile] \
Dokan Information: DokanEndDispatchCreate() status = 0, file handle = 0x000002D6512EA780, eventID = 0103, result = 0x1
Dokan Information: SendAndPullEventInformation() with NTSTATUS 0x0, context 0x512ea780, and result object 0x000002D6531C8370 with size 48
###QueryVolumeInfo file handle = 0x000002D6512EA780, eventID = 0103, event Info = 0x000002D6512EB010
[GetVolumeInformation]
Dokan Information: SendAndPullEventInformation() with NTSTATUS 0x0, context 0x512ea780, and result object 0x000002D6531C8370 with size 64
###GetFileInfo file handle = 0x000002D6512EA780, eventID = 0103, event Info = 0x000002D6512EB010
	result =  0
	FileAllInformation
	DispatchQueryInformation result =  0
Dokan Information: SendAndPullEventInformation() with NTSTATUS 0x0, context 0x512ea780, and result object 0x000002D6531C8370 with size 140
###Cleanup file handle = 0x000002D6512EA780, eventID = 0103, event Info = 0x000002D6512EB010
Dokan Information: SendAndPullEventInformation() with NTSTATUS 0x0, context 0x512ea780, and result object 0x000002D6531C8370 with size 48
###Close file handle = 0x000002D6512EA780, eventID = 0103, event Info = 0x000002D6512EB010
[Close] \
###Create file handle = 0x000002D6512EAA80, eventID = 0104, event Info = 0x000002D65130C230
[ZwCreateFile] \
Dokan Information: DokanEndDispatchCreate() status = 0, file handle = 0x000002D6512EAA80, eventID = 0104, result = 0x1
Dokan Information: SendAndPullEventInformation() with NTSTATUS 0x0, context 0x512eaa80, and result object 0x000002D6531C8370 with size 48
###QueryVolumeInfo file handle = 0x000002D6512EAA80, eventID = 0104, event Info = 0x000002D65130C230
[GetVolumeInformation]
Dokan Information: SendAndPullEventInformation() with NTSTATUS 0x0, context 0x512eaa80, and result object 0x000002D6531C8370 with size 64
###GetFileInfo file handle = 0x000002D6512EAA80, eventID = 0104, event Info = 0x000002D65130C230
	result =  0
	FileAllInformation
	DispatchQueryInformation result =  0
Dokan Information: SendAndPullEventInformation() with NTSTATUS 0x0, context 0x512eaa80, and result object 0x000002D6531C8370 with size 140
###Cleanup file handle = 0x000002D6512EAA80, eventID = 0104, event Info = 0x000002D65130C230
Dokan Information: SendAndPullEventInformation() with NTSTATUS 0x0, context 0x512eaa80, and result object 0x000002D6531C8370 with size 48
###Close file handle = 0x000002D6512EAA80, eventID = 0104, event Info = 0x000002D65130C230
[Close] \
###Create file handle = 0x000002D6512EA780, eventID = 0105, event Info = 0x000002D6512EB010
[ZwCreateFile] \
Dokan Information: DokanEndDispatchCreate() status = 0, file handle = 0x000002D6512EA780, eventID = 0105, result = 0x1
Dokan Information: SendAndPullEventInformation() with NTSTATUS 0x0, context 0x512ea780, and result object 0x000002D6531C8370 with size 48
###QueryVolumeInfo file handle = 0x000002D6512EA780, eventID = 0105, event Info = 0x000002D6512EB010
[GetVolumeInformation]
Dokan Information: SendAndPullEventInformation() with NTSTATUS 0x0, context 0x512ea780, and result object 0x000002D6531C8370 with size 64
###GetFileInfo file handle = 0x000002D6512EA780, eventID = 0105, event Info = 0x000002D6512EB010
	result =  0
	FileAllInformation
	DispatchQueryInformation result =  0
Dokan Information: SendAndPullEventInformation() with NTSTATUS 0x0, context 0x512ea780, and result object 0x000002D6531C8370 with size 140
###Cleanup file handle = 0x000002D6512EA780, eventID = 0105, event Info = 0x000002D6512EB010
Dokan Information: SendAndPullEventInformation() with NTSTATUS 0x0, context 0x512ea780, and result object 0x000002D6531C8370 with size 48
###Close file handle = 0x000002D6512EA780, eventID = 0105, event Info = 0x000002D6512EB010
[Close] \
###Create file handle = 0x000002D6512EAA80, eventID = 0106, event Info = 0x000002D65130C230
[ZwCreateFile] \
Dokan Information: DokanEndDispatchCreate() status = 0, file handle = 0x000002D6512EAA80, eventID = 0106, result = 0x1
Dokan Information: SendAndPullEventInformation() with NTSTATUS 0x0, context 0x512eaa80, and result object 0x000002D6531C8370 with size 48
###QueryVolumeInfo file handle = 0x000002D6512EAA80, eventID = 0106, event Info = 0x000002D65130C230
[GetVolumeInformation]
Dokan Information: SendAndPullEventInformation() with NTSTATUS 0x0, context 0x512eaa80, and result object 0x000002D6531C8370 with size 64
###GetFileInfo file handle = 0x000002D6512EAA80, eventID = 0106, event Info = 0x000002D65130C230
	result =  0
	FileAllInformation
	DispatchQueryInformation result =  0
Dokan Information: SendAndPullEventInformation() with NTSTATUS 0x0, context 0x512eaa80, and result object 0x000002D6531C8370 with size 140
###Cleanup file handle = 0x000002D6512EAA80, eventID = 0106, event Info = 0x000002D65130C230
Dokan Information: SendAndPullEventInformation() with NTSTATUS 0x0, context 0x512eaa80, and result object 0x000002D6531C8370 with size 48
###Close file handle = 0x000002D6512EAA80, eventID = 0106, event Info = 0x000002D65130C230
[Close] \
###Create file handle = 0x000002D6512EA780, eventID = 0107, event Info = 0x000002D6512EB010
[ZwCreateFile] \
Dokan Information: DokanEndDispatchCreate() status = 0, file handle = 0x000002D6512EA780, eventID = 0107, result = 0x1
Dokan Information: SendAndPullEventInformation() with NTSTATUS 0x0, context 0x512ea780, and result object 0x000002D6531C8370 with size 48
###QueryVolumeInfo file handle = 0x000002D6512EA780, eventID = 0107, event Info = 0x000002D6512EB010
[GetVolumeInformation]
Dokan Information: SendAndPullEventInformation() with NTSTATUS 0x0, context 0x512ea780, and result object 0x000002D6531C8370 with size 64
###GetFileInfo file handle = 0x000002D6512EA780, eventID = 0107, event Info = 0x000002D6512EB010
	result =  0
	FileAllInformation
	DispatchQueryInformation result =  0
Dokan Information: SendAndPullEventInformation() with NTSTATUS 0x0, context 0x512ea780, and result object 0x000002D6531C8370 with size 140
###Cleanup file handle = 0x000002D6512EA780, eventID = 0107, event Info = 0x000002D6512EB010
Dokan Information: SendAndPullEventInformation() with NTSTATUS 0x0, context 0x512ea780, and result object 0x000002D6531C8370 with size 48
###Close file handle = 0x000002D6512EA780, eventID = 0107, event Info = 0x000002D6512EB010
[Close] \
###Create file handle = 0x000002D6512EAA80, eventID = 0108, event Info = 0x000002D65130C230
[ZwCreateFile] \
Dokan Information: DokanEndDispatchCreate() status = 0, file handle = 0x000002D6512EAA80, eventID = 0108, result = 0x1
Dokan Information: SendAndPullEventInformation() with NTSTATUS 0x0, context 0x512eaa80, and result object 0x000002D6531C8370 with size 48
###QueryVolumeInfo file handle = 0x000002D6512EAA80, eventID = 0108, event Info = 0x000002D65130C230
[GetVolumeInformation]
Dokan Information: SendAndPullEventInformation() with NTSTATUS 0x0, context 0x512eaa80, and result object 0x000002D6531C8370 with size 64
###GetFileInfo file handle = 0x000002D6512EAA80, eventID = 0108, event Info = 0x000002D65130C230
	result =  0
	FileAllInformation
	DispatchQueryInformation result =  0
Dokan Information: SendAndPullEventInformation() with NTSTATUS 0x0, context 0x512eaa80, and result object 0x000002D6531C8370 with size 140
###Cleanup file handle = 0x000002D6512EAA80, eventID = 0108, event Info = 0x000002D65130C230
Dokan Information: SendAndPullEventInformation() with NTSTATUS 0x0, context 0x512eaa80, and result object 0x000002D6531C8370 with size 48
###Close file handle = 0x000002D6512EAA80, eventID = 0108, event Info = 0x000002D65130C230
[Close] \
###Create file handle = 0x000002D6512EA780, eventID = 0109, event Info = 0x000002D6512EB010
[ZwCreateFile] \
Dokan Information: DokanEndDispatchCreate() status = 0, file handle = 0x000002D6512EA780, eventID = 0109, result = 0x1
Dokan Information: SendAndPullEventInformation() with NTSTATUS 0x0, context 0x512ea780, and result object 0x000002D6531C8370 with size 48
###QueryVolumeInfo file handle = 0x000002D6512EA780, eventID = 0109, event Info = 0x000002D6512EB010
[GetVolumeInformation]
Dokan Information: SendAndPullEventInformation() with NTSTATUS 0x0, context 0x512ea780, and result object 0x000002D6531C8370 with size 64
###GetFileInfo file handle = 0x000002D6512EA780, eventID = 0109, event Info = 0x000002D6512EB010
	result =  0
	FileAllInformation
	DispatchQueryInformation result =  0
Dokan Information: SendAndPullEventInformation() with NTSTATUS 0x0, context 0x512ea780, and result object 0x000002D6531C8370 with size 140
###Cleanup file handle = 0x000002D6512EA780, eventID = 0109, event Info = 0x000002D6512EB010
Dokan Information: SendAndPullEventInformation() with NTSTATUS 0x0, context 0x512ea780, and result object 0x000002D6531C8370 with size 48
###Close file handle = 0x000002D6512EA780, eventID = 0109, event Info = 0x000002D6512EB010
[Close] \
###Create file handle = 0x000002D6512EAA80, eventID = 0110, event Info = 0x000002D65130C230
[ZwCreateFile] \
Dokan Information: DokanEndDispatchCreate() status = 0, file handle = 0x000002D6512EAA80, eventID = 0110, result = 0x1
Dokan Information: SendAndPullEventInformation() with NTSTATUS 0x0, context 0x512eaa80, and result object 0x000002D6531C8370 with size 48
###QueryVolumeInfo file handle = 0x000002D6512EAA80, eventID = 0110, event Info = 0x000002D65130C230
[GetVolumeInformation]
Dokan Information: SendAndPullEventInformation() with NTSTATUS 0x0, context 0x512eaa80, and result object 0x000002D6531C8370 with size 64
###GetFileInfo file handle = 0x000002D6512EAA80, eventID = 0110, event Info = 0x000002D65130C230
	result =  0
	FileAllInformation
	DispatchQueryInformation result =  0
Dokan Information: SendAndPullEventInformation() with NTSTATUS 0x0, context 0x512eaa80, and result object 0x000002D6531C8370 with size 140
###Cleanup file handle = 0x000002D6512EAA80, eventID = 0110, event Info = 0x000002D65130C230
Dokan Information: SendAndPullEventInformation() with NTSTATUS 0x0, context 0x512eaa80, and result object 0x000002D6531C8370 with size 48
###Close file handle = 0x000002D6512EAA80, eventID = 0110, event Info = 0x000002D65130C230
[Close] \
###Create file handle = 0x000002D6512EA780, eventID = 0111, event Info = 0x000002D6512EB010
[ZwCreateFile] \
Dokan Information: DokanEndDispatchCreate() status = 0, file handle = 0x000002D6512EA780, eventID = 0111, result = 0x1
Dokan Information: SendAndPullEventInformation() with NTSTATUS 0x0, context 0x512ea780, and result object 0x000002D6531C8370 with size 48
###QueryVolumeInfo file handle = 0x000002D6512EA780, eventID = 0111, event Info = 0x000002D6512EB010
[GetVolumeInformation]
Dokan Information: SendAndPullEventInformation() with NTSTATUS 0x0, context 0x512ea780, and result object 0x000002D6531C8370 with size 64
###GetFileInfo file handle = 0x000002D6512EA780, eventID = 0111, event Info = 0x000002D6512EB010
	result =  0
	FileAllInformation
	DispatchQueryInformation result =  0
Dokan Information: SendAndPullEventInformation() with NTSTATUS 0x0, context 0x512ea780, and result object 0x000002D6531C8370 with size 140
###Cleanup file handle = 0x000002D6512EA780, eventID = 0111, event Info = 0x000002D6512EB010
Dokan Information: SendAndPullEventInformation() with NTSTATUS 0x0, context 0x512ea780, and result object 0x000002D6531C8370 with size 48
###Close file handle = 0x000002D6512EA780, eventID = 0111, event Info = 0x000002D6512EB010
[Close] \
###Create file handle = 0x000002D6512EAA80, eventID = 0112, event Info = 0x000002D65130C230
[ZwCreateFile] \
Dokan Information: DokanEndDispatchCreate() status = 0, file handle = 0x000002D6512EAA80, eventID = 0112, result = 0x1
Dokan Information: SendAndPullEventInformation() with NTSTATUS 0x0, context 0x512eaa80, and result object 0x000002D6531C8370 with size 48
###QueryVolumeInfo file handle = 0x000002D6512EAA80, eventID = 0112, event Info = 0x000002D65130C230
[GetVolumeInformation]
Dokan Information: SendAndPullEventInformation() with NTSTATUS 0x0, context 0x512eaa80, and result object 0x000002D6531C8370 with size 64
###GetFileInfo file handle = 0x000002D6512EAA80, eventID = 0112, event Info = 0x000002D65130C230
	result =  0
	FileAllInformation
	DispatchQueryInformation result =  0
Dokan Information: SendAndPullEventInformation() with NTSTATUS 0x0, context 0x512eaa80, and result object 0x000002D6531C8370 with size 140
###Cleanup file handle = 0x000002D6512EAA80, eventID = 0112, event Info = 0x000002D65130C230
Dokan Information: SendAndPullEventInformation() with NTSTATUS 0x0, context 0x512eaa80, and result object 0x000002D6531C8370 with size 48
###Close file handle = 0x000002D6512EAA80, eventID = 0112, event Info = 0x000002D65130C230
[Close] \
###Create file handle = 0x000002D6512EA780, eventID = 0113, event Info = 0x000002D6512EB010
[ZwCreateFile] \
Dokan Information: DokanEndDispatchCreate() status = 0, file handle = 0x000002D6512EA780, eventID = 0113, result = 0x1
Dokan Information: SendAndPullEventInformation() with NTSTATUS 0x0, context 0x512ea780, and result object 0x000002D6531C8370 with size 48
###QueryVolumeInfo file handle = 0x000002D6512EA780, eventID = 0113, event Info = 0x000002D6512EB010
[GetVolumeInformation]
Dokan Information: SendAndPullEventInformation() with NTSTATUS 0x0, context 0x512ea780, and result object 0x000002D6531C8370 with size 64
###GetFileInfo file handle = 0x000002D6512EA780, eventID = 0113, event Info = 0x000002D6512EB010
	result =  0
	FileAllInformation
	DispatchQueryInformation result =  0
Dokan Information: SendAndPullEventInformation() with NTSTATUS 0x0, context 0x512ea780, and result object 0x000002D6531C8370 with size 140
###Cleanup file handle = 0x000002D6512EA780, eventID = 0113, event Info = 0x000002D6512EB010
Dokan Information: SendAndPullEventInformation() with NTSTATUS 0x0, context 0x512ea780, and result object 0x000002D6531C8370 with size 48
###Close file handle = 0x000002D6512EA780, eventID = 0113, event Info = 0x000002D6512EB010
[Close] \
###Create file handle = 0x000002D6512EAA80, eventID = 0114, event Info = 0x000002D65130C230
[ZwCreateFile] \
Dokan Information: DokanEndDispatchCreate() status = 0, file handle = 0x000002D6512EAA80, eventID = 0114, result = 0x1
Dokan Information: SendAndPullEventInformation() with NTSTATUS 0x0, context 0x512eaa80, and result object 0x000002D6531C8370 with size 48
###QueryVolumeInfo file handle = 0x000002D6512EAA80, eventID = 0114, event Info = 0x000002D65130C230
[GetVolumeInformation]
Dokan Information: SendAndPullEventInformation() with NTSTATUS 0x0, context 0x512eaa80, and result object 0x000002D6531C8370 with size 64
###GetFileInfo file handle = 0x000002D6512EAA80, eventID = 0114, event Info = 0x000002D65130C230
	result =  0
	FileAllInformation
	DispatchQueryInformation result =  0
Dokan Information: SendAndPullEventInformation() with NTSTATUS 0x0, context 0x512eaa80, and result object 0x000002D6531C8370 with size 140
###Cleanup file handle = 0x000002D6512EAA80, eventID = 0114, event Info = 0x000002D65130C230
Dokan Information: SendAndPullEventInformation() with NTSTATUS 0x0, context 0x512eaa80, and result object 0x000002D6531C8370 with size 48
###Close file handle = 0x000002D6512EAA80, eventID = 0114, event Info = 0x000002D65130C230
[Close] \
###Create file handle = 0x000002D6512EA780, eventID = 0115, event Info = 0x000002D6512EB010
[ZwCreateFile] \
Dokan Information: DokanEndDispatchCreate() status = 0, file handle = 0x000002D6512EA780, eventID = 0115, result = 0x1
Dokan Information: SendAndPullEventInformation() with NTSTATUS 0x0, context 0x512ea780, and result object 0x000002D6531C8370 with size 48
###QueryVolumeInfo file handle = 0x000002D6512EA780, eventID = 0115, event Info = 0x000002D6512EB010
[GetVolumeInformation]
Dokan Information: SendAndPullEventInformation() with NTSTATUS 0x0, context 0x512ea780, and result object 0x000002D6531C8370 with size 64
###GetFileInfo file handle = 0x000002D6512EA780, eventID = 0115, event Info = 0x000002D6512EB010
	result =  0
	FileAllInformation
	DispatchQueryInformation result =  0
Dokan Information: SendAndPullEventInformation() with NTSTATUS 0x0, context 0x512ea780, and result object 0x000002D6531C8370 with size 140
###Cleanup file handle = 0x000002D6512EA780, eventID = 0115, event Info = 0x000002D6512EB010
Dokan Information: SendAndPullEventInformation() with NTSTATUS 0x0, context 0x512ea780, and result object 0x000002D6531C8370 with size 48
###Close file handle = 0x000002D6512EA780, eventID = 0115, event Info = 0x000002D6512EB010
[Close] \
###Create file handle = 0x000002D6512EAA80, eventID = 0116, event Info = 0x000002D65130C230
[ZwCreateFile] \
Dokan Information: DokanEndDispatchCreate() status = 0, file handle = 0x000002D6512EAA80, eventID = 0116, result = 0x1
Dokan Information: SendAndPullEventInformation() with NTSTATUS 0x0, context 0x512eaa80, and result object 0x000002D6531C8370 with size 48
###QueryVolumeInfo file handle = 0x000002D6512EAA80, eventID = 0116, event Info = 0x000002D65130C230
[GetVolumeInformation]
Dokan Information: SendAndPullEventInformation() with NTSTATUS 0x0, context 0x512eaa80, and result object 0x000002D6531C8370 with size 64
###GetFileInfo file handle = 0x000002D6512EAA80, eventID = 0116, event Info = 0x000002D65130C230
	result =  0
	FileAllInformation
	DispatchQueryInformation result =  0
Dokan Information: SendAndPullEventInformation() with NTSTATUS 0x0, context 0x512eaa80, and result object 0x000002D6531C8370 with size 140
###Cleanup file handle = 0x000002D6512EAA80, eventID = 0116, event Info = 0x000002D65130C230
Dokan Information: SendAndPullEventInformation() with NTSTATUS 0x0, context 0x512eaa80, and result object 0x000002D6531C8370 with size 48
###Close file handle = 0x000002D6512EAA80, eventID = 0116, event Info = 0x000002D65130C230
[Close] \
###Create file handle = 0x000002D6512EA780, eventID = 0117, event Info = 0x000002D6512EB010
[ZwCreateFile] \
Dokan Information: DokanEndDispatchCreate() status = 0, file handle = 0x000002D6512EA780, eventID = 0117, result = 0x1
Dokan Information: SendAndPullEventInformation() with NTSTATUS 0x0, context 0x512ea780, and result object 0x000002D6531C8370 with size 48
###QueryVolumeInfo file handle = 0x000002D6512EA780, eventID = 0117, event Info = 0x000002D6512EB010
[GetVolumeInformation]
Dokan Information: SendAndPullEventInformation() with NTSTATUS 0x0, context 0x512ea780, and result object 0x000002D6531C8370 with size 64
###GetFileInfo file handle = 0x000002D6512EA780, eventID = 0117, event Info = 0x000002D6512EB010
	result =  0
	FileAllInformation
	DispatchQueryInformation result =  0
Dokan Information: SendAndPullEventInformation() with NTSTATUS 0x0, context 0x512ea780, and result object 0x000002D6531C8370 with size 140
###Cleanup file handle = 0x000002D6512EA780, eventID = 0117, event Info = 0x000002D6512EB010
Dokan Information: SendAndPullEventInformation() with NTSTATUS 0x0, context 0x512ea780, and result object 0x000002D6531C8370 with size 48
###Close file handle = 0x000002D6512EA780, eventID = 0117, event Info = 0x000002D6512EB010
[Close] \
###Create file handle = 0x000002D6512EAA80, eventID = 0118, event Info = 0x000002D65130C230
[ZwCreateFile] \
Dokan Information: DokanEndDispatchCreate() status = 0, file handle = 0x000002D6512EAA80, eventID = 0118, result = 0x1
Dokan Information: SendAndPullEventInformation() with NTSTATUS 0x0, context 0x512eaa80, and result object 0x000002D6531C8370 with size 48
###QueryVolumeInfo file handle = 0x000002D6512EAA80, eventID = 0118, event Info = 0x000002D65130C230
[GetVolumeInformation]
Dokan Information: SendAndPullEventInformation() with NTSTATUS 0x0, context 0x512eaa80, and result object 0x000002D6531C8370 with size 64
###GetFileInfo file handle = 0x000002D6512EAA80, eventID = 0118, event Info = 0x000002D65130C230
	result =  0
	FileAllInformation
	DispatchQueryInformation result =  0
Dokan Information: SendAndPullEventInformation() with NTSTATUS 0x0, context 0x512eaa80, and result object 0x000002D6531C8370 with size 140
###Cleanup file handle = 0x000002D6512EAA80, eventID = 0118, event Info = 0x000002D65130C230
Dokan Information: SendAndPullEventInformation() with NTSTATUS 0x0, context 0x512eaa80, and result object 0x000002D6531C8370 with size 48
###Close file handle = 0x000002D6512EAA80, eventID = 0118, event Info = 0x000002D65130C230
[Close] \
###Create file handle = 0x000002D6512EA780, eventID = 0119, event Info = 0x000002D6512EB010
[ZwCreateFile] \
Dokan Information: DokanEndDispatchCreate() status = 0, file handle = 0x000002D6512EA780, eventID = 0119, result = 0x1
Dokan Information: SendAndPullEventInformation() with NTSTATUS 0x0, context 0x512ea780, and result object 0x000002D6531C8370 with size 48
###QueryVolumeInfo file handle = 0x000002D6512EA780, eventID = 0119, event Info = 0x000002D6512EB010
[GetVolumeInformation]
Dokan Information: SendAndPullEventInformation() with NTSTATUS 0x0, context 0x512ea780, and result object 0x000002D6531C8370 with size 64
###GetFileInfo file handle = 0x000002D6512EA780, eventID = 0119, event Info = 0x000002D6512EB010
	result =  0
	FileAllInformation
	DispatchQueryInformation result =  0
Dokan Information: SendAndPullEventInformation() with NTSTATUS 0x0, context 0x512ea780, and result object 0x000002D6531C8370 with size 140
###Cleanup file handle = 0x000002D6512EA780, eventID = 0119, event Info = 0x000002D6512EB010
Dokan Information: SendAndPullEventInformation() with NTSTATUS 0x0, context 0x512ea780, and result object 0x000002D6531C8370 with size 48
###Close file handle = 0x000002D6512EA780, eventID = 0119, event Info = 0x000002D6512EB010
[Close] \
###Create file handle = 0x000002D6512EA780, eventID = 0120, event Info = 0x000002D65130C230
[ZwCreateFile] \
Dokan Information: DokanEndDispatchCreate() status = 0, file handle = 0x000002D6512EA780, eventID = 0120, result = 0x1
Dokan Information: SendAndPullEventInformation() with NTSTATUS 0x0, context 0x512ea780, and result object 0x000002D6531C8370 with size 48
###QueryVolumeInfo file handle = 0x000002D6512EA780, eventID = 0120, event Info = 0x000002D65130C230
[GetVolumeInformation]
Dokan Information: SendAndPullEventInformation() with NTSTATUS 0x0, context 0x512ea780, and result object 0x000002D6531C8370 with size 64
###GetFileInfo file handle = 0x000002D6512EA780, eventID = 0120, event Info = 0x000002D65130C230
	result =  0
	FileAllInformation
	DispatchQueryInformation result =  0
Dokan Information: SendAndPullEventInformation() with NTSTATUS 0x0, context 0x512ea780, and result object 0x000002D6531C8370 with size 140
###Cleanup file handle = 0x000002D6512EA780, eventID = 0120, event Info = 0x000002D65130C230
Dokan Information: SendAndPullEventInformation() with NTSTATUS 0x0, context 0x512ea780, and result object 0x000002D6531C8370 with size 48
###Close file handle = 0x000002D6512EA780, eventID = 0120, event Info = 0x000002D65130C230
[Close] \
###Create file handle = 0x000002D6512EAA80, eventID = 0121, event Info = 0x000002D6512EB010
[ZwCreateFile] \
Dokan Information: DokanEndDispatchCreate() status = 0, file handle = 0x000002D6512EAA80, eventID = 0121, result = 0x1
Dokan Information: SendAndPullEventInformation() with NTSTATUS 0x0, context 0x512eaa80, and result object 0x000002D6531C8370 with size 48
###QueryVolumeInfo file handle = 0x000002D6512EAA80, eventID = 0121, event Info = 0x000002D6512EB010
[GetVolumeInformation]
Dokan Information: SendAndPullEventInformation() with NTSTATUS 0x0, context 0x512eaa80, and result object 0x000002D6531C8370 with size 64
###GetFileInfo file handle = 0x000002D6512EAA80, eventID = 0121, event Info = 0x000002D6512EB010
	result =  0
	FileAllInformation
	DispatchQueryInformation result =  0
Dokan Information: SendAndPullEventInformation() with NTSTATUS 0x0, context 0x512eaa80, and result object 0x000002D6531C8370 with size 140
###Cleanup file handle = 0x000002D6512EAA80, eventID = 0121, event Info = 0x000002D6512EB010
Dokan Information: SendAndPullEventInformation() with NTSTATUS 0x0, context 0x512eaa80, and result object 0x000002D6531C8370 with size 48
###Close file handle = 0x000002D6512EAA80, eventID = 0121, event Info = 0x000002D6512EB010
[Close] \
###Create file handle = 0x000002D6512EA780, eventID = 0122, event Info = 0x000002D65130C230
[ZwCreateFile] \
Dokan Information: DokanEndDispatchCreate() status = 0, file handle = 0x000002D6512EA780, eventID = 0122, result = 0x1
Dokan Information: SendAndPullEventInformation() with NTSTATUS 0x0, context 0x512ea780, and result object 0x000002D6531C8370 with size 48
###QueryVolumeInfo file handle = 0x000002D6512EA780, eventID = 0122, event Info = 0x000002D65130C230
[GetVolumeInformation]
Dokan Information: SendAndPullEventInformation() with NTSTATUS 0x0, context 0x512ea780, and result object 0x000002D6531C8370 with size 64
###GetFileInfo file handle = 0x000002D6512EA780, eventID = 0122, event Info = 0x000002D65130C230
	result =  0
	FileAllInformation
	DispatchQueryInformation result =  0
Dokan Information: SendAndPullEventInformation() with NTSTATUS 0x0, context 0x512ea780, and result object 0x000002D6531C8370 with size 140
###Cleanup file handle = 0x000002D6512EA780, eventID = 0122, event Info = 0x000002D65130C230
Dokan Information: SendAndPullEventInformation() with NTSTATUS 0x0, context 0x512ea780, and result object 0x000002D6531C8370 with size 48
###Close file handle = 0x000002D6512EA780, eventID = 0122, event Info = 0x000002D65130C230
[Close] \
###Create file handle = 0x000002D6512EAA80, eventID = 0123, event Info = 0x000002D6512EB010
[ZwCreateFile] \
Dokan Information: DokanEndDispatchCreate() status = 0, file handle = 0x000002D6512EAA80, eventID = 0123, result = 0x1
Dokan Information: SendAndPullEventInformation() with NTSTATUS 0x0, context 0x512eaa80, and result object 0x000002D6531C8370 with size 48
###QueryVolumeInfo file handle = 0x000002D6512EAA80, eventID = 0123, event Info = 0x000002D6512EB010
[GetVolumeInformation]
Dokan Information: SendAndPullEventInformation() with NTSTATUS 0x0, context 0x512eaa80, and result object 0x000002D6531C8370 with size 64
###GetFileInfo file handle = 0x000002D6512EAA80, eventID = 0123, event Info = 0x000002D6512EB010
	result =  0
	FileAllInformation
	DispatchQueryInformation result =  0
Dokan Information: SendAndPullEventInformation() with NTSTATUS 0x0, context 0x512eaa80, and result object 0x000002D6531C8370 with size 140
###Cleanup file handle = 0x000002D6512EAA80, eventID = 0123, event Info = 0x000002D6512EB010
Dokan Information: SendAndPullEventInformation() with NTSTATUS 0x0, context 0x512eaa80, and result object 0x000002D6531C8370 with size 48
###Close file handle = 0x000002D6512EAA80, eventID = 0123, event Info = 0x000002D6512EB010
[Close] \
###Create file handle = 0x000002D6512EA780, eventID = 0124, event Info = 0x000002D65130C230
[ZwCreateFile] \
Dokan Information: DokanEndDispatchCreate() status = 0, file handle = 0x000002D6512EA780, eventID = 0124, result = 0x1
Dokan Information: SendAndPullEventInformation() with NTSTATUS 0x0, context 0x512ea780, and result object 0x000002D6531C8370 with size 48
###QueryVolumeInfo file handle = 0x000002D6512EA780, eventID = 0124, event Info = 0x000002D65130C230
[GetVolumeInformation]
Dokan Information: SendAndPullEventInformation() with NTSTATUS 0x0, context 0x512ea780, and result object 0x000002D6531C8370 with size 64
###GetFileInfo file handle = 0x000002D6512EA780, eventID = 0124, event Info = 0x000002D65130C230
	result =  0
	FileAllInformation
	DispatchQueryInformation result =  0
Dokan Information: SendAndPullEventInformation() with NTSTATUS 0x0, context 0x512ea780, and result object 0x000002D6531C8370 with size 140
###Cleanup file handle = 0x000002D6512EA780, eventID = 0124, event Info = 0x000002D65130C230
Dokan Information: SendAndPullEventInformation() with NTSTATUS 0x0, context 0x512ea780, and result object 0x000002D6531C8370 with size 48
###Close file handle = 0x000002D6512EA780, eventID = 0124, event Info = 0x000002D65130C230
[Close] \
###Create file handle = 0x000002D6512EAA80, eventID = 0125, event Info = 0x000002D6512EB010
[ZwCreateFile] \
Dokan Information: DokanEndDispatchCreate() status = 0, file handle = 0x000002D6512EAA80, eventID = 0125, result = 0x1
Dokan Information: SendAndPullEventInformation() with NTSTATUS 0x0, context 0x512eaa80, and result object 0x000002D6531C8370 with size 48
###QueryVolumeInfo file handle = 0x000002D6512EAA80, eventID = 0125, event Info = 0x000002D6512EB010
[GetVolumeInformation]
Dokan Information: SendAndPullEventInformation() with NTSTATUS 0x0, context 0x512eaa80, and result object 0x000002D6531C8370 with size 64
###GetFileInfo file handle = 0x000002D6512EAA80, eventID = 0125, event Info = 0x000002D6512EB010
	result =  0
	FileAllInformation
	DispatchQueryInformation result =  0
Dokan Information: SendAndPullEventInformation() with NTSTATUS 0x0, context 0x512eaa80, and result object 0x000002D6531C8370 with size 140
###Cleanup file handle = 0x000002D6512EAA80, eventID = 0125, event Info = 0x000002D6512EB010
Dokan Information: SendAndPullEventInformation() with NTSTATUS 0x0, context 0x512eaa80, and result object 0x000002D6531C8370 with size 48
###Close file handle = 0x000002D6512EAA80, eventID = 0125, event Info = 0x000002D6512EB010
[Close] \
###Create file handle = 0x000002D6512EA780, eventID = 0126, event Info = 0x000002D65130C230
[ZwCreateFile] \
Dokan Information: DokanEndDispatchCreate() status = 0, file handle = 0x000002D6512EA780, eventID = 0126, result = 0x1
Dokan Information: SendAndPullEventInformation() with NTSTATUS 0x0, context 0x512ea780, and result object 0x000002D6531C8370 with size 48
###QueryVolumeInfo file handle = 0x000002D6512EA780, eventID = 0126, event Info = 0x000002D65130C230
[GetVolumeInformation]
Dokan Information: SendAndPullEventInformation() with NTSTATUS 0x0, context 0x512ea780, and result object 0x000002D6531C8370 with size 64
###GetFileInfo file handle = 0x000002D6512EA780, eventID = 0126, event Info = 0x000002D65130C230
	result =  0
	FileAllInformation
	DispatchQueryInformation result =  0
Dokan Information: SendAndPullEventInformation() with NTSTATUS 0x0, context 0x512ea780, and result object 0x000002D6531C8370 with size 140
###Cleanup file handle = 0x000002D6512EA780, eventID = 0126, event Info = 0x000002D65130C230
Dokan Information: SendAndPullEventInformation() with NTSTATUS 0x0, context 0x512ea780, and result object 0x000002D6531C8370 with size 48
###Close file handle = 0x000002D6512EA780, eventID = 0126, event Info = 0x000002D65130C230
[Close] \
###Create file handle = 0x000002D6512EAA80, eventID = 0127, event Info = 0x000002D6512EB010
[ZwCreateFile] \
Dokan Information: DokanEndDispatchCreate() status = 0, file handle = 0x000002D6512EAA80, eventID = 0127, result = 0x1
Dokan Information: SendAndPullEventInformation() with NTSTATUS 0x0, context 0x512eaa80, and result object 0x000002D6531C8370 with size 48
###QueryVolumeInfo file handle = 0x000002D6512EAA80, eventID = 0127, event Info = 0x000002D6512EB010
[GetVolumeInformation]
Dokan Information: SendAndPullEventInformation() with NTSTATUS 0x0, context 0x512eaa80, and result object 0x000002D6531C8370 with size 64
###GetFileInfo file handle = 0x000002D6512EAA80, eventID = 0127, event Info = 0x000002D6512EB010
	result =  0
	FileAllInformation
	DispatchQueryInformation result =  0
Dokan Information: SendAndPullEventInformation() with NTSTATUS 0x0, context 0x512eaa80, and result object 0x000002D6531C8370 with size 140
###Cleanup file handle = 0x000002D6512EAA80, eventID = 0127, event Info = 0x000002D6512EB010
Dokan Information: SendAndPullEventInformation() with NTSTATUS 0x0, context 0x512eaa80, and result object 0x000002D6531C8370 with size 48
###Close file handle = 0x000002D6512EAA80, eventID = 0127, event Info = 0x000002D6512EB010
[Close] \
###Create file handle = 0x000002D6512EAA80, eventID = 0128, event Info = 0x000002D6512EB010
[ZwCreateFile] \b0.bin
Dokan Information: DokanEndDispatchCreate() status = c0000034, file handle = 0x0000000000000000, eventID = -001, result = 0x5
Dokan Information: SendAndPullEventInformation() with NTSTATUS 0xc0000034, context 0x0, and result object 0x000002D6531C8370 with size 48
###Create file handle = 0x000002D6512EAA80, eventID = 0129, event Info = 0x000002D6512EB010
[ZwCreateFile] \
Dokan Information: DokanEndDispatchCreate() status = 0, file handle = 0x000002D6512EAA80, eventID = 0129, result = 0x1
Dokan Information: SendAndPullEventInformation() with NTSTATUS 0x0, context 0x512eaa80, and result object 0x000002D6531C8370 with size 48
###GetFileInfo file handle = 0x000002D6512EAA80, eventID = 0129, event Info = 0x000002D6512EB010
	result =  0
	FileStandardInformation
	DispatchQueryInformation result =  0
Dokan Information: SendAndPullEventInformation() with NTSTATUS 0x0, context 0x512eaa80, and result object 0x000002D6531C8370 with size 64
###QueryVolumeInfo file handle = 0x000002D6512EAA80, eventID = 0129, event Info = 0x000002D6512EB010
[GetVolumeInformation]
Dokan Information: SendAndPullEventInformation() with NTSTATUS 0x0, context 0x512eaa80, and result object 0x000002D6531C8370 with size 74
###QueryVolumeInfo file handle = 0x000002D6512EAA80, eventID = 0129, event Info = 0x000002D6512EB010
[GetVolumeInformation]
Dokan Information: SendAndPullEventInformation() with NTSTATUS 0x0, context 0x512eaa80, and result object 0x000002D6531C8370 with size 68
###Cleanup file handle = 0x000002D6512EAA80, eventID = 0129, event Info = 0x000002D6512EB010
Dokan Information: SendAndPullEventInformation() with NTSTATUS 0x0, context 0x512eaa80, and result object 0x000002D6531C8370 with size 48
###Close file handle = 0x000002D6512EAA80, eventID = 0129, event Info = 0x000002D6512EB010
[Cl###Create file handle = 0x000002D6512EA780, eventID = 0130, event Info = 0x000002D65130C230
ose] \
[ZwCreateFile] \
Dokan Information: DokanEndDispatchCreate() status = 0, file handle = 0x000002D6512EA780, eventID = 0130, result = 0x1
Dokan Information: SendAndPullEventInformation() with NTSTATUS 0x0, context 0x512ea780, and result object 0x000002D6531C8370 with size 48
###GetFileInfo file handle = 0x000002D6512EA780, eventID = 0130, event Info = 0x000002D65130C230
	result =  0
	FileNetworkOpenInformation
	DispatchQueryInformation result =  0
Dokan Information: SendAndPullEventInformation() with NTSTATUS 0x0, context 0x512ea780, and result object 0x000002D6531C8370 with size 96
###Cleanup file handle = 0x000002D6512EA780, eventID = 0130, event Info = 0x000002D65130C230
Dokan Information: SendAndPullEventInformation() with NTSTATUS 0x0, context 0x512ea780, and result object 0x000002D6531C8370 with size 48
###Close file handle = 0x000002D6512EA780, eventID = 0130, event Info = 0x000002D65130C230
[Close] \
###Create file handle = 0x000002D6512EA780, eventID = 0131, event Info = 0x000002D6512EB010
[ZwCreateFile] \
Dokan Information: DokanEndDispatchCreate() status = 0, file handle = 0x000002D6512EA780, eventID = 0131, result = 0x1
Dokan Information: SendAndPullEventInformation() with NTSTATUS 0x0, context 0x512ea780, and result object 0x000002D6531C8370 with size 48
###GetFileInfo file handle = 0x000002D6512EA780, eventID = 0131, event Info = 0x000002D6512EB010
	result =  0
	FileBasicInformation
	DispatchQueryInformation result =  0
Dokan Information: SendAndPullEventInformation() with NTSTATUS 0x0, context 0x512ea780, and result object 0x000002D6531C8370 with size 80
###Cleanup file handle = 0x000002D6512EA780, eventID = 0131, event Info = 0x000002D6512EB010
Dokan Information: SendAndPullEventInformation() with NTSTATUS 0x0, context 0x512ea780, and result object 0x000002D6531C8370 with size 48
###Close file handle = 0x000002D6512EA780, eventID = 0131, event Info = 0x000002D6512EB010
[Close] \
###Create file handle = 0x000002D6512EA780, eventID = 0132, event Info = 0x000002D6512EB010
[ZwCreateFile] \
Dokan Information: DokanEndDispatchCreate() status = 0, file handle = 0x000002D6512EA780, eventID = 0132, result = 0x1
Dokan Information: SendAndPullEventInformation() with NTSTATUS 0x0, context 0x512ea780, and result object 0x000002D6531C8370 with size 48
###FindFiles file handle = 0x000002D6512EA780, eventID = 0132, event Info = 0x000002D6512EB010
WriteDirectoryResults() New directory index is -1.
  STATUS_NO_SUCH_FILE
Dokan Information: SendAndPullEventInformation() with NTSTATUS 0xc000000f, context 0x512ea780, and result object 0x000002D6531C8370 with size 48
###Cleanup file handle = 0x000002D6512EA780, eventID = 0132, event Info = 0x000002D6512EB010
Dokan Information: SendAndPullEventInformation() with NTSTATUS 0x0, context 0x512ea780, and result object 0x000002D6531C8370 with size 48
###Close file handle = 0x000002D6512EA780, eventID = 0132, event Info = 0x000002D65130C230
[Close] \
###Create file handle = 0x000002D6512EAA80, eventID = 0133, event Info = 0x000002D6512EB010
[ZwCreateFile] \b0.bin
Dokan Information: DokanEndDispatchCreate() status = 0, file handle = 0x000002D6512EAA80, eventID = 0133, result = 0x2
Dokan Information: SendAndPullEventInformation() with NTSTATUS 0x0, context 0x512eaa80, and result object 0x000002D6531C8370 with size 48
###GetFileInfo file handle = 0x000002D6512EAA80, eventID = 0133, event Info = 0x000002D6512EB010
	result =  c0000034
	DispatchQueryInformation result =  c0000034
Dokan Information: SendAndPullEventInformation() with NTSTATUS 0xc000000d, context 0x512eaa80, and result object 0x000002D6531C8370 with size 48
###GetFileInfo file handle = 0x000002D6512EAA80, eventID = 0133, event Info = 0x000002D6512EB010
	result =  c0000034
	DispatchQueryInformation result =  c0000034
Dokan Information: SendAndPullEventInformation() with NTSTATUS 0xc000000d, context 0x512eaa80, and result object 0x000002D6531C8370 with size 48
###GetFileInfo file handle = 0x000002D6512EAA80, eventID = 0133, event Info = 0x000002D6512EB010
	result =  c0000034
	DispatchQueryInformation result =  c0000034
Dokan Information: SendAndPullEventInformation() with NTSTATUS 0xc000000d, context 0x512eaa80, and result object 0x000002D6531C8370 with size 48
###GetFileInfo file handle = 0x000002D6512EAA80, eventID = 0133, event Info = 0x000002D6512EB010
	result =  c0000034
	DispatchQueryInformation result =  c0000034
Dokan Information: SendAndPullEventInformation() with NTSTATUS 0xc000000d, context 0x512eaa80, and result object 0x000002D6531C8370 with size 48
###GetFileInfo file handle = 0x000002D6512EAA80, eventID = 0133, event Info = 0x000002D6512EB010
	result =  c0000034
	DispatchQueryInformation result =  c0000034
Dokan Information: SendAndPullEventInformation() with NTSTATUS 0xc000000d, context 0x512eaa80, and result object 0x000002D6531C8370 with size 48
###WriteFile file handle = 0x000002D6512EAA80, eventID = 0133, event Info = 0x000002D65130C230
[Write] off=0 len=4194304
Dokan Information: SendAndPullEventInformation() with NTSTATUS 0x0, context 0x512eaa80, and result object 0x000002D6530DD210 with size 48
###Cleanup file handle = 0x000002D6512EAA80, eventID = 0133, event Info = 0x000002D65130C230
Dokan Information: SendAndPullEventInformation() with NTSTATUS 0x0, context 0x512eaa80, and result object 0x000002D6530DD210 with size 48
###Close file handle = 0x000002D6512EAA80, eventID = 0133, event Info = 0x000002D65130C230
[Close] \b0.bin
###Create file handle = 0x000002D6512EAA80, eventID = 0134, event Info = 0x000002D6512EB010
[ZwCreateFile] \
Dokan Information: DokanEndDispatchCreate() status = 0, file handle = 0x000002D6512EAA80, eventID = 0134, result = 0x1
Dokan Information: SendAndPullEventInformation() with NTSTATUS 0x0, context 0x512eaa80, and result object 0x000002D6531C8370 with size 48
###FindFiles file handle = 0x000002D6512EAA80, eventID = 0134, event Info = 0x000002D6512EB010
WriteDirectoryResults() New directory index is -1.
  STATUS_NO_SUCH_FILE
Dokan Information: SendAndPullEventInformation() with NTSTATUS 0xc000000f, context 0x512eaa80, and result object 0x000002D6531C8370 with size 48
###Cleanup file handle = 0x000002D6512EAA80, eventID = 0134, event Info = 0x000002D6512EB010
Dokan Information: SendAndPullEventInformation() with NTSTATUS 0x0, context 0x512eaa80, and result object 0x000002D6531C8370 with size 48
###Close file handle = 0x000002D6512EAA80, eventID = 0134, event Info = 0x000002D6512EB010
[Close] \
###Create file handle = 0x000002D6512EA780, eventID = 0135, event Info = 0x000002D65130C230
[ZwCreateFile] \b1.bin
Dokan Information: DokanEndDispatchCreate() status = 0, file handle = 0x000002D6512EA780, eventID = 0135, result = 0x2
Dokan Information: SendAndPullEventInformation() with NTSTATUS 0x0, context 0x512ea780, and result object 0x000002D6531C8370 with size 48
###GetFileInfo file handle = 0x000002D6512EA780, eventID = 0135, event Info = 0x000002D65130C230
	result =  c0000034
	DispatchQueryInformation result =  c0000034
Dokan Information: SendAndPullEventInformation() with NTSTATUS 0xc000000d, context 0x512ea780, and result object 0x000002D6531C8370 with size 48
###GetFileInfo file handle = 0x000002D6512EA780, eventID = 0135, event Info = 0x000002D65130C230
	result =  c0000034
	DispatchQueryInformation result =  c0000034
Dokan Information: SendAndPullEventInformation() with NTSTATUS 0xc000000d, context 0x512ea780, and result object 0x000002D6531C8370 with size 48
###GetFileInfo file handle = 0x000002D6512EA780, eventID = 0135, event Info = 0x000002D65130C230
	result =  c0000034
	DispatchQueryInformation result =  c0000034
Dokan Information: SendAndPullEventInformation() with NTSTATUS 0xc000000d, context 0x512ea780, and result object 0x000002D6531C8370 with size 48
###GetFileInfo file handle = 0x000002D6512EA780, eventID = 0135, event Info = 0x000002D65130C230
	result =  c0000034
	DispatchQueryInformation result =  c0000034
Dokan Information: SendAndPullEventInformation() with NTSTATUS 0xc000000d, context 0x512ea780, and result object 0x000002D6531C8370 with size 48
###GetFileInfo file handle = 0x000002D6512EA780, eventID = 0135, event Info = 0x000002D65130C230
	result =  c0000034
	DispatchQueryInformation result =  c0000034
Dokan Information: SendAndPullEventInformation() with NTSTATUS 0xc000000d, context 0x512ea780, and result object 0x000002D6531C8370 with size 48
###WriteFile file handle = 0x000002D6512EA780, eventID = 0135, event Info = 0x000002D6512EB010
[Write] off=0 len=4194304
Dokan Information: SendAndPullEventInformation() with NTSTATUS 0x0, context 0x512ea780, and result object 0x000002D6530DD210 with size 48
###Cleanup file handle = 0x000002D6512EA780, eventID = 0135, event Info = 0x000002D6512EB010
Dokan Information: SendAndPullEventInformation() with NTSTATUS 0x0, context 0x512ea780, and result object 0x000002D6530DD210 with size 48
###Close file handle = 0x000002D6512EA780, eventID = 0135, event Info = 0x000002D6512EB010
[Close] \b1.bin
###Create file handle = 0x000002D6512EAA80, eventID = 0136, event Info = 0x000002D65130C230
[ZwCreateFile] \
Dokan Information: DokanEndDispatchCreate() status = 0, file handle = 0x000002D6512EAA80, eventID = 0136, result = 0x1
Dokan Information: SendAndPullEventInformation() with NTSTATUS 0x0, context 0x512eaa80, and result object 0x000002D6531C8370 with size 48
###FindFiles file handle = 0x000002D6512EAA80, eventID = 0136, event Info = 0x000002D65130C230
WriteDirectoryResults() New directory index is -1.
  STATUS_NO_SUCH_FILE
Dokan Information: SendAndPullEventInformation() with NTSTATUS 0xc000000f, context 0x512eaa80, and result object 0x000002D6531C8370 with size 48
###Cleanup file handle = 0x000002D6512EAA80, eventID = 0136, event Info = 0x000002D65130C230
Dokan Information: SendAndPullEventInformation() with NTSTATUS 0x0, context 0x512eaa80, and result object 0x000002D6531C8370 with size 48
###Close file handle = 0x000002D6512EAA80, eventID = 0136, event Info = 0x000002D65130C230
###Create file handle = 0x000002D6512EA780, eventID = 0137, event Info = 0x000002D6512EB010
[Close] \
[ZwCreateFile] \b2.bin
Dokan Information: DokanEndDispatchCreate() status = 0, file handle = 0x000002D6512EA780, eventID = 0137, result = 0x2
Dokan Information: SendAndPullEventInformation() with NTSTATUS 0x0, context 0x512ea780, and result object 0x000002D6531C8370 with size 48
###GetFileInfo file handle = 0x000002D6512EA780, eventID = 0137, event Info = 0x000002D6512EB010
	result =  c0000034
	DispatchQueryInformation result =  c0000034
Dokan Information: SendAndPullEventInformation() with NTSTATUS 0xc000000d, context 0x512ea780, and result object 0x000002D6531C8370 with size 48
###GetFileInfo file handle = 0x000002D6512EA780, eventID = 0137, event Info = 0x000002D6512EB010
	result =  c0000034
	DispatchQueryInformation result =  c0000034
Dokan Information: SendAndPullEventInformation() with NTSTATUS 0xc000000d, context 0x512ea780, and result object 0x000002D6531C8370 with size 48
###GetFileInfo file handle = 0x000002D6512EA780, eventID = 0137, event Info = 0x000002D6512EB010
	result =  c0000034
	DispatchQueryInformation result =  c0000034
Dokan Information: SendAndPullEventInformation() with NTSTATUS 0xc000000d, context 0x512ea780, and result object 0x000002D6531C8370 with size 48
###GetFileInfo file handle = 0x000002D6512EA780, eventID = 0137, event Info = 0x000002D6512EB010
	result =  c0000034
	DispatchQueryInformation result =  c0000034
Dokan Information: SendAndPullEventInformation() with NTSTATUS 0xc000000d, context 0x512ea780, and result object 0x000002D6531C8370 with size 48
###GetFileInfo file handle = 0x000002D6512EA780, eventID = 0137, event Info = 0x000002D6512EB010
	result =  c0000034
	DispatchQueryInformation result =  c0000034
Dokan Information: SendAndPullEventInformation() with NTSTATUS 0xc000000d, context 0x512ea780, and result object 0x000002D6531C8370 with size 48
###WriteFile file handle = 0x000002D6512EA780, eventID = 0137, event Info = 0x000002D6512EB010
[Write] off=0 len=4194304
Dokan Information: SendAndPullEventInformation() with NTSTATUS 0x0, context 0x512ea780, and result object 0x000002D6531C8370 with size 48
###Cleanup file handle = 0x000002D6512EA780, eventID = 0137, event Info = 0x000002D6512EB010
Dokan Information: SendAndPullEventInformation() with NTSTATUS 0x0, context 0x512ea780, and result object 0x000002D6531C8370 with size 48
###Close file handle = 0x000002D6512EA780, eventID = 0137, event Info = 0x000002D6512EB010
[Close] ###Create file handle = 0x000002D6512EAA80, eventID = 0138, event Info = 0x000002D65130C230
\b2.bin
[ZwCreateFile] \
Dokan Information: DokanEndDispatchCreate() status = 0, file handle = 0x000002D6512EAA80, eventID = 0138, result = 0x1
Dokan Information: SendAndPullEventInformation() with NTSTATUS 0x0, context 0x512eaa80, and result object 0x000002D6531C8370 with size 48
###FindFiles file handle = 0x000002D6512EAA80, eventID = 0138, event Info = 0x000002D65130C230
WriteDirectoryResults() New directory index is -1.
  STATUS_NO_SUCH_FILE
Dokan Information: SendAndPullEventInformation() with NTSTATUS 0xc000000f, context 0x512eaa80, and result object 0x000002D6531C8370 with size 48
###Cleanup file handle = 0x000002D6512EAA80, eventID = 0138, event Info = 0x000002D65130C230
Dokan Information: SendAndPullEventInformation() with NTSTATUS 0x0, context 0x512eaa80, and result object 0x000002D6531C8370 with size 48
###Close file handle = 0x000002D6512EAA80, eventID = 0138, event Info = 0x000002D65130C230
[Close] \
###Create file handle = 0x000002D6512EA780, eventID = 0139, event Info = 0x000002D6512EB010
[ZwCreateFile] \b3.bin
Dokan Information: DokanEndDispatchCreate() status = 0, file handle = 0x000002D6512EA780, eventID = 0139, result = 0x2
Dokan Information: SendAndPullEventInformation() with NTSTATUS 0x0, context 0x512ea780, and result object 0x000002D6531C8370 with size 48
###GetFileInfo file handle = 0x000002D6512EA780, eventID = 0139, event Info = 0x000002D6512EB010
	result =  c0000034
	DispatchQueryInformation result =  c0000034
Dokan Information: SendAndPullEventInformation() with NTSTATUS 0xc000000d, context 0x512ea780, and result object 0x000002D6531C8370 with size 48
###GetFileInfo file handle = 0x000002D6512EA780, eventID = 0139, event Info = 0x000002D6512EB010
	result =  c0000034
	DispatchQueryInformation result =  c0000034
Dokan Information: SendAndPullEventInformation() with NTSTATUS 0xc000000d, context 0x512ea780, and result object 0x000002D6531C8370 with size 48
###GetFileInfo file handle = 0x000002D6512EA780, eventID = 0139, event Info = 0x000002D6512EB010
	result =  c0000034
	DispatchQueryInformation result =  c0000034
Dokan Information: SendAndPullEventInformation() with NTSTATUS 0xc000000d, context 0x512ea780, and result object 0x000002D6531C8370 with size 48
###GetFileInfo file handle = 0x000002D6512EA780, eventID = 0139, event Info = 0x000002D6512EB010
	result =  c0000034
	DispatchQueryInformation result =  c0000034
Dokan Information: SendAndPullEventInformation() with NTSTATUS 0xc000000d, context 0x512ea780, and result object 0x000002D6531C8370 with size 48
###GetFileInfo file handle = 0x000002D6512EA780, eventID = 0139, event Info = 0x000002D6512EB010
	result =  c0000034
	DispatchQueryInformation result =  c0000034
Dokan Information: SendAndPullEventInformation() with NTSTATUS 0xc000000d, context 0x512ea780, and result object 0x000002D6531C8370 with size 48
###WriteFile file handle = 0x000002D6512EA780, eventID = 0139, event Info = 0x000002D65130C230
[Write] off=0 len=4194304
Dokan Information: SendAndPullEventInformation() with NTSTATUS 0x0, context 0x512ea780, and result object 0x000002D6530DD210 with size 48
###Cleanup file handle = 0x000002D6512EA780, eventID = 0139, event Info = 0x000002D65130C230
Dokan Information: SendAndPullEventInformation() with NTSTATUS 0x0, context 0x512ea780, and result object 0x000002D6530DD210 with size 48
###Close file handle = 0x000002D6512EA780, eventID = 0139, event Info = 0x000002D65130C230
[Close] \b3.bin
###Create file handle = 0x000002D6512EAA80, eventID = 0140, event Info = 0x000002D6512EB010
[ZwCreateFile] \
Dokan Information: DokanEndDispatchCreate() status = 0, file handle = 0x000002D6512EAA80, eventID = 0140, result = 0x1
Dokan Information: SendAndPullEventInformation() with NTSTATUS 0x0, context 0x512eaa80, and result object 0x000002D6531C8370 with size 48
###FindFiles file handle = 0x000002D6512EAA80, eventID = 0140, event Info = 0x000002D6512EB010
WriteDirectoryResults() New directory index is -1.
  STATUS_NO_SUCH_FILE
Dokan Information: SendAndPullEventInformation() with NTSTATUS 0xc000000f, context 0x512eaa80, and result object 0x000002D6531C8370 with size 48
###Cleanup file handle = 0x000002D6512EAA80, eventID = 0140, event Info = 0x000002D6512EB010
Dokan Information: SendAndPullEventInformation() with NTSTATUS 0x0, context 0x512eaa80, and result object 0x000002D6531C8370 with size 48
###Close file handle = 0x000002D6512EAA80, eventID = 0140, event Info = 0x000002D6512EB010
[Close] \
###Create file handle = 0x000002D6512EA780, eventID = 0141, event Info = 0x000002D65130C230
[ZwCreateFile] \b4.bin
Dokan Information: DokanEndDispatchCreate() status = 0, file handle = 0x000002D6512EA780, eventID = 0141, result = 0x2
Dokan Information: SendAndPullEventInformation() with NTSTATUS 0x0, context 0x512ea780, and result object 0x000002D6531C8370 with size 48
###GetFileInfo file handle = 0x000002D6512EA780, eventID = 0141, event Info = 0x000002D65130C230
	result =  c0000034
	DispatchQueryInformation result =  c0000034
Dokan Information: SendAndPullEventInformation() with NTSTATUS 0xc000000d, context 0x512ea780, and result object 0x000002D6531C8370 with size 48
###GetFileInfo file handle = 0x000002D6512EA780, eventID = 0141, event Info = 0x000002D65130C230
	result =  c0000034
	DispatchQueryInformation result =  c0000034
Dokan Information: SendAndPullEventInformation() with NTSTATUS 0xc000000d, context 0x512ea780, and result object 0x000002D6531C8370 with size 48
###GetFileInfo file handle = 0x000002D6512EA780, eventID = 0141, event Info = 0x000002D65130C230
	result =  c0000034
	DispatchQueryInformation result =  c0000034
Dokan Information: SendAndPullEventInformation() with NTSTATUS 0xc000000d, context 0x512ea780, and result object 0x000002D6531C8370 with size 48
###GetFileInfo file handle = 0x000002D6512EA780, eventID = 0141, event Info = 0x000002D65130C230
	result =  c0000034
	DispatchQueryInformation result =  c0000034
Dokan Information: SendAndPullEventInformation() with NTSTATUS 0xc000000d, context 0x512ea780, and result object 0x000002D6531C8370 with size 48
###GetFileInfo file handle = 0x000002D6512EA780, eventID = 0141, event Info = 0x000002D65130C230
	result =  c0000034
	DispatchQueryInformation result =  c0000034
Dokan Information: SendAndPullEventInformation() with NTSTATUS 0xc000000d, context 0x512ea780, and result object 0x000002D6531C8370 with size 48
###WriteFile file handle = 0x000002D6512EA780, eventID = 0141, event Info = 0x000002D6512EB010
[Write] off=0 len=4194304
Dokan Information: SendAndPullEventInformation() with NTSTATUS 0x0, context 0x512ea780, and result object 0x000002D6530DD210 with size 48
###Cleanup file handle = 0x000002D6512EA780, eventID = 0141, event Info = 0x000002D6512EB010
Dokan Information: SendAndPullEventInformation() with NTSTATUS 0x0, context 0x512ea780, and result object 0x000002D6530DD210 with size 48
###Close file handle = 0x000002D6512EA780, eventID = 0141, event Info = 0x000002D6512EB010
[Close] \b4.bin
###Create file handle = 0x000002D6512EAA80, eventID = 0142, event Info = 0x000002D65130C230
[ZwCreateFile] \
Dokan Information: DokanEndDispatchCreate() status = 0, file handle = 0x000002D6512EAA80, eventID = 0142, result = 0x1
Dokan Information: SendAndPullEventInformation() with NTSTATUS 0x0, context 0x512eaa80, and result object 0x000002D6531C8370 with size 48
###FindFiles file handle = 0x000002D6512EAA80, eventID = 0142, event Info = 0x000002D65130C230
WriteDirectoryResults() New directory index is -1.
  STATUS_NO_SUCH_FILE
Dokan Information: SendAndPullEventInformation() with NTSTATUS 0xc000000f, context 0x512eaa80, and result object 0x000002D6531C8370 with size 48
###Cleanup file handle = 0x000002D6512EAA80, eventID = 0142, event Info = 0x000002D65130C230
Dokan Information: SendAndPullEventInformation() with NTSTATUS 0x0, context 0x512eaa80, and result object 0x000002D6531C8370 with size 48
###Close file handle = 0x000002D6512EAA80, eventID = 0142, event Info = 0x000002D65130C230
[Close] \
###Create file handle = 0x000002D6512EA780, eventID = 0143, event Info = 0x000002D65130C000
[ZwCreateFile] \b5.bin
Dokan Information: DokanEndDispatchCreate() status = 0, file handle = 0x000002D6512EA780, eventID = 0143, result = 0x2
Dokan Information: SendAndPullEventInformation() with NTSTATUS 0x0, context 0x512ea780, and result object 0x000002D6531C8370 with size 48
###GetFileInfo file handle = 0x000002D6512EA780, eventID = 0143, event Info = 0x000002D65130C000
	result =  c0000034
	DispatchQueryInformation result =  c0000034
Dokan Information: SendAndPullEventInformation() with NTSTATUS 0xc000000d, context 0x512ea780, and result object 0x000002D6531C8370 with size 48
###GetFileInfo file handle = 0x000002D6512EA780, eventID = 0143, event Info = 0x000002D65130C000
	result =  c0000034
	DispatchQueryInformation result =  c0000034
Dokan Information: SendAndPullEventInformation() with NTSTATUS 0xc000000d, context 0x512ea780, and result object 0x000002D6531C8370 with size 48
###GetFileInfo file handle = 0x000002D6512EA780, eventID = 0143, event Info = 0x000002D65130C000
	result =  c0000034
	DispatchQueryInformation result =  c0000034
Dokan Information: SendAndPullEventInformation() with NTSTATUS 0xc000000d, context 0x512ea780, and result object 0x000002D6531C8370 with size 48
###GetFileInfo file handle = 0x000002D6512EA780, eventID = 0143, event Info = 0x000002D65130C000
	result =  c0000034
	DispatchQueryInformation result =  c0000034
Dokan Information: SendAndPullEventInformation() with NTSTATUS 0xc000000d, context 0x512ea780, and result object 0x000002D6531C8370 with size 48
###GetFileInfo file handle = 0x000002D6512EA780, eventID = 0143, event Info = 0x000002D65130C000
	result =  c0000034
	DispatchQueryInformation result =  c0000034
Dokan Information: SendAndPullEventInformation() with NTSTATUS 0xc000000d, context 0x512ea780, and result object 0x000002D6531C8370 with size 48
###WriteFile file handle = 0x000002D6512EA780, eventID = 0143, event Info = 0x000002D65130C000
[Write] off=0 len=4194304
Dokan Information: SendAndPullEventInformation() with NTSTATUS 0x0, context 0x512ea780, and result object 0x000002D6531C8370 with size 48
###Cleanup file handle = 0x000002D6512EA780, eventID = 0143, event Info = 0x000002D65130C000
Dokan Information: SendAndPullEventInformation() with NTSTATUS 0x0, context 0x512ea780, and result object 0x000002D6531C8370 with size 48
###Close file handle = 0x000002D6512EA780, eventID = 0143, event Info = 0x000002D65130C000
[Close] \b5.bin
###Create file handle = 0x000002D6512EAA80, eventID = 0144, event Info = 0x000002D65130C230
[ZwCreateFile] \
Dokan Information: DokanEndDispatchCreate() status = 0, file handle = 0x000002D6512EAA80, eventID = 0144, result = 0x1
Dokan Information: SendAndPullEventInformation() with NTSTATUS 0x0, context 0x512eaa80, and result object 0x000002D6531C8370 with size 48
###FindFiles file handle = 0x000002D6512EAA80, eventID = 0144, event Info = 0x000002D65130C230
WriteDirectoryResults() New directory index is -1.
  STATUS_NO_SUCH_FILE
Dokan Information: SendAndPullEventInformation() with NTSTATUS 0xc000000f, context 0x512eaa80, and result object 0x000002D6531C8370 with size 48
###Cleanup file handle = 0x000002D6512EAA80, eventID = 0144, event Info = 0x000002D65130C230
Dokan Information: SendAndPullEventInformation() with NTSTATUS 0x0, context 0x512eaa80, and result object 0x000002D6531C8370 with size 48
###Close file handle = 0x000002D6512EAA80, eventID = 0144, event Info = 0x000002D65130C230
[Close] \
###Create file handle = 0x000002D6512EA780, eventID = 0145, event Info = 0x000002D65130C000
[ZwCreateFile] \b6.bin
Dokan Information: DokanEndDispatchCreate() status = 0, file handle = 0x000002D6512EA780, eventID = 0145, result = 0x2
Dokan Information: SendAndPullEventInformation() with NTSTATUS 0x0, context 0x512ea780, and result object 0x000002D6531C8370 with size 48
###GetFileInfo file handle = 0x000002D6512EA780, eventID = 0145, event Info = 0x000002D65130C000
	result =  c0000034
	DispatchQueryInformation result =  c0000034
Dokan Information: SendAndPullEventInformation() with NTSTATUS 0xc000000d, context 0x512ea780, and result object 0x000002D6531C8370 with size 48
###GetFileInfo file handle = 0x000002D6512EA780, eventID = 0145, event Info = 0x000002D65130C000
	result =  c0000034
	DispatchQueryInformation result =  c0000034
Dokan Information: SendAndPullEventInformation() with NTSTATUS 0xc000000d, context 0x512ea780, and result object 0x000002D6531C8370 with size 48
###GetFileInfo file handle = 0x000002D6512EA780, eventID = 0145, event Info = 0x000002D65130C000
	result =  c0000034
	DispatchQueryInformation result =  c0000034
Dokan Information: SendAndPullEventInformation() with NTSTATUS 0xc000000d, context 0x512ea780, and result object 0x000002D6531C8370 with size 48
###GetFileInfo file handle = 0x000002D6512EA780, eventID = 0145, event Info = 0x000002D65130C000
	result =  c0000034
	DispatchQueryInformation result =  c0000034
Dokan Information: SendAndPullEventInformation() with NTSTATUS 0xc000000d, context 0x512ea780, and result object 0x000002D6531C8370 with size 48
###GetFileInfo file handle = 0x000002D6512EA780, eventID = 0145, event Info = 0x000002D65130C000
	result =  c0000034
	DispatchQueryInformation result =  c0000034
Dokan Information: SendAndPullEventInformation() with NTSTATUS 0xc000000d, context 0x512ea780, and result object 0x000002D6531C8370 with size 48
###WriteFile file handle = 0x000002D6512EA780, eventID = 0145, event Info = 0x000002D65130C000
[Write] off=0 len=4194304
Dokan Information: SendAndPullEventInformation() with NTSTATUS 0x0, context 0x512ea780, and result object 0x000002D6531C8370 with size 48
###Cleanup file handle = 0x000002D6512EA780, eventID = 0145, event Info = 0x000002D65130C000
Dokan Information: SendAndPullEventInformation() with NTSTATUS 0x0, context 0x512ea780, and result object 0x000002D6531C8370 with size 48
###Close file handle = 0x000002D6512EA780, eventID = 0145, event Info = 0x000002D65130C000
[Close] \b6.bin
###Create file handle = 0x000002D6512EAA80, eventID = 0146, event Info = 0x000002D65130C230
[ZwCreateFile] \
Dokan Information: DokanEndDispatchCreate() status = 0, file handle = 0x000002D6512EAA80, eventID = 0146, result = 0x1
Dokan Information: SendAndPullEventInformation() with NTSTATUS 0x0, context 0x512eaa80, and result object 0x000002D6531C8370 with size 48
###FindFiles file handle = 0x000002D6512EAA80, eventID = 0146, event Info = 0x000002D65130C230
WriteDirectoryResults() New directory index is -1.
  STATUS_NO_SUCH_FILE
Dokan Information: SendAndPullEventInformation() with NTSTATUS 0xc000000f, context 0x512eaa80, and result object 0x000002D6531C8370 with size 48
###Cleanup file handle = 0x000002D6512EAA80, eventID = 0146, event Info = 0x000002D65130C230
Dokan Information: SendAndPullEventInformation() with NTSTATUS 0x0, context 0x512eaa80, and result object 0x000002D6531C8370 with size 48
###Close file handle = 0x000002D6512EAA80, eventID = 0146, event Info = 0x000002D65130C230
[Close] \
###Create file handle = 0x000002D6512EA780, eventID = 0147, event Info = 0x000002D65130C000
[ZwCreateFile] \b7.bin
Dokan Information: DokanEndDispatchCreate() status = 0, file handle = 0x000002D6512EA780, eventID = 0147, result = 0x2
Dokan Information: SendAndPullEventInformation() with NTSTATUS 0x0, context 0x512ea780, and result object 0x000002D6531C8370 with size 48
###GetFileInfo file handle = 0x000002D6512EA780, eventID = 0147, event Info = 0x000002D65130C000
	result =  c0000034
	DispatchQueryInformation result =  c0000034
Dokan Information: SendAndPullEventInformation() with NTSTATUS 0xc000000d, context 0x512ea780, and result object 0x000002D6531C8370 with size 48
###GetFileInfo file handle = 0x000002D6512EA780, eventID = 0147, event Info = 0x000002D65130C000
	result =  c0000034
	DispatchQueryInformation result =  c0000034
Dokan Information: SendAndPullEventInformation() with NTSTATUS 0xc000000d, context 0x512ea780, and result object 0x000002D6531C8370 with size 48
###GetFileInfo file handle = 0x000002D6512EA780, eventID = 0147, event Info = 0x000002D65130C000
	result =  c0000034
	DispatchQueryInformation result =  c0000034
Dokan Information: SendAndPullEventInformation() with NTSTATUS 0xc000000d, context 0x512ea780, and result object 0x000002D6531C8370 with size 48
###GetFileInfo file handle = 0x000002D6512EA780, eventID = 0147, event Info = 0x000002D65130C000
	result =  c0000034
	DispatchQueryInformation result =  c0000034
Dokan Information: SendAndPullEventInformation() with NTSTATUS 0xc000000d, context 0x512ea780, and result object 0x000002D6531C8370 with size 48
###GetFileInfo file handle = 0x000002D6512EA780, eventID = 0147, event Info = 0x000002D65130C000
	result =  c0000034
	DispatchQueryInformation result =  c0000034
Dokan Information: SendAndPullEventInformation() with NTSTATUS 0xc000000d, context 0x512ea780, and result object 0x000002D6531C8370 with size 48
###WriteFile file handle = 0x000002D6512EA780, eventID = 0147, event Info = 0x000002D65130C000
[Write] off=0 len=4194304
Dokan Information: SendAndPullEventInformation() with NTSTATUS 0x0, context 0x512ea780, and result object 0x000002D6531C8370 with size 48
###Cleanup file handle = 0x000002D6512EA780, eventID = 0147, event Info = 0x000002D65130C000
Dokan Information: SendAndPullEventInformation() with NTSTATUS 0x0, context 0x512ea780, and result object 0x000002D6531C8370 with size 48
###Close file handle = 0x000002D6512EA780, eventID = 0147, event Info = 0x000002D65130C000
[Close] \b7.bin
###Create file handle = 0x000002D6512EAA80, eventID = 0148, event Info = 0x000002D65130C230
[ZwCreateFile] \
Dokan Information: DokanEndDispatchCreate() status = 0, file handle = 0x000002D6512EAA80, eventID = 0148, result = 0x1
Dokan Information: SendAndPullEventInformation() with NTSTATUS 0x0, context 0x512eaa80, and result object 0x000002D6531C8370 with size 48
###FindFiles file handle = 0x000002D6512EAA80, eventID = 0148, event Info = 0x000002D65130C230
WriteDirectoryResults() New directory index is -1.
  STATUS_NO_SUCH_FILE
Dokan Information: SendAndPullEventInformation() with NTSTATUS 0xc000000f, context 0x512eaa80, and result object 0x000002D6531C8370 with size 48
###Cleanup file handle = 0x000002D6512EAA80, eventID = 0148, event Info = 0x000002D65130C230
Dokan Information: SendAndPullEventInformation() with NTSTATUS 0x0, context 0x512eaa80, and result object 0x000002D6531C8370 with size 48
###Close file handle = 0x000002D6512EAA80, eventID = 0148, event Info = 0x000002D65130C230
[Close] \
###Create file handle = 0x000002D6512EA780, eventID = 0149, event Info = 0x000002D65130C000
[ZwCreateFile] \b8.bin
Dokan Information: DokanEndDispatchCreate() status = 0, file handle = 0x000002D6512EA780, eventID = 0149, result = 0x2
Dokan Information: SendAndPullEventInformation() with NTSTATUS 0x0, context 0x512ea780, and result object 0x000002D6531C8370 with size 48
###GetFileInfo file handle = 0x000002D6512EA780, eventID = 0149, event Info = 0x000002D65130C000
	result =  c0000034
	DispatchQueryInformation result =  c0000034
Dokan Information: SendAndPullEventInformation() with NTSTATUS 0xc000000d, context 0x512ea780, and result object 0x000002D6531C8370 with size 48
###GetFileInfo file handle = 0x000002D6512EA780, eventID = 0149, event Info = 0x000002D65130C000
	result =  c0000034
	DispatchQueryInformation result =  c0000034
Dokan Information: SendAndPullEventInformation() with NTSTATUS 0xc000000d, context 0x512ea780, and result object 0x000002D6531C8370 with size 48
###GetFileInfo file handle = 0x000002D6512EA780, eventID = 0149, event Info = 0x000002D65130C000
	result =  c0000034
	DispatchQueryInformation result =  c0000034
Dokan Information: SendAndPullEventInformation() with NTSTATUS 0xc000000d, context 0x512ea780, and result object 0x000002D6531C8370 with size 48
###GetFileInfo file handle = 0x000002D6512EA780, eventID = 0149, event Info = 0x000002D65130C000
	result =  c0000034
	DispatchQueryInformation result =  c0000034
Dokan Information: SendAndPullEventInformation() with NTSTATUS 0xc000000d, context 0x512ea780, and result object 0x000002D6531C8370 with size 48
###GetFileInfo file handle = 0x000002D6512EA780, eventID = 0149, event Info = 0x000002D65130C000
	result =  c0000034
	DispatchQueryInformation result =  c0000034
Dokan Information: SendAndPullEventInformation() with NTSTATUS 0xc000000d, context 0x512ea780, and result object 0x000002D6531C8370 with size 48
###WriteFile file handle = 0x000002D6512EA780, eventID = 0149, event Info = 0x000002D65130C230
[Write] off=0 len=4194304
Dokan Information: SendAndPullEventInformation() with NTSTATUS 0x0, context 0x512ea780, and result object 0x000002D6530DD210 with size 48
###Cleanup file handle = 0x000002D6512EA780, eventID = 0149, event Info = 0x000002D65130C230
Dokan Information: SendAndPullEventInformation() with NTSTATUS 0x0, context 0x512ea780, and result object 0x000002D6530DD210 with size 48
###Close file handle = 0x000002D6512EA780, eventID = 0149, event Info = 0x000002D65130C230
[Close] \b8.bin
###Create file handle = 0x000002D6512EAA80, eventID = 0150, event Info = 0x000002D65130C000
[ZwCreateFile] \
Dokan Information: DokanEndDispatchCreate() status = 0, file handle = 0x000002D6512EAA80, eventID = 0150, result = 0x1
Dokan Information: SendAndPullEventInformation() with NTSTATUS 0x0, context 0x512eaa80, and result object 0x000002D6531C8370 with size 48
###FindFiles file handle = 0x000002D6512EAA80, eventID = 0150, event Info = 0x000002D65130C000
WriteDirectoryResults() New directory index is -1.
  STATUS_NO_SUCH_FILE
Dokan Information: SendAndPullEventInformation() with NTSTATUS 0xc000000f, context 0x512eaa80, and result object 0x000002D6531C8370 with size 48
###Cleanup file handle = 0x000002D6512EAA80, eventID = 0150, event Info = 0x000002D65130C000
Dokan Information: SendAndPullEventInformation() with NTSTATUS 0x0, context 0x512eaa80, and result object 0x000002D6531C8370 with size 48
###Close file handle = 0x000002D6512EAA80, eventID = 0150, event Info = 0x000002D65130C000
[Close] \
###Create file handle = 0x000002D6512EA780, eventID = 0151, event Info = 0x000002D65130C230
[ZwCreateFile] \b9.bin
Dokan Information: DokanEndDispatchCreate() status = 0, file handle = 0x000002D6512EA780, eventID = 0151, result = 0x2
Dokan Information: SendAndPullEventInformation() with NTSTATUS 0x0, context 0x512ea780, and result object 0x000002D6531C8370 with size 48
###GetFileInfo file handle = 0x000002D6512EA780, eventID = 0151, event Info = 0x000002D65130C230
	result =  c0000034
	DispatchQueryInformation result =  c0000034
Dokan Information: SendAndPullEventInformation() with NTSTATUS 0xc000000d, context 0x512ea780, and result object 0x000002D6531C8370 with size 48
###GetFileInfo file handle = 0x000002D6512EA780, eventID = 0151, event Info = 0x000002D65130C230
	result =  c0000034
	DispatchQueryInformation result =  c0000034
Dokan Information: SendAndPullEventInformation() with NTSTATUS 0xc000000d, context 0x512ea780, and result object 0x000002D6531C8370 with size 48
###GetFileInfo file handle = 0x000002D6512EA780, eventID = 0151, event Info = 0x000002D65130C230
	result =  c0000034
	DispatchQueryInformation result =  c0000034
Dokan Information: SendAndPullEventInformation() with NTSTATUS 0xc000000d, context 0x512ea780, and result object 0x000002D6531C8370 with size 48
###GetFileInfo file handle = 0x000002D6512EA780, eventID = 0151, event Info = 0x000002D65130C230
	result =  c0000034
	DispatchQueryInformation result =  c0000034
Dokan Information: SendAndPullEventInformation() with NTSTATUS 0xc000000d, context 0x512ea780, and result object 0x000002D6531C8370 with size 48
###GetFileInfo file handle = 0x000002D6512EA780, eventID = 0151, event Info = 0x000002D65130C230
	result =  c0000034
	DispatchQueryInformation result =  c0000034
Dokan Information: SendAndPullEventInformation() with NTSTATUS 0xc000000d, context 0x512ea780, and result object 0x000002D6531C8370 with size 48
###WriteFile file handle = 0x000002D6512EA780, eventID = 0151, event Info = 0x000002D65130C230
[Write] off=0 len=4194304
Dokan Information: SendAndPullEventInformation() with NTSTATUS 0x0, context 0x512ea780, and result object 0x000002D6531C8370 with size 48
###Cleanup file handle = 0x000002D6512EA780, eventID = 0151, event Info = 0x000002D65130C230
Dokan Information: SendAndPullEventInformation() with NTSTATUS 0x0, context 0x512ea780, and result object 0x000002D6531C8370 with size 48
###Close file handle = 0x000002D6512EA780, eventID = 0151, event Info = 0x000002D65130C230
[Close] ###Create file handle = 0x000002D6512EAA80, eventID = 0152, event Info = 0x000002D65130C000
\b9.bin
[ZwCreateFile] \
Dokan Information: DokanEndDispatchCreate() status = 0, file handle = 0x000002D6512EAA80, eventID = 0152, result = 0x1
Dokan Information: SendAndPullEventInformation() with NTSTATUS 0x0, context 0x512eaa80, and result object 0x000002D6531C8370 with size 48
###FindFiles file handle = 0x000002D6512EAA80, eventID = 0152, event Info = 0x000002D65130C000
WriteDirectoryResults() New directory index is -1.
  STATUS_NO_SUCH_FILE
Dokan Information: SendAndPullEventInformation() with NTSTATUS 0xc000000f, context 0x512eaa80, and result object 0x000002D6531C8370 with size 48
###Cleanup file handle = 0x000002D6512EAA80, eventID = 0152, event Info = 0x000002D65130C000
Dokan Information: SendAndPullEventInformation() with NTSTATUS 0x0, context 0x512eaa80, and result object 0x000002D6531C8370 with size 48
###Close file handle = 0x000002D6512EAA80, eventID = 0152, event Info = 0x000002D65130C000
[Close] \
###Create file handle = 0x000002D6512EA780, eventID = 0153, event Info = 0x000002D65130C230
[ZwCreateFile] \b10.bin
Dokan Information: DokanEndDispatchCreate() status = 0, file handle = 0x000002D6512EA780, eventID = 0153, result = 0x2
Dokan Information: SendAndPullEventInformation() with NTSTATUS 0x0, context 0x512ea780, and result object 0x000002D6531C8370 with size 48
###GetFileInfo file handle = 0x000002D6512EA780, eventID = 0153, event Info = 0x000002D65130C230
	result =  c0000034
	DispatchQueryInformation result =  c0000034
Dokan Information: SendAndPullEventInformation() with NTSTATUS 0xc000000d, context 0x512ea780, and result object 0x000002D6531C8370 with size 48
###GetFileInfo file handle = 0x000002D6512EA780, eventID = 0153, event Info = 0x000002D65130C230
	result =  c0000034
	DispatchQueryInformation result =  c0000034
Dokan Information: SendAndPullEventInformation() with NTSTATUS 0xc000000d, context 0x512ea780, and result object 0x000002D6531C8370 with size 48
###GetFileInfo file handle = 0x000002D6512EA780, eventID = 0153, event Info = 0x000002D65130C230
	result =  c0000034
	DispatchQueryInformation result =  c0000034
Dokan Information: SendAndPullEventInformation() with NTSTATUS 0xc000000d, context 0x512ea780, and result object 0x000002D6531C8370 with size 48
###GetFileInfo file handle = 0x000002D6512EA780, eventID = 0153, event Info = 0x000002D65130C230
	result =  c0000034
	DispatchQueryInformation result =  c0000034
Dokan Information: SendAndPullEventInformation() with NTSTATUS 0xc000000d, context 0x512ea780, and result object 0x000002D6531C8370 with size 48
###GetFileInfo file handle = 0x000002D6512EA780, eventID = 0153, event Info = 0x000002D65130C230
	result =  c0000034
	DispatchQueryInformation result =  c0000034
Dokan Information: SendAndPullEventInformation() with NTSTATUS 0xc000000d, context 0x512ea780, and result object 0x000002D6531C8370 with size 48
###WriteFile file handle = 0x000002D6512EA780, eventID = 0153, event Info = 0x000002D65130C230
[Write] off=0 len=4194304
Dokan Information: SendAndPullEventInformation() with NTSTATUS 0x0, context 0x512ea780, and result object 0x000002D6531C8370 with size 48
###Cleanup file handle = 0x000002D6512EA780, eventID = 0153, event Info = 0x000002D65130C230
Dokan Information: SendAndPullEventInformation() with NTSTATUS 0x0, context 0x512ea780, and result object 0x000002D6531C8370 with size 48
###Close file handle = 0x000002D6512EA780, eventID = 0153, event Info = 0x000002D65130C230
[Close] \b10.bin
###Create file handle = 0x000002D6512EAA80, eventID = 0154, event Info = 0x000002D65130C000
[ZwCreateFile] \
Dokan Information: DokanEndDispatchCreate() status = 0, file handle = 0x000002D6512EAA80, eventID = 0154, result = 0x1
Dokan Information: SendAndPullEventInformation() with NTSTATUS 0x0, context 0x512eaa80, and result object 0x000002D6531C8370 with size 48
###FindFiles file handle = 0x000002D6512EAA80, eventID = 0154, event Info = 0x000002D65130C000
WriteDirectoryResults() New directory index is -1.
  STATUS_NO_SUCH_FILE
Dokan Information: SendAndPullEventInformation() with NTSTATUS 0xc000000f, context 0x512eaa80, and result object 0x000002D6531C8370 with size 48
###Cleanup file handle = 0x000002D6512EAA80, eventID = 0154, event Info = 0x000002D65130C000
Dokan Information: SendAndPullEventInformation() with NTSTATUS 0x0, context 0x512eaa80, and result object 0x000002D6531C8370 with size 48
###Close file handle = 0x000002D6512EAA80, eventID = 0154, event Info = 0x000002D65130C000
[Close] \
###Create file handle = 0x000002D6512EA780, eventID = 0155, event Info = 0x000002D6512EB010
[ZwCreateFile] \b11.bin
Dokan Information: DokanEndDispatchCreate() status = 0, file handle = 0x000002D6512EA780, eventID = 0155, result = 0x2
Dokan Information: SendAndPullEventInformation() with NTSTATUS 0x0, context 0x512ea780, and result object 0x000002D6531C8370 with size 48
###GetFileInfo file handle = 0x000002D6512EA780, eventID = 0155, event Info = 0x000002D6512EB010
	result =  c0000034
	DispatchQueryInformation result =  c0000034
Dokan Information: SendAndPullEventInformation() with NTSTATUS 0xc000000d, context 0x512ea780, and result object 0x000002D6531C8370 with size 48
###GetFileInfo file handle = 0x000002D6512EA780, eventID = 0155, event Info = 0x000002D6512EB010
	result =  c0000034
	DispatchQueryInformation result =  c0000034
Dokan Information: SendAndPullEventInformation() with NTSTATUS 0xc000000d, context 0x512ea780, and result object 0x000002D6531C8370 with size 48
###GetFileInfo file handle = 0x000002D6512EA780, eventID = 0155, event Info = 0x000002D6512EB010
	result =  c0000034
	DispatchQueryInformation result =  c0000034
Dokan Information: SendAndPullEventInformation() with NTSTATUS 0xc000000d, context 0x512ea780, and result object 0x000002D6531C8370 with size 48
###GetFileInfo file handle = 0x000002D6512EA780, eventID = 0155, event Info = 0x000002D6512EB010
	result =  c0000034
	DispatchQueryInformation result =  c0000034
Dokan Information: SendAndPullEventInformation() with NTSTATUS 0xc000000d, context 0x512ea780, and result object 0x000002D6531C8370 with size 48
###GetFileInfo file handle = 0x000002D6512EA780, eventID = 0155, event Info = 0x000002D6512EB010
	result =  c0000034
	DispatchQueryInformation result =  c0000034
Dokan Information: SendAndPullEventInformation() with NTSTATUS 0xc000000d, context 0x512ea780, and result object 0x000002D6531C8370 with size 48
###WriteFile file handle = 0x000002D6512EA780, eventID = 0155, event Info = 0x000002D6512EB010
[Write] off=0 len=4194304
Dokan Information: SendAndPullEventInformation() with NTSTATUS 0x0, context 0x512ea780, and result object 0x000002D6531C8370 with size 48
###Cleanup file handle = 0x000002D6512EA780, eventID = 0155, event Info = 0x000002D6512EB010
Dokan Information: SendAndPullEventInformation() with NTSTATUS 0x0, context 0x512ea780, and result object 0x000002D6531C8370 with size 48
###Close file handle = 0x000002D6512EA780, eventID = 0155, event Info = 0x000002D6512EB010
[Close] \b11.bin
###Create file handle = 0x000002D6512EAA80, eventID = 0156, event Info = 0x000002D65130C000
[ZwCreateFile] \
Dokan Information: DokanEndDispatchCreate() status = 0, file handle = 0x000002D6512EAA80, eventID = 0156, result = 0x1
Dokan Information: SendAndPullEventInformation() with NTSTATUS 0x0, context 0x512eaa80, and result object 0x000002D6531C8370 with size 48
###FindFiles file handle = 0x000002D6512EAA80, eventID = 0156, event Info = 0x000002D65130C000
WriteDirectoryResults() New directory index is -1.
  STATUS_NO_SUCH_FILE
Dokan Information: SendAndPullEventInformation() with NTSTATUS 0xc000000f, context 0x512eaa80, and result object 0x000002D6531C8370 with size 48
###Cleanup file handle = 0x000002D6512EAA80, eventID = 0156, event Info = 0x000002D65130C000
Dokan Information: SendAndPullEventInformation() with NTSTATUS 0x0, context 0x512eaa80, and result object 0x000002D6531C8370 with size 48
###Close file handle = 0x000002D6512EAA80, eventID = 0156, event Info = 0x000002D65130C000
[Close] \
###Create file handle = 0x000002D6512EA780, eventID = 0157, event Info = 0x000002D6512EB010
[ZwCreateFile] \b12.bin
Dokan Information: DokanEndDispatchCreate() status = 0, file handle = 0x000002D6512EA780, eventID = 0157, result = 0x2
Dokan Information: SendAndPullEventInformation() with NTSTATUS 0x0, context 0x512ea780, and result object 0x000002D6531C8370 with size 48
###GetFileInfo file handle = 0x000002D6512EA780, eventID = 0157, event Info = 0x000002D6512EB010
	result =  c0000034
	DispatchQueryInformation result =  c0000034
Dokan Information: SendAndPullEventInformation() with NTSTATUS 0xc000000d, context 0x512ea780, and result object 0x000002D6531C8370 with size 48
###GetFileInfo file handle = 0x000002D6512EA780, eventID = 0157, event Info = 0x000002D6512EB010
	result =  c0000034
	DispatchQueryInformation result =  c0000034
Dokan Information: SendAndPullEventInformation() with NTSTATUS 0xc000000d, context 0x512ea780, and result object 0x000002D6531C8370 with size 48
###GetFileInfo file handle = 0x000002D6512EA780, eventID = 0157, event Info = 0x000002D6512EB010
	result =  c0000034
	DispatchQueryInformation result =  c0000034
Dokan Information: SendAndPullEventInformation() with NTSTATUS 0xc000000d, context 0x512ea780, and result object 0x000002D6531C8370 with size 48
###GetFileInfo file handle = 0x000002D6512EA780, eventID = 0157, event Info = 0x000002D6512EB010
	result =  c0000034
	DispatchQueryInformation result =  c0000034
Dokan Information: SendAndPullEventInformation() with NTSTATUS 0xc000000d, context 0x512ea780, and result object 0x000002D6531C8370 with size 48
###GetFileInfo file handle = 0x000002D6512EA780, eventID = 0157, event Info = 0x000002D6512EB010
	result =  c0000034
	DispatchQueryInformation result =  c0000034
Dokan Information: SendAndPullEventInformation() with NTSTATUS 0xc000000d, context 0x512ea780, and result object 0x000002D6531C8370 with size 48
###WriteFile file handle = 0x000002D6512EA780, eventID = 0157, event Info = 0x000002D65130C000
[Write] off=0 len=4194304
Dokan Information: SendAndPullEventInformation() with NTSTATUS 0x0, context 0x512ea780, and result object 0x000002D6530DD210 with size 48
###Cleanup file handle = 0x000002D6512EA780, eventID = 0157, event Info = 0x000002D65130C000
Dokan Information: SendAndPullEventInformation() with NTSTATUS 0x0, context 0x512ea780, and result object 0x000002D6530DD210 with size 48
###Close file handle = 0x000002D6512EA780, eventID = 0157, event Info = 0x000002D65130C000
###Create file handle = 0x000002D6512EAA80, eventID = 0158, event Info = 0x000002D6512EB010
[Close] \b12.bin
[ZwCreateFile] \
Dokan Information: DokanEndDispatchCreate() status = 0, file handle = 0x000002D6512EAA80, eventID = 0158, result = 0x1
Dokan Information: SendAndPullEventInformation() with NTSTATUS 0x0, context 0x512eaa80, and result object 0x000002D6531C8370 with size 48
###FindFiles file handle = 0x000002D6512EAA80, eventID = 0158, event Info = 0x000002D6512EB010
WriteDirectoryResults() New directory index is -1.
  STATUS_NO_SUCH_FILE
Dokan Information: SendAndPullEventInformation() with NTSTATUS 0xc000000f, context 0x512eaa80, and result object 0x000002D6531C8370 with size 48
###Cleanup file handle = 0x000002D6512EAA80, eventID = 0158, event Info = 0x000002D6512EB010
Dokan Information: SendAndPullEventInformation() with NTSTATUS 0x0, context 0x512eaa80, and result object 0x000002D6531C8370 with size 48
###Close file handle = 0x000002D6512EAA80, eventID = 0158, event Info = 0x000002D6512EB010
[Close] \
###Create file handle = 0x000002D6512EA780, eventID = 0159, event Info = 0x000002D65130C000
[ZwCreateFile] \b13.bin
Dokan Information: DokanEndDispatchCreate() status = 0, file handle = 0x000002D6512EA780, eventID = 0159, result = 0x2
Dokan Information: SendAndPullEventInformation() with NTSTATUS 0x0, context 0x512ea780, and result object 0x000002D6531C8370 with size 48
###GetFileInfo file handle = 0x000002D6512EA780, eventID = 0159, event Info = 0x000002D65130C000
	result =  c0000034
	DispatchQueryInformation result =  c0000034
Dokan Information: SendAndPullEventInformation() with NTSTATUS 0xc000000d, context 0x512ea780, and result object 0x000002D6531C8370 with size 48
###GetFileInfo file handle = 0x000002D6512EA780, eventID = 0159, event Info = 0x000002D65130C000
	result =  c0000034
	DispatchQueryInformation result =  c0000034
Dokan Information: SendAndPullEventInformation() with NTSTATUS 0xc000000d, context 0x512ea780, and result object 0x000002D6531C8370 with size 48
###GetFileInfo file handle = 0x000002D6512EA780, eventID = 0159, event Info = 0x000002D65130C000
	result =  c0000034
	DispatchQueryInformation result =  c0000034
Dokan Information: SendAndPullEventInformation() with NTSTATUS 0xc000000d, context 0x512ea780, and result object 0x000002D6531C8370 with size 48
###GetFileInfo file handle = 0x000002D6512EA780, eventID = 0159, event Info = 0x000002D65130C000
	result =  c0000034
	DispatchQueryInformation result =  c0000034
Dokan Information: SendAndPullEventInformation() with NTSTATUS 0xc000000d, context 0x512ea780, and result object 0x000002D6531C8370 with size 48
###GetFileInfo file handle = 0x000002D6512EA780, eventID = 0159, event Info = 0x000002D65130C000
	result =  c0000034
	DispatchQueryInformation result =  c0000034
Dokan Information: SendAndPullEventInformation() with NTSTATUS 0xc000000d, context 0x512ea780, and result object 0x000002D6531C8370 with size 48
###WriteFile file handle = 0x000002D6512EA780, eventID = 0159, event Info = 0x000002D65130C000
[Write] off=0 len=4194304
Dokan Information: SendAndPullEventInformation() with NTSTATUS 0x0, context 0x512ea780, and result object 0x000002D6531C8370 with size 48
###Cleanup file handle = 0x000002D6512EA780, eventID = 0159, event Info = 0x000002D65130C000
Dokan Information: SendAndPullEventInformation() with NTSTATUS 0x0, context 0x512ea780, and result object 0x000002D6531C8370 with size 48
###Close file handle = 0x000002D6512EA780, eventID = 0159, event Info = 0x000002D65130C000
[Close] \b13.bin
###Create file handle = 0x000002D6512EAA80, eventID = 0160, event Info = 0x000002D6512EB010
[ZwCreateFile] \
Dokan Information: DokanEndDispatchCreate() status = 0, file handle = 0x000002D6512EAA80, eventID = 0160, result = 0x1
Dokan Information: SendAndPullEventInformation() with NTSTATUS 0x0, context 0x512eaa80, and result object 0x000002D6531C8370 with size 48
###FindFiles file handle = 0x000002D6512EAA80, eventID = 0160, event Info = 0x000002D6512EB010
WriteDirectoryResults() New directory index is -1.
  STATUS_NO_SUCH_FILE
Dokan Information: SendAndPullEventInformation() with NTSTATUS 0xc000000f, context 0x512eaa80, and result object 0x000002D6531C8370 with size 48
###Cleanup file handle = 0x000002D6512EAA80, eventID = 0160, event Info = 0x000002D6512EB010
Dokan Information: SendAndPullEventInformation() with NTSTATUS 0x0, context 0x512eaa80, and result object 0x000002D6531C8370 with size 48
###Close file handle = 0x000002D6512EAA80, eventID = 0160, event Info = 0x000002D6512EB010
[Close###Create file handle = 0x000002D6512EA780, eventID = 0161, event Info = 0x000002D65130C000
] \
[ZwCreateFile] \b14.bin
Dokan Information: DokanEndDispatchCreate() status = 0, file handle = 0x000002D6512EA780, eventID = 0161, result = 0x2
Dokan Information: SendAndPullEventInformation() with NTSTATUS 0x0, context 0x512ea780, and result object 0x000002D6531C8370 with size 48
###GetFileInfo file handle = 0x000002D6512EA780, eventID = 0161, event Info = 0x000002D65130C000
	result =  c0000034
	DispatchQueryInformation result =  c0000034
Dokan Information: SendAndPullEventInformation() with NTSTATUS 0xc000000d, context 0x512ea780, and result object 0x000002D6531C8370 with size 48
###GetFileInfo file handle = 0x000002D6512EA780, eventID = 0161, event Info = 0x000002D65130C000
	result =  c0000034
	DispatchQueryInformation result =  c0000034
Dokan Information: SendAndPullEventInformation() with NTSTATUS 0xc000000d, context 0x512ea780, and result object 0x000002D6531C8370 with size 48
###GetFileInfo file handle = 0x000002D6512EA780, eventID = 0161, event Info = 0x000002D65130C000
	result =  c0000034
	DispatchQueryInformation result =  c0000034
Dokan Information: SendAndPullEventInformation() with NTSTATUS 0xc000000d, context 0x512ea780, and result object 0x000002D6531C8370 with size 48
###GetFileInfo file handle = 0x000002D6512EA780, eventID = 0161, event Info = 0x000002D65130C000
	result =  c0000034
	DispatchQueryInformation result =  c0000034
Dokan Information: SendAndPullEventInformation() with NTSTATUS 0xc000000d, context 0x512ea780, and result object 0x000002D6531C8370 with size 48
###GetFileInfo file handle = 0x000002D6512EA780, eventID = 0161, event Info = 0x000002D65130C000
	result =  c0000034
	DispatchQueryInformation result =  c0000034
Dokan Information: SendAndPullEventInformation() with NTSTATUS 0xc000000d, context 0x512ea780, and result object 0x000002D6531C8370 with size 48
###WriteFile file handle = 0x000002D6512EA780, eventID = 0161, event Info = 0x000002D65130C000
[Write] off=0 len=4194304
Dokan Information: SendAndPullEventInformation() with NTSTATUS 0x0, context 0x512ea780, and result object 0x000002D6531C8370 with size 48
###Cleanup file handle = 0x000002D6512EA780, eventID = 0161, event Info = 0x000002D65130C000
Dokan Information: SendAndPullEventInformation() with NTSTATUS 0x0, context 0x512ea780, and result object 0x000002D6531C8370 with size 48
###Close file handle = 0x000002D6512EA780, eventID = 0161, event Info = 0x000002D65130C000
[Close] \b14.bin
###Create file handle = 0x000002D6512EAA80, eventID = 0162, event Info = 0x000002D6512EB010
[ZwCreateFile] \
Dokan Information: DokanEndDispatchCreate() status = 0, file handle = 0x000002D6512EAA80, eventID = 0162, result = 0x1
Dokan Information: SendAndPullEventInformation() with NTSTATUS 0x0, context 0x512eaa80, and result object 0x000002D6531C8370 with size 48
###FindFiles file handle = 0x000002D6512EAA80, eventID = 0162, event Info = 0x000002D6512EB010
WriteDirectoryResults() New directory index is -1.
  STATUS_NO_SUCH_FILE
Dokan Information: SendAndPullEventInformation() with NTSTATUS 0xc000000f, context 0x512eaa80, and result object 0x000002D6531C8370 with size 48
###Cleanup file handle = 0x000002D6512EAA80, eventID = 0162, event Info = 0x000002D6512EB010
Dokan Information: SendAndPullEventInformation() with NTSTATUS 0x0, context 0x512eaa80, and result object 0x000002D6531C8370 with size 48
###Close file handle = 0x000002D6512EAA80, eventID = 0162, event Info = 0x000002D6512EB010
[Close] \
###Create file handle = 0x000002D6512EA780, eventID = 0163, event Info = 0x000002D65130C230
[ZwCreateFile] \b15.bin
Dokan Information: DokanEndDispatchCreate() status = 0, file handle = 0x000002D6512EA780, eventID = 0163, result = 0x2
Dokan Information: SendAndPullEventInformation() with NTSTATUS 0x0, context 0x512ea780, and result object 0x000002D6531C8370 with size 48
###GetFileInfo file handle = 0x000002D6512EA780, eventID = 0163, event Info = 0x000002D65130C230
	result =  c0000034
	DispatchQueryInformation result =  c0000034
Dokan Information: SendAndPullEventInformation() with NTSTATUS 0xc000000d, context 0x512ea780, and result object 0x000002D6531C8370 with size 48
###GetFileInfo file handle = 0x000002D6512EA780, eventID = 0163, event Info = 0x000002D65130C230
	result =  c0000034
	DispatchQueryInformation result =  c0000034
Dokan Information: SendAndPullEventInformation() with NTSTATUS 0xc000000d, context 0x512ea780, and result object 0x000002D6531C8370 with size 48
###GetFileInfo file handle = 0x000002D6512EA780, eventID = 0163, event Info = 0x000002D65130C230
	result =  c0000034
	DispatchQueryInformation result =  c0000034
Dokan Information: SendAndPullEventInformation() with NTSTATUS 0xc000000d, context 0x512ea780, and result object 0x000002D6531C8370 with size 48
###GetFileInfo file handle = 0x000002D6512EA780, eventID = 0163, event Info = 0x000002D65130C230
	result =  c0000034
	DispatchQueryInformation result =  c0000034
Dokan Information: SendAndPullEventInformation() with NTSTATUS 0xc000000d, context 0x512ea780, and result object 0x000002D6531C8370 with size 48
###GetFileInfo file handle = 0x000002D6512EA780, eventID = 0163, event Info = 0x000002D65130C230
	result =  c0000034
	DispatchQueryInformation result =  c0000034
Dokan Information: SendAndPullEventInformation() with NTSTATUS 0xc000000d, context 0x512ea780, and result object 0x000002D6531C8370 with size 48
###WriteFile file handle = 0x000002D6512EA780, eventID = 0163, event Info = 0x000002D65130C230
[Write] off=0 len=4194304
Dokan Information: SendAndPullEventInformation() with NTSTATUS 0x0, context 0x512ea780, and result object 0x000002D6531C8370 with size 48
###Cleanup file handle = 0x000002D6512EA780, eventID = 0163, event Info = 0x000002D65130C230
Dokan Information: SendAndPullEventInformation() with NTSTATUS 0x0, context 0x512ea780, and result object 0x000002D6531C8370 with size 48
###Close file handle = 0x000002D6512EA780, eventID = 0163, event Info = 0x000002D65130C230
###Create file handle = 0x000002D6512EAA80, eventID = 0164, event Info = 0x000002D6512EB010
[Close] \b15.bin
[ZwCreateFile] \
Dokan Information: DokanEndDispatchCreate() status = 0, file handle = 0x000002D6512EAA80, eventID = 0164, result = 0x1
Dokan Information: SendAndPullEventInformation() with NTSTATUS 0x0, context 0x512eaa80, and result object 0x000002D6531C8370 with size 48
###FindFiles file handle = 0x000002D6512EAA80, eventID = 0164, event Info = 0x000002D6512EB010
WriteDirectoryResults() New directory index is -1.
  STATUS_NO_SUCH_FILE
Dokan Information: SendAndPullEventInformation() with NTSTATUS 0xc000000f, context 0x512eaa80, and result object 0x000002D6531C8370 with size 48
###Cleanup file handle = 0x000002D6512EAA80, eventID = 0164, event Info = 0x000002D6512EB010
Dokan Information: SendAndPullEventInformation() with NTSTATUS 0x0, context 0x512eaa80, and result object 0x000002D6531C8370 with size 48
###Close file handle = 0x000002D6512EAA80, eventID = 0164, event Info = 0x000002D6512EB010
[Close] \
###Create file handle = 0x000002D6512EA780, eventID = 0165, event Info = 0x000002D65130C230
[ZwCreateFile] \b16.bin
Dokan Information: DokanEndDispatchCreate() status = 0, file handle = 0x000002D6512EA780, eventID = 0165, result = 0x2
Dokan Information: SendAndPullEventInformation() with NTSTATUS 0x0, context 0x512ea780, and result object 0x000002D6531C8370 with size 48
###GetFileInfo file handle = 0x000002D6512EA780, eventID = 0165, event Info = 0x000002D65130C230
	result =  c0000034
	DispatchQueryInformation result =  c0000034
Dokan Information: SendAndPullEventInformation() with NTSTATUS 0xc000000d, context 0x512ea780, and result object 0x000002D6531C8370 with size 48
###GetFileInfo file handle = 0x000002D6512EA780, eventID = 0165, event Info = 0x000002D65130C230
	result =  c0000034
	DispatchQueryInformation result =  c0000034
Dokan Information: SendAndPullEventInformation() with NTSTATUS 0xc000000d, context 0x512ea780, and result object 0x000002D6531C8370 with size 48
###GetFileInfo file handle = 0x000002D6512EA780, eventID = 0165, event Info = 0x000002D65130C230
	result =  c0000034
	DispatchQueryInformation result =  c0000034
Dokan Information: SendAndPullEventInformation() with NTSTATUS 0xc000000d, context 0x512ea780, and result object 0x000002D6531C8370 with size 48
###GetFileInfo file handle = 0x000002D6512EA780, eventID = 0165, event Info = 0x000002D65130C230
	result =  c0000034
	DispatchQueryInformation result =  c0000034
Dokan Information: SendAndPullEventInformation() with NTSTATUS 0xc000000d, context 0x512ea780, and result object 0x000002D6531C8370 with size 48
###GetFileInfo file handle = 0x000002D6512EA780, eventID = 0165, event Info = 0x000002D65130C230
	result =  c0000034
	DispatchQueryInformation result =  c0000034
Dokan Information: SendAndPullEventInformation() with NTSTATUS 0xc000000d, context 0x512ea780, and result object 0x000002D6531C8370 with size 48
###WriteFile file handle = 0x000002D6512EA780, eventID = 0165, event Info = 0x000002D65130C230
[Write] off=0 len=4194304
Dokan Information: SendAndPullEventInformation() with NTSTATUS 0x0, context 0x512ea780, and result object 0x000002D6531C8370 with size 48
###Cleanup file handle = 0x000002D6512EA780, eventID = 0165, event Info = 0x000002D65130C230
Dokan Information: SendAndPullEventInformation() with NTSTATUS 0x0, context 0x512ea780, and result object 0x000002D6531C8370 with size 48
###Close file handle = 0x000002D6512EA780, eventID = 0165, event Info = 0x000002D65130C230
[Close] \b16.bin
###Create file handle = 0x000002D6512EAA80, eventID = 0166, event Info = 0x000002D6512EB010
[ZwCreateFile] \
Dokan Information: DokanEndDispatchCreate() status = 0, file handle = 0x000002D6512EAA80, eventID = 0166, result = 0x1
Dokan Information: SendAndPullEventInformation() with NTSTATUS 0x0, context 0x512eaa80, and result object 0x000002D6531C8370 with size 48
###FindFiles file handle = 0x000002D6512EAA80, eventID = 0166, event Info = 0x000002D6512EB010
WriteDirectoryResults() New directory index is -1.
  STATUS_NO_SUCH_FILE
Dokan Information: SendAndPullEventInformation() with NTSTATUS 0xc000000f, context 0x512eaa80, and result object 0x000002D6531C8370 with size 48
###Cleanup file handle = 0x000002D6512EAA80, eventID = 0166, event Info = 0x000002D6512EB010
Dokan Information: SendAndPullEventInformation() with NTSTATUS 0x0, context 0x512eaa80, and result object 0x000002D6531C8370 with size 48
###Close file handle = 0x000002D6512EAA80, eventID = 0166, event Info = 0x000002D6512EB010
[Close] \
###Create file handle = 0x000002D6512EA780, eventID = 0167, event Info = 0x000002D65130C000
[ZwCreateFile] \b17.bin
Dokan Information: DokanEndDispatchCreate() status = 0, file handle = 0x000002D6512EA780, eventID = 0167, result = 0x2
Dokan Information: SendAndPullEventInformation() with NTSTATUS 0x0, context 0x512ea780, and result object 0x000002D6531C8370 with size 48
###GetFileInfo file handle = 0x000002D6512EA780, eventID = 0167, event Info = 0x000002D65130C000
	result =  c0000034
	DispatchQueryInformation result =  c0000034
Dokan Information: SendAndPullEventInformation() with NTSTATUS 0xc000000d, context 0x512ea780, and result object 0x000002D6531C8370 with size 48
###GetFileInfo file handle = 0x000002D6512EA780, eventID = 0167, event Info = 0x000002D65130C000
	result =  c0000034
	DispatchQueryInformation result =  c0000034
Dokan Information: SendAndPullEventInformation() with NTSTATUS 0xc000000d, context 0x512ea780, and result object 0x000002D6531C8370 with size 48
###GetFileInfo file handle = 0x000002D6512EA780, eventID = 0167, event Info = 0x000002D65130C000
	result =  c0000034
	DispatchQueryInformation result =  c0000034
Dokan Information: SendAndPullEventInformation() with NTSTATUS 0xc000000d, context 0x512ea780, and result object 0x000002D6531C8370 with size 48
###GetFileInfo file handle = 0x000002D6512EA780, eventID = 0167, event Info = 0x000002D65130C000
	result =  c0000034
	DispatchQueryInformation result =  c0000034
Dokan Information: SendAndPullEventInformation() with NTSTATUS 0xc000000d, context 0x512ea780, and result object 0x000002D6531C8370 with size 48
###GetFileInfo file handle = 0x000002D6512EA780, eventID = 0167, event Info = 0x000002D65130C000
	result =  c0000034
	DispatchQueryInformation result =  c0000034
Dokan Information: SendAndPullEventInformation() with NTSTATUS 0xc000000d, context 0x512ea780, and result object 0x000002D6531C8370 with size 48
###WriteFile file handle = 0x000002D6512EA780, eventID = 0167, event Info = 0x000002D65130C000
[Write] off=0 len=4194304
Dokan Information: SendAndPullEventInformation() with NTSTATUS 0x0, context 0x512ea780, and result object 0x000002D6531C8370 with size 48
###Cleanup file handle = 0x000002D6512EA780, eventID = 0167, event Info = 0x000002D65130C000
Dokan Information: SendAndPullEventInformation() with NTSTATUS 0x0, context 0x512ea780, and result object 0x000002D6531C8370 with size 48
###Close file handle = 0x000002D6512EA780, eventID = 0167, event Info = 0x000002D65130C000
[Close] \b17.bin
###Create file handle = 0x000002D6512EAA80, eventID = 0168, event Info = 0x000002D6512EB010
[ZwCreateFile] \
Dokan Information: DokanEndDispatchCreate() status = 0, file handle = 0x000002D6512EAA80, eventID = 0168, result = 0x1
Dokan Information: SendAndPullEventInformation() with NTSTATUS 0x0, context 0x512eaa80, and result object 0x000002D6531C8370 with size 48
###FindFiles file handle = 0x000002D6512EAA80, eventID = 0168, event Info = 0x000002D6512EB010
WriteDirectoryResults() New directory index is -1.
  STATUS_NO_SUCH_FILE
Dokan Information: SendAndPullEventInformation() with NTSTATUS 0xc000000f, context 0x512eaa80, and result object 0x000002D6531C8370 with size 48
###Cleanup file handle = 0x000002D6512EAA80, eventID = 0168, event Info = 0x000002D6512EB010
Dokan Information: SendAndPullEventInformation() with NTSTATUS 0x0, context 0x512eaa80, and result object 0x000002D6531C8370 with size 48
###Close file handle = 0x000002D6512EAA80, eventID = 0168, event Info = 0x000002D6512EB010
[Close] \
###Create file handle = 0x000002D6512EA780, eventID = 0169, event Info = 0x000002D65130C000
[ZwCreateFile] \b18.bin
Dokan Information: DokanEndDispatchCreate() status = 0, file handle = 0x000002D6512EA780, eventID = 0169, result = 0x2
Dokan Information: SendAndPullEventInformation() with NTSTATUS 0x0, context 0x512ea780, and result object 0x000002D6531C8370 with size 48
###GetFileInfo file handle = 0x000002D6512EA780, eventID = 0169, event Info = 0x000002D65130C000
	result =  c0000034
	DispatchQueryInformation result =  c0000034
Dokan Information: SendAndPullEventInformation() with NTSTATUS 0xc000000d, context 0x512ea780, and result object 0x000002D6531C8370 with size 48
###GetFileInfo file handle = 0x000002D6512EA780, eventID = 0169, event Info = 0x000002D65130C000
	result =  c0000034
	DispatchQueryInformation result =  c0000034
Dokan Information: SendAndPullEventInformation() with NTSTATUS 0xc000000d, context 0x512ea780, and result object 0x000002D6531C8370 with size 48
###GetFileInfo file handle = 0x000002D6512EA780, eventID = 0169, event Info = 0x000002D65130C000
	result =  c0000034
	DispatchQueryInformation result =  c0000034
Dokan Information: SendAndPullEventInformation() with NTSTATUS 0xc000000d, context 0x512ea780, and result object 0x000002D6531C8370 with size 48
###GetFileInfo file handle = 0x000002D6512EA780, eventID = 0169, event Info = 0x000002D65130C000
	result =  c0000034
	DispatchQueryInformation result =  c0000034
Dokan Information: SendAndPullEventInformation() with NTSTATUS 0xc000000d, context 0x512ea780, and result object 0x000002D6531C8370 with size 48
###GetFileInfo file handle = 0x000002D6512EA780, eventID = 0169, event Info = 0x000002D65130C000
	result =  c0000034
	DispatchQueryInformation result =  c0000034
Dokan Information: SendAndPullEventInformation() with NTSTATUS 0xc000000d, context 0x512ea780, and result object 0x000002D6531C8370 with size 48
###WriteFile file handle = 0x000002D6512EA780, eventID = 0169, event Info = 0x000002D65130C000
[Write] off=0 len=4194304
Dokan Information: SendAndPullEventInformation() with NTSTATUS 0x0, context 0x512ea780, and result object 0x000002D6531C8370 with size 48
###Cleanup file handle = 0x000002D6512EA780, eventID = 0169, event Info = 0x000002D65130C000
Dokan Information: SendAndPullEventInformation() with NTSTATUS 0x0, context 0x512ea780, and result object 0x000002D6531C8370 with size 48
###Close file handle = 0x000002D6512EA780, eventID = 0169, event Info = 0x000002D65130C000
[Close] \b18.bin
###Create file handle = 0x000002D6512EAA80, eventID = 0170, event Info = 0x000002D6512EB010
[ZwCreateFile] \
Dokan Information: DokanEndDispatchCreate() status = 0, file handle = 0x000002D6512EAA80, eventID = 0170, result = 0x1
Dokan Information: SendAndPullEventInformation() with NTSTATUS 0x0, context 0x512eaa80, and result object 0x000002D6531C8370 with size 48
###FindFiles file handle = 0x000002D6512EAA80, eventID = 0170, event Info = 0x000002D6512EB010
WriteDirectoryResults() New directory index is -1.
  STATUS_NO_SUCH_FILE
Dokan Information: SendAndPullEventInformation() with NTSTATUS 0xc000000f, context 0x512eaa80, and result object 0x000002D6531C8370 with size 48
###Cleanup file handle = 0x000002D6512EAA80, eventID = 0170, event Info = 0x000002D6512EB010
Dokan Information: SendAndPullEventInformation() with NTSTATUS 0x0, context 0x512eaa80, and result object 0x000002D6531C8370 with size 48
###Close file handle = 0x000002D6512EAA80, eventID = 0170, event Info = 0x000002D6512EB010
[Close] ###Create file handle = 0x000002D6512EA780, eventID = 0171, event Info = 0x000002D65130C000
\
[ZwCreateFile] \b19.bin
Dokan Information: DokanEndDispatchCreate() status = 0, file handle = 0x000002D6512EA780, eventID = 0171, result = 0x2
Dokan Information: SendAndPullEventInformation() with NTSTATUS 0x0, context 0x512ea780, and result object 0x000002D6531C8370 with size 48
###GetFileInfo file handle = 0x000002D6512EA780, eventID = 0171, event Info = 0x000002D65130C000
	result =  c0000034
	DispatchQueryInformation result =  c0000034
Dokan Information: SendAndPullEventInformation() with NTSTATUS 0xc000000d, context 0x512ea780, and result object 0x000002D6531C8370 with size 48
###GetFileInfo file handle = 0x000002D6512EA780, eventID = 0171, event Info = 0x000002D65130C000
	result =  c0000034
	DispatchQueryInformation result =  c0000034
Dokan Information: SendAndPullEventInformation() with NTSTATUS 0xc000000d, context 0x512ea780, and result object 0x000002D6531C8370 with size 48
###GetFileInfo file handle = 0x000002D6512EA780, eventID = 0171, event Info = 0x000002D65130C000
	result =  c0000034
	DispatchQueryInformation result =  c0000034
Dokan Information: SendAndPullEventInformation() with NTSTATUS 0xc000000d, context 0x512ea780, and result object 0x000002D6531C8370 with size 48
###GetFileInfo file handle = 0x000002D6512EA780, eventID = 0171, event Info = 0x000002D65130C000
	result =  c0000034
	DispatchQueryInformation result =  c0000034
Dokan Information: SendAndPullEventInformation() with NTSTATUS 0xc000000d, context 0x512ea780, and result object 0x000002D6531C8370 with size 48
###GetFileInfo file handle = 0x000002D6512EA780, eventID = 0171, event Info = 0x000002D65130C000
	result =  c0000034
	DispatchQueryInformation result =  c0000034
Dokan Information: SendAndPullEventInformation() with NTSTATUS 0xc000000d, context 0x512ea780, and result object 0x000002D6531C8370 with size 48
###WriteFile file handle = 0x000002D6512EA780, eventID = 0171, event Info = 0x000002D65130C000
[Write] off=0 len=4194304
Dokan Information: SendAndPullEventInformation() with NTSTATUS 0x0, context 0x512ea780, and result object 0x000002D6531C8370 with size 48
###Cleanup file handle = 0x000002D6512EA780, eventID = 0171, event Info = 0x000002D65130C000
Dokan Information: SendAndPullEventInformation() with NTSTATUS 0x0, context 0x512ea780, and result object 0x000002D6531C8370 with size 48
###Close file handle = 0x000002D6512EA780, eventID = 0171, event Info = 0x000002D65130C000
[Close] \b19.bin
###Create file handle = 0x000002D6512EAA80, eventID = 0172, event Info = 0x000002D6512EB010
[ZwCreateFile] \
Dokan Information: DokanEndDispatchCreate() status = 0, file handle = 0x000002D6512EAA80, eventID = 0172, result = 0x1
Dokan Information: SendAndPullEventInformation() with NTSTATUS 0x0, context 0x512eaa80, and result object 0x000002D6531C8370 with size 48
###FindFiles file handle = 0x000002D6512EAA80, eventID = 0172, event Info = 0x000002D6512EB010
WriteDirectoryResults() New directory index is -1.
  STATUS_NO_SUCH_FILE
Dokan Information: SendAndPullEventInformation() with NTSTATUS 0xc000000f, context 0x512eaa80, and result object 0x000002D6531C8370 with size 48
###Cleanup file handle = 0x000002D6512EAA80, eventID = 0172, event Info = 0x000002D6512EB010
Dokan Information: SendAndPullEventInformation() with NTSTATUS 0x0, context 0x512eaa80, and result object 0x000002D6531C8370 with size 48
###Close file handle = 0x000002D6512EAA80, eventID = 0172, event Info = 0x000002D6512EB010
[Close] \
###Create file handle = 0x000002D6512EA780, eventID = 0173, event Info = 0x000002D65130C000
[ZwCreateFile] \b20.bin
Dokan Information: DokanEndDispatchCreate() status = 0, file handle = 0x000002D6512EA780, eventID = 0173, result = 0x2
Dokan Information: SendAndPullEventInformation() with NTSTATUS 0x0, context 0x512ea780, and result object 0x000002D6531C8370 with size 48
###GetFileInfo file handle = 0x000002D6512EA780, eventID = 0173, event Info = 0x000002D65130C000
	result =  c0000034
	DispatchQueryInformation result =  c0000034
Dokan Information: SendAndPullEventInformation() with NTSTATUS 0xc000000d, context 0x512ea780, and result object 0x000002D6531C8370 with size 48
###GetFileInfo file handle = 0x000002D6512EA780, eventID = 0173, event Info = 0x000002D65130C000
	result =  c0000034
	DispatchQueryInformation result =  c0000034
Dokan Information: SendAndPullEventInformation() with NTSTATUS 0xc000000d, context 0x512ea780, and result object 0x000002D6531C8370 with size 48
###GetFileInfo file handle = 0x000002D6512EA780, eventID = 0173, event Info = 0x000002D65130C000
	result =  c0000034
	DispatchQueryInformation result =  c0000034
Dokan Information: SendAndPullEventInformation() with NTSTATUS 0xc000000d, context 0x512ea780, and result object 0x000002D6531C8370 with size 48
###GetFileInfo file handle = 0x000002D6512EA780, eventID = 0173, event Info = 0x000002D65130C000
	result =  c0000034
	DispatchQueryInformation result =  c0000034
Dokan Information: SendAndPullEventInformation() with NTSTATUS 0xc000000d, context 0x512ea780, and result object 0x000002D6531C8370 with size 48
###GetFileInfo file handle = 0x000002D6512EA780, eventID = 0173, event Info = 0x000002D65130C000
	result =  c0000034
	DispatchQueryInformation result =  c0000034
Dokan Information: SendAndPullEventInformation() with NTSTATUS 0xc000000d, context 0x512ea780, and result object 0x000002D6531C8370 with size 48
###WriteFile file handle = 0x000002D6512EA780, eventID = 0173, event Info = 0x000002D65130C000
[Write] off=0 len=4194304
Dokan Information: SendAndPullEventInformation() with NTSTATUS 0x0, context 0x512ea780, and result object 0x000002D6531C8370 with size 48
###Cleanup file handle = 0x000002D6512EA780, eventID = 0173, event Info = 0x000002D65130C000
Dokan Information: SendAndPullEventInformation() with NTSTATUS 0x0, context 0x512ea780, and result object 0x000002D6531C8370 with size 48
###Close file handle = 0x000002D6512EA780, eventID = 0173, event Info = 0x000002D65130C000
[Close] \b20.bin
###Create file handle = 0x000002D6512EAA80, eventID = 0174, event Info = 0x000002D6512EB010
[ZwCreateFile] \
Dokan Information: DokanEndDispatchCreate() status = 0, file handle = 0x000002D6512EAA80, eventID = 0174, result = 0x1
Dokan Information: SendAndPullEventInformation() with NTSTATUS 0x0, context 0x512eaa80, and result object 0x000002D6531C8370 with size 48
###FindFiles file handle = 0x000002D6512EAA80, eventID = 0174, event Info = 0x000002D6512EB010
WriteDirectoryResults() New directory index is -1.
  STATUS_NO_SUCH_FILE
Dokan Information: SendAndPullEventInformation() with NTSTATUS 0xc000000f, context 0x512eaa80, and result object 0x000002D6531C8370 with size 48
###Cleanup file handle = 0x000002D6512EAA80, eventID = 0174, event Info = 0x000002D6512EB010
Dokan Information: SendAndPullEventInformation() with NTSTATUS 0x0, context 0x512eaa80, and result object 0x000002D6531C8370 with size 48
###Close file handle = 0x000002D6512EAA80, eventID = 0174, event Info = 0x000002D6512EB010
[Close] \
###Create file handle = 0x000002D6512EA780, eventID = 0175, event Info = 0x000002D65130C230
[ZwCreateFile] \b21.bin
Dokan Information: DokanEndDispatchCreate() status = 0, file handle = 0x000002D6512EA780, eventID = 0175, result = 0x2
Dokan Information: SendAndPullEventInformation() with NTSTATUS 0x0, context 0x512ea780, and result object 0x000002D6531C8370 with size 48
###GetFileInfo file handle = 0x000002D6512EA780, eventID = 0175, event Info = 0x000002D65130C230
	result =  c0000034
	DispatchQueryInformation result =  c0000034
Dokan Information: SendAndPullEventInformation() with NTSTATUS 0xc000000d, context 0x512ea780, and result object 0x000002D6531C8370 with size 48
###GetFileInfo file handle = 0x000002D6512EA780, eventID = 0175, event Info = 0x000002D65130C230
	result =  c0000034
	DispatchQueryInformation result =  c0000034
Dokan Information: SendAndPullEventInformation() with NTSTATUS 0xc000000d, context 0x512ea780, and result object 0x000002D6531C8370 with size 48
###GetFileInfo file handle = 0x000002D6512EA780, eventID = 0175, event Info = 0x000002D65130C230
	result =  c0000034
	DispatchQueryInformation result =  c0000034
Dokan Information: SendAndPullEventInformation() with NTSTATUS 0xc000000d, context 0x512ea780, and result object 0x000002D6531C8370 with size 48
###GetFileInfo file handle = 0x000002D6512EA780, eventID = 0175, event Info = 0x000002D65130C230
	result =  c0000034
	DispatchQueryInformation result =  c0000034
Dokan Information: SendAndPullEventInformation() with NTSTATUS 0xc000000d, context 0x512ea780, and result object 0x000002D6531C8370 with size 48
###GetFileInfo file handle = 0x000002D6512EA780, eventID = 0175, event Info = 0x000002D65130C230
	result =  c0000034
	DispatchQueryInformation result =  c0000034
Dokan Information: SendAndPullEventInformation() with NTSTATUS 0xc000000d, context 0x512ea780, and result object 0x000002D6531C8370 with size 48
###WriteFile file handle = 0x000002D6512EA780, eventID = 0175, event Info = 0x000002D65130C230
[Write] off=0 len=4194304
Dokan Information: SendAndPullEventInformation() with NTSTATUS 0x0, context 0x512ea780, and result object 0x000002D6531C8370 with size 48
###Cleanup file handle = 0x000002D6512EA780, eventID = 0175, event Info = 0x000002D65130C230
Dokan Information: SendAndPullEventInformation() with NTSTATUS 0x0, context 0x512ea780, and result object 0x000002D6531C8370 with size 48
###Close file handle = 0x000002D6512EA780, eventID = 0175, event Info = 0x000002D65130C230
[Close] \b21.bin
###Create file handle = 0x000002D6512EAA80, eventID = 0176, event Info = 0x000002D6512EB010
[ZwCreateFile] \
Dokan Information: DokanEndDispatchCreate() status = 0, file handle = 0x000002D6512EAA80, eventID = 0176, result = 0x1
Dokan Information: SendAndPullEventInformation() with NTSTATUS 0x0, context 0x512eaa80, and result object 0x000002D6531C8370 with size 48
###FindFiles file handle = 0x000002D6512EAA80, eventID = 0176, event Info = 0x000002D6512EB010
WriteDirectoryResults() New directory index is -1.
  STATUS_NO_SUCH_FILE
Dokan Information: SendAndPullEventInformation() with NTSTATUS 0xc000000f, context 0x512eaa80, and result object 0x000002D6531C8370 with size 48
###Cleanup file handle = 0x000002D6512EAA80, eventID = 0176, event Info = 0x000002D6512EB010
Dokan Information: SendAndPullEventInformation() with NTSTATUS 0x0, context 0x512eaa80, and result object 0x000002D6531C8370 with size 48
###Close file handle = 0x000002D6512EAA80, eventID = 0176, event Info = 0x000002D6512EB010
[Close] \
###Create file handle = 0x000002D6512EA780, eventID = 0177, event Info = 0x000002D65130C000
[ZwCreateFile] \b22.bin
Dokan Information: DokanEndDispatchCreate() status = 0, file handle = 0x000002D6512EA780, eventID = 0177, result = 0x2
Dokan Information: SendAndPullEventInformation() with NTSTATUS 0x0, context 0x512ea780, and result object 0x000002D6531C8370 with size 48
###GetFileInfo file handle = 0x000002D6512EA780, eventID = 0177, event Info = 0x000002D65130C000
	result =  c0000034
	DispatchQueryInformation result =  c0000034
Dokan Information: SendAndPullEventInformation() with NTSTATUS 0xc000000d, context 0x512ea780, and result object 0x000002D6531C8370 with size 48
###GetFileInfo file handle = 0x000002D6512EA780, eventID = 0177, event Info = 0x000002D65130C000
	result =  c0000034
	DispatchQueryInformation result =  c0000034
Dokan Information: SendAndPullEventInformation() with NTSTATUS 0xc000000d, context 0x512ea780, and result object 0x000002D6531C8370 with size 48
###GetFileInfo file handle = 0x000002D6512EA780, eventID = 0177, event Info = 0x000002D65130C000
	result =  c0000034
	DispatchQueryInformation result =  c0000034
Dokan Information: SendAndPullEventInformation() with NTSTATUS 0xc000000d, context 0x512ea780, and result object 0x000002D6531C8370 with size 48
###GetFileInfo file handle = 0x000002D6512EA780, eventID = 0177, event Info = 0x000002D65130C000
	result =  c0000034
	DispatchQueryInformation result =  c0000034
Dokan Information: SendAndPullEventInformation() with NTSTATUS 0xc000000d, context 0x512ea780, and result object 0x000002D6531C8370 with size 48
###GetFileInfo file handle = 0x000002D6512EA780, eventID = 0177, event Info = 0x000002D65130C000
	result =  c0000034
	DispatchQueryInformation result =  c0000034
Dokan Information: SendAndPullEventInformation() with NTSTATUS 0xc000000d, context 0x512ea780, and result object 0x000002D6531C8370 with size 48
###WriteFile file handle = 0x000002D6512EA780, eventID = 0177, event Info = 0x000002D65130C000
[Write] off=0 len=4194304
Dokan Information: SendAndPullEventInformation() with NTSTATUS 0x0, context 0x512ea780, and result object 0x000002D6531C8370 with size 48
###Cleanup file handle = 0x000002D6512EA780, eventID = 0177, event Info = 0x000002D65130C000
Dokan Information: SendAndPullEventInformation() with NTSTATUS 0x0, context 0x512ea780, and result object 0x000002D6531C8370 with size 48
###Close file handle = 0x000002D6512EA780, eventID = 0177, event Info = 0x000002D65130C000
[Close] \b22.bin
###Create file handle = 0x000002D6512EAA80, eventID = 0178, event Info = 0x000002D6512EB010
[ZwCreateFile] \
Dokan Information: DokanEndDispatchCreate() status = 0, file handle = 0x000002D6512EAA80, eventID = 0178, result = 0x1
Dokan Information: SendAndPullEventInformation() with NTSTATUS 0x0, context 0x512eaa80, and result object 0x000002D6531C8370 with size 48
###FindFiles file handle = 0x000002D6512EAA80, eventID = 0178, event Info = 0x000002D6512EB010
WriteDirectoryResults() New directory index is -1.
  STATUS_NO_SUCH_FILE
Dokan Information: SendAndPullEventInformation() with NTSTATUS 0xc000000f, context 0x512eaa80, and result object 0x000002D6531C8370 with size 48
###Cleanup file handle = 0x000002D6512EAA80, eventID = 0178, event Info = 0x000002D6512EB010
Dokan Information: SendAndPullEventInformation() with NTSTATUS 0x0, context 0x512eaa80, and result object 0x000002D6531C8370 with size 48
###Close file handle = 0x000002D6512EAA80, eventID = 0178, event Info = 0x000002D6512EB010
[Close] \
###Create file handle = 0x000002D6512EA780, eventID = 0179, event Info = 0x000002D65130C000
[ZwCreateFile] \b23.bin
Dokan Information: DokanEndDispatchCreate() status = 0, file handle = 0x000002D6512EA780, eventID = 0179, result = 0x2
Dokan Information: SendAndPullEventInformation() with NTSTATUS 0x0, context 0x512ea780, and result object 0x000002D6531C8370 with size 48
###GetFileInfo file handle = 0x000002D6512EA780, eventID = 0179, event Info = 0x000002D65130C000
	result =  c0000034
	DispatchQueryInformation result =  c0000034
Dokan Information: SendAndPullEventInformation() with NTSTATUS 0xc000000d, context 0x512ea780, and result object 0x000002D6531C8370 with size 48
###GetFileInfo file handle = 0x000002D6512EA780, eventID = 0179, event Info = 0x000002D65130C000
	result =  c0000034
	DispatchQueryInformation result =  c0000034
Dokan Information: SendAndPullEventInformation() with NTSTATUS 0xc000000d, context 0x512ea780, and result object 0x000002D6531C8370 with size 48
###GetFileInfo file handle = 0x000002D6512EA780, eventID = 0179, event Info = 0x000002D65130C000
	result =  c0000034
	DispatchQueryInformation result =  c0000034
Dokan Information: SendAndPullEventInformation() with NTSTATUS 0xc000000d, context 0x512ea780, and result object 0x000002D6531C8370 with size 48
###GetFileInfo file handle = 0x000002D6512EA780, eventID = 0179, event Info = 0x000002D65130C000
	result =  c0000034
	DispatchQueryInformation result =  c0000034
Dokan Information: SendAndPullEventInformation() with NTSTATUS 0xc000000d, context 0x512ea780, and result object 0x000002D6531C8370 with size 48
###GetFileInfo file handle = 0x000002D6512EA780, eventID = 0179, event Info = 0x000002D65130C000
	result =  c0000034
	DispatchQueryInformation result =  c0000034
Dokan Information: SendAndPullEventInformation() with NTSTATUS 0xc000000d, context 0x512ea780, and result object 0x000002D6531C8370 with size 48
###WriteFile file handle = 0x000002D6512EA780, eventID = 0179, event Info = 0x000002D65130C000
[Write] off=0 len=4194304
Dokan Information: SendAndPullEventInformation() with NTSTATUS 0x0, context 0x512ea780, and result object 0x000002D6531C8370 with size 48
###Cleanup file handle = 0x000002D6512EA780, eventID = 0179, event Info = 0x000002D65130C000
Dokan Information: SendAndPullEventInformation() with NTSTATUS 0x0, context 0x512ea780, and result object 0x000002D6531C8370 with size 48
###Close file handle = 0x000002D6512EA780, eventID = 0179, event Info = 0x000002D65130C000
[Close] \b23.bin
###Create file handle = 0x000002D6512EAA80, eventID = 0180, event Info = 0x000002D6512EB010
[ZwCreateFile] \
Dokan Information: DokanEndDispatchCreate() status = 0, file handle = 0x000002D6512EAA80, eventID = 0180, result = 0x1
Dokan Information: SendAndPullEventInformation() with NTSTATUS 0x0, context 0x512eaa80, and result object 0x000002D6531C8370 with size 48
###FindFiles file handle = 0x000002D6512EAA80, eventID = 0180, event Info = 0x000002D6512EB010
WriteDirectoryResults() New directory index is -1.
  STATUS_NO_SUCH_FILE
Dokan Information: SendAndPullEventInformation() with NTSTATUS 0xc000000f, context 0x512eaa80, and result object 0x000002D6531C8370 with size 48
###Cleanup file handle = 0x000002D6512EAA80, eventID = 0180, event Info = 0x000002D6512EB010
Dokan Information: SendAndPullEventInformation() with NTSTATUS 0x0, context 0x512eaa80, and result object 0x000002D6531C8370 with size 48
###Close file handle = 0x000002D6512EAA80, eventID = 0180, event Info = 0x000002D6512EB010
[Close] \
###Create file handle = 0x000002D6512EA780, eventID = 0181, event Info = 0x000002D65130C230
[ZwCreateFile] \b24.bin
Dokan Information: DokanEndDispatchCreate() status = 0, file handle = 0x000002D6512EA780, eventID = 0181, result = 0x2
Dokan Information: SendAndPullEventInformation() with NTSTATUS 0x0, context 0x512ea780, and result object 0x000002D6531C8370 with size 48
###GetFileInfo file handle = 0x000002D6512EA780, eventID = 0181, event Info = 0x000002D65130C230
	result =  c0000034
	DispatchQueryInformation result =  c0000034
Dokan Information: SendAndPullEventInformation() with NTSTATUS 0xc000000d, context 0x512ea780, and result object 0x000002D6531C8370 with size 48
###GetFileInfo file handle = 0x000002D6512EA780, eventID = 0181, event Info = 0x000002D65130C230
	result =  c0000034
	DispatchQueryInformation result =  c0000034
Dokan Information: SendAndPullEventInformation() with NTSTATUS 0xc000000d, context 0x512ea780, and result object 0x000002D6531C8370 with size 48
###GetFileInfo file handle = 0x000002D6512EA780, eventID = 0181, event Info = 0x000002D65130C230
	result =  c0000034
	DispatchQueryInformation result =  c0000034
Dokan Information: SendAndPullEventInformation() with NTSTATUS 0xc000000d, context 0x512ea780, and result object 0x000002D6531C8370 with size 48
###GetFileInfo file handle = 0x000002D6512EA780, eventID = 0181, event Info = 0x000002D65130C230
	result =  c0000034
	DispatchQueryInformation result =  c0000034
Dokan Information: SendAndPullEventInformation() with NTSTATUS 0xc000000d, context 0x512ea780, and result object 0x000002D6531C8370 with size 48
###GetFileInfo file handle = 0x000002D6512EA780, eventID = 0181, event Info = 0x000002D65130C230
	result =  c0000034
	DispatchQueryInformation result =  c0000034
Dokan Information: SendAndPullEventInformation() with NTSTATUS 0xc000000d, context 0x512ea780, and result object 0x000002D6531C8370 with size 48
###WriteFile file handle = 0x000002D6512EA780, eventID = 0181, event Info = 0x000002D65130C230
[Write] off=0 len=4194304
Dokan Information: SendAndPullEventInformation() with NTSTATUS 0x0, context 0x512ea780, and result object 0x000002D6531C8370 with size 48
###Cleanup file handle = 0x000002D6512EA780, eventID = 0181, event Info = 0x000002D65130C230
Dokan Information: SendAndPullEventInformation() with NTSTATUS 0x0, context 0x512ea780, and result object 0x000002D6531C8370 with size 48
###Close file handle = 0x000002D6512EA780, eventID = 0181, event Info = 0x000002D65130C230
[Close] \b24.bin
###Create file handle = 0x000002D6512EAA80, eventID = 0182, event Info = 0x000002D6512EB010
[ZwCreateFile] \
Dokan Information: DokanEndDispatchCreate() status = 0, file handle = 0x000002D6512EAA80, eventID = 0182, result = 0x1
Dokan Information: SendAndPullEventInformation() with NTSTATUS 0x0, context 0x512eaa80, and result object 0x000002D6531C8370 with size 48
###FindFiles file handle = 0x000002D6512EAA80, eventID = 0182, event Info = 0x000002D6512EB010
WriteDirectoryResults() New directory index is -1.
  STATUS_NO_SUCH_FILE
Dokan Information: SendAndPullEventInformation() with NTSTATUS 0xc000000f, context 0x512eaa80, and result object 0x000002D6531C8370 with size 48
###Cleanup file handle = 0x000002D6512EAA80, eventID = 0182, event Info = 0x000002D6512EB010
Dokan Information: SendAndPullEventInformation() with NTSTATUS 0x0, context 0x512eaa80, and result object 0x000002D6531C8370 with size 48
###Close file handle = 0x000002D6512EAA80, eventID = 0182, event Info = 0x000002D6512EB010
[Close] \
###Create file handle = 0x000002D6512EA780, eventID = 0183, event Info = 0x000002D65130C000
[ZwCreateFile] \b25.bin
Dokan Information: DokanEndDispatchCreate() status = 0, file handle = 0x000002D6512EA780, eventID = 0183, result = 0x2
Dokan Information: SendAndPullEventInformation() with NTSTATUS 0x0, context 0x512ea780, and result object 0x000002D6531C8370 with size 48
###GetFileInfo file handle = 0x000002D6512EA780, eventID = 0183, event Info = 0x000002D65130C000
	result =  c0000034
	DispatchQueryInformation result =  c0000034
Dokan Information: SendAndPullEventInformation() with NTSTATUS 0xc000000d, context 0x512ea780, and result object 0x000002D6531C8370 with size 48
###GetFileInfo file handle = 0x000002D6512EA780, eventID = 0183, event Info = 0x000002D65130C000
	result =  c0000034
	DispatchQueryInformation result =  c0000034
Dokan Information: SendAndPullEventInformation() with NTSTATUS 0xc000000d, context 0x512ea780, and result object 0x000002D6531C8370 with size 48
###GetFileInfo file handle = 0x000002D6512EA780, eventID = 0183, event Info = 0x000002D65130C000
	result =  c0000034
	DispatchQueryInformation result =  c0000034
Dokan Information: SendAndPullEventInformation() with NTSTATUS 0xc000000d, context 0x512ea780, and result object 0x000002D6531C8370 with size 48
###GetFileInfo file handle = 0x000002D6512EA780, eventID = 0183, event Info = 0x000002D65130C000
	result =  c0000034
	DispatchQueryInformation result =  c0000034
Dokan Information: SendAndPullEventInformation() with NTSTATUS 0xc000000d, context 0x512ea780, and result object 0x000002D6531C8370 with size 48
###GetFileInfo file handle = 0x000002D6512EA780, eventID = 0183, event Info = 0x000002D65130C000
	result =  c0000034
	DispatchQueryInformation result =  c0000034
Dokan Information: SendAndPullEventInformation() with NTSTATUS 0xc000000d, context 0x512ea780, and result object 0x000002D6531C8370 with size 48
###WriteFile file handle = 0x000002D6512EA780, eventID = 0183, event Info = 0x000002D65130C000
[Write] off=0 len=4194304
Dokan Information: SendAndPullEventInformation() with NTSTATUS 0x0, context 0x512ea780, and result object 0x000002D6531C8370 with size 48
###Cleanup file handle = 0x000002D6512EA780, eventID = 0183, event Info = 0x000002D65130C000
Dokan Information: SendAndPullEventInformation() with NTSTATUS 0x0, context 0x512ea780, and result object 0x000002D6531C8370 with size 48
###Close file handle = 0x000002D6512EA780, eventID = 0183, event Info = 0x000002D65130C000
[###Create file handle = 0x000002D6512EAA80, eventID = 0184, event Info = 0x000002D6512EB010
Close] \b25.bin
[ZwCreateFile] \
Dokan Information: DokanEndDispatchCreate() status = 0, file handle = 0x000002D6512EAA80, eventID = 0184, result = 0x1
Dokan Information: SendAndPullEventInformation() with NTSTATUS 0x0, context 0x512eaa80, and result object 0x000002D6531C8370 with size 48
###FindFiles file handle = 0x000002D6512EAA80, eventID = 0184, event Info = 0x000002D6512EB010
WriteDirectoryResults() New directory index is -1.
  STATUS_NO_SUCH_FILE
Dokan Information: SendAndPullEventInformation() with NTSTATUS 0xc000000f, context 0x512eaa80, and result object 0x000002D6531C8370 with size 48
###Cleanup file handle = 0x000002D6512EAA80, eventID = 0184, event Info = 0x000002D6512EB010
Dokan Information: SendAndPullEventInformation() with NTSTATUS 0x0, context 0x512eaa80, and result object 0x000002D6531C8370 with size 48
###Close file handle = 0x000002D6512EAA80, eventID = 0184, event Info = 0x000002D6512EB010
[Close] \
###Create file handle = 0x000002D6512EA780, eventID = 0185, event Info = 0x000002D65130C230
[ZwCreateFile] \b26.bin
Dokan Information: DokanEndDispatchCreate() status = 0, file handle = 0x000002D6512EA780, eventID = 0185, result = 0x2
Dokan Information: SendAndPullEventInformation() with NTSTATUS 0x0, context 0x512ea780, and result object 0x000002D6531C8370 with size 48
###GetFileInfo file handle = 0x000002D6512EA780, eventID = 0185, event Info = 0x000002D65130C230
	result =  c0000034
	DispatchQueryInformation result =  c0000034
Dokan Information: SendAndPullEventInformation() with NTSTATUS 0xc000000d, context 0x512ea780, and result object 0x000002D6531C8370 with size 48
###GetFileInfo file handle = 0x000002D6512EA780, eventID = 0185, event Info = 0x000002D65130C230
	result =  c0000034
	DispatchQueryInformation result =  c0000034
Dokan Information: SendAndPullEventInformation() with NTSTATUS 0xc000000d, context 0x512ea780, and result object 0x000002D6531C8370 with size 48
###GetFileInfo file handle = 0x000002D6512EA780, eventID = 0185, event Info = 0x000002D65130C230
	result =  c0000034
	DispatchQueryInformation result =  c0000034
Dokan Information: SendAndPullEventInformation() with NTSTATUS 0xc000000d, context 0x512ea780, and result object 0x000002D6531C8370 with size 48
###GetFileInfo file handle = 0x000002D6512EA780, eventID = 0185, event Info = 0x000002D65130C230
	result =  c0000034
	DispatchQueryInformation result =  c0000034
Dokan Information: SendAndPullEventInformation() with NTSTATUS 0xc000000d, context 0x512ea780, and result object 0x000002D6531C8370 with size 48
###GetFileInfo file handle = 0x000002D6512EA780, eventID = 0185, event Info = 0x000002D65130C230
	result =  c0000034
	DispatchQueryInformation result =  c0000034
Dokan Information: SendAndPullEventInformation() with NTSTATUS 0xc000000d, context 0x512ea780, and result object 0x000002D6531C8370 with size 48
###WriteFile file handle = 0x000002D6512EA780, eventID = 0185, event Info = 0x000002D65130C230
[Write] off=0 len=4194304
Dokan Information: SendAndPullEventInformation() with NTSTATUS 0x0, context 0x512ea780, and result object 0x000002D6531C8370 with size 48
###Cleanup file handle = 0x000002D6512EA780, eventID = 0185, event Info = 0x000002D65130C230
Dokan Information: SendAndPullEventInformation() with NTSTATUS 0x0, context 0x512ea780, and result object 0x000002D6531C8370 with size 48
###Close file handle = 0x000002D6512EA780, eventID = 0185, event Info = 0x000002D65130C230
[Close] \b26.bin
###Create file handle = 0x000002D6512EAA80, eventID = 0186, event Info = 0x000002D6512EB010
[ZwCreateFile] \
Dokan Information: DokanEndDispatchCreate() status = 0, file handle = 0x000002D6512EAA80, eventID = 0186, result = 0x1
Dokan Information: SendAndPullEventInformation() with NTSTATUS 0x0, context 0x512eaa80, and result object 0x000002D6531C8370 with size 48
###FindFiles file handle = 0x000002D6512EAA80, eventID = 0186, event Info = 0x000002D6512EB010
WriteDirectoryResults() New directory index is -1.
  STATUS_NO_SUCH_FILE
Dokan Information: SendAndPullEventInformation() with NTSTATUS 0xc000000f, context 0x512eaa80, and result object 0x000002D6531C8370 with size 48
###Cleanup file handle = 0x000002D6512EAA80, eventID = 0186, event Info = 0x000002D6512EB010
Dokan Information: SendAndPullEventInformation() with NTSTATUS 0x0, context 0x512eaa80, and result object 0x000002D6531C8370 with size 48
###Close file handle = 0x000002D6512EAA80, eventID = 0186, event Info = 0x000002D6512EB010
[Close] \
###Create file handle = 0x000002D6512EA780, eventID = 0187, event Info = 0x000002D65130C230
[ZwCreateFile] \b27.bin
Dokan Information: DokanEndDispatchCreate() status = 0, file handle = 0x000002D6512EA780, eventID = 0187, result = 0x2
Dokan Information: SendAndPullEventInformation() with NTSTATUS 0x0, context 0x512ea780, and result object 0x000002D6531C8370 with size 48
###GetFileInfo file handle = 0x000002D6512EA780, eventID = 0187, event Info = 0x000002D65130C230
	result =  c0000034
	DispatchQueryInformation result =  c0000034
Dokan Information: SendAndPullEventInformation() with NTSTATUS 0xc000000d, context 0x512ea780, and result object 0x000002D6531C8370 with size 48
###GetFileInfo file handle = 0x000002D6512EA780, eventID = 0187, event Info = 0x000002D65130C230
	result =  c0000034
	DispatchQueryInformation result =  c0000034
Dokan Information: SendAndPullEventInformation() with NTSTATUS 0xc000000d, context 0x512ea780, and result object 0x000002D6531C8370 with size 48
###GetFileInfo file handle = 0x000002D6512EA780, eventID = 0187, event Info = 0x000002D65130C230
	result =  c0000034
	DispatchQueryInformation result =  c0000034
Dokan Information: SendAndPullEventInformation() with NTSTATUS 0xc000000d, context 0x512ea780, and result object 0x000002D6531C8370 with size 48
###GetFileInfo file handle = 0x000002D6512EA780, eventID = 0187, event Info = 0x000002D65130C230
	result =  c0000034
	DispatchQueryInformation result =  c0000034
Dokan Information: SendAndPullEventInformation() with NTSTATUS 0xc000000d, context 0x512ea780, and result object 0x000002D6531C8370 with size 48
###GetFileInfo file handle = 0x000002D6512EA780, eventID = 0187, event Info = 0x000002D65130C230
	result =  c0000034
	DispatchQueryInformation result =  c0000034
Dokan Information: SendAndPullEventInformation() with NTSTATUS 0xc000000d, context 0x512ea780, and result object 0x000002D6531C8370 with size 48
###WriteFile file handle = 0x000002D6512EA780, eventID = 0187, event Info = 0x000002D65130C230
Dokan Information: SendAndPullEventInformation() with NTSTATUS 0xc000007f, context 0x512ea780, and result object 0x000002D6531C8370 with size 48
###Cleanup file handle = 0x000002D6512EA780, eventID = 0187, event Info = 0x000002D65130C230
Dokan Information: SendAndPullEventInformation() with NTSTATUS 0x0, context 0x512ea780, and result object 0x000002D6531C8370 with size 48
###Close file handle = 0x000002D6512EA780, eventID = 0187, event Info = 0x000002D65130C230
[Close] \b27.bin
###Create file handle = 0x000002D6512EA780, eventID = 0188, event Info = 0x000002D65130C230
[ZwCreateFile] \b0.bin
Dokan Information: DokanEndDispatchCreate() status = 0, file handle = 0x000002D6512EA780, eventID = 0188, result = 0x1
Dokan Information: SendAndPullEventInformation() with NTSTATUS 0x0, context 0x512ea780, and result object 0x000002D6531C8370 with size 48
###GetFileInfo file handle = 0x000002D6512EA780, eventID = 0188, event Info = 0x000002D65130C230
	result =  0
	FileStandardInformation
	DispatchQueryInformation result =  0
Dokan Information: SendAndPullEventInformation() with NTSTATUS 0x0, context 0x512ea780, and result object 0x000002D6531C8370 with size 64
###GetFileInfo file handle = 0x000002D6512EA780, eventID = 0188, event Info = 0x000002D65130C230
	result =  0
	FileBasicInformation
	DispatchQueryInformation result =  0
Dokan Information: SendAndPullEventInformation() with NTSTATUS 0x0, context 0x512ea780, and result object 0x000002D6531C8370 with size 80
###GetFileInfo file handle = 0x000002D6512EA780, eventID = 0188, event Info = 0x000002D65130C230
	result =  0
	FileStandardInformation
	DispatchQueryInformation result =  0
Dokan Information: SendAndPullEventInformation() with NTSTATUS 0x0, context 0x512ea780, and result object 0x000002D6531C8370 with size 64
###GetFileInfo file handle = 0x000002D6512EA780, eventID = 0188, event Info = 0x000002D65130C230
	result =  0
	FileInternalInformation
	DispatchQueryInformation result =  0
Dokan Information: SendAndPullEventInformation() with NTSTATUS 0x0, context 0x512ea780, and result object 0x000002D6531C8370 with size 48
###GetFileInfo file handle = 0x000002D6512EA780, eventID = 0188, event Info = 0x000002D65130C230
	result =  0
	FileBasicInformation
	DispatchQueryInformation result =  0
Dokan Information: SendAndPullEventInformation() with NTSTATUS 0x0, context 0x512ea780, and result object 0x000002D6531C8370 with size 80
###QueryVolumeInfo file handle = 0x000002D6512EA780, eventID = 0188, event Info = 0x000002D65130C230
[GetVolumeInformation]
Dokan Information: SendAndPullEventInformation() with NTSTATUS 0x0, context 0x512ea780, and result object 0x000002D6531C8370 with size 68
###GetFileInfo file handle = 0x000002D6512EA780, eventID = 0188, event Info = 0x000002D65130C230
	result =  0
	FileStandardInformation
	DispatchQueryInformation result =  0
Dokan Information: SendAndPullEventInformation() with NTSTATUS 0x0, context 0x512ea780, and result object 0x000002D6531C8370 with size 64
###Read file handle = 0x000002D6512EA780, eventID = 0188, event Info = 0x000002D65130C230
Dokan Information: SendAndPullEventInformation() with NTSTATUS 0x0, context 0x512ea780, and result object 0x000002D6533F48A0 with size 65576
###Read file handle = 0x000002D6512EA780, eventID = 0188, event Info = 0x000002D65130C230
Dokan Information: SendAndPullEventInformation() with NTSTATUS 0x0, context 0x512ea780, and result object 0x000002D6533F48A0 with size 65576
###GetFileInfo file handle = 0x000002D6512EA780, eventID = 0188, event Info = 0x000002D65130C230
	result =  0
	FileStandardInformation
	DispatchQueryInformation result =  0
Dokan Information: SendAndPullEventInformation() with NTSTATUS 0x0, context 0x512ea780, and result object 0x000002D6531C8370 with size 64
###GetFileInfo file handle = 0x000002D6512EA780, eventID = 0188, event Info = 0x000002D65130C230
	result =  0
	FileBasicInformation
	DispatchQueryInformation result =  0
Dokan Information: SendAndPullEventInformation() with NTSTATUS 0x0, context 0x512ea780, and result object 0x000002D6531C8370 with size 80
###GetFileInfo file handle = 0x000002D6512EA780, eventID = 0188, event Info = 0x000002D65130C230
	result =  0
	FileStandardInformation
	DispatchQueryInformation result =  0
Dokan Information: SendAndPullEventInformation() with NTSTATUS 0x0, context 0x512ea780, and result object 0x000002D6531C8370 with size 64
###Read file handle = 0x000002D6512EA780, eventID = 0188, event Info = 0x000002D65130C230
Dokan Information: SendAndPullEventInformation() with NTSTATUS 0x0, context 0x512ea780, and result object 0x000002D6539E8040 with size 4194344
###Cleanup file handle = 0x000002D6512EA780, eventID = 0188, event Info = 0x000002D65130C230
Dokan Information: SendAndPullEventInformation() with NTSTATUS 0x0, context 0x512ea780, and result object 0x000002D6531C8370 with size 48
###Close file handle = 0x000002D6512EA780, eventID = 0188, event Info = 0x000002D65130C230
[Close] \b0.bin
