Dokan: debug mode on
Dokan: use stderr
AllocationUnitSize: 512 SectorSize: 512
Global device opened
Dokan: Using 12 main pull threads with ipc batching: 0
###Create file handle = 0x000001FD84549D80, eventID = 0001, event Info = 0x000001FD8454B1D0
[ZwCreateDokan Information: mounted: Y: -> \Volume{d6cc17c5-170c-4085-bce7-964f1e9f5de9}
F###QueryVolumeInfo file handle = 0x0000000000000000, eventID = -001, event Info = 0x000001FD8454AFA0
ile] ###QueryVolumeInfo file handle = 0x0000000000000000, eventID = -001, event Info = 0x000001FD8454B390
\System Volume Information\MountPointManagerRemoteDatabase
[Mounted]
Dokan Information: DokanEndDispatchCreate() status = c0000034, file handle = 0x0000000000000000, eventID = -001, result = 0x5
[GetVolumeInformation]
Dokan Information: SendAndPullEventInformation() with NTSTATUS 0xc0000034, context 0x0, and result object 0x000001FD845BBF80 with size 48
[GetVolumeInformation]
Dokan Information: SendAndPullEventInformation() with NTSTATUS 0x0, context 0x0, and result object 0x000001FD86375010 with size 64
###Create file handle = 0x000001FD84549D80, eventID = 0002, event Info = 0x000001FD8454B1D0
[ZwCreateFile] \$Extend\$Reparse:$R:$INDEX_ALLOCATION
Dokan Information: SendAndPullEventInformation() with NTSTATUS 0x80000005, context 0x0, and result object 0x000001FD86371CE0 with size 56
Dokan Information: DokanEndDispatchCreate() status = c0000034, file handle = 0x0000000000000000, eventID = -001, result = 0x5
Dokan Information: SendAndPullEventInformation() with NTSTATUS 0xc0000034, context 0x0, and result object 0x000001FD845BBF80 with size 48
###Create file handle = 0x000001FD84549D80, eventID = 0003, event Info = 0x000001FD8454B390
[ZwCreateFile] \
Dokan Information: DokanEndDispatchCreate() status = 0, file handle = 0x000001FD84549D80, eventID = 0003, result = 0x1
Dokan Information: SendAndPullEventInformation() with NTSTATUS 0x0, context 0x84549d80, and result object 0x000001FD86371CE0 with size 48
###GetFileInfo file handle = 0x000001FD84549D80, eventID = 0003, event Info = 0x000001FD8454B390
	result =  0
  unknown type:54
	DispatchQueryInformation result =  c000000d
Dokan Information: SendAndPullEventInformation() with NTSTATUS 0xc000000d, context 0x84549d80, and result object 0x000001FD86371CE0 with size 48
###GetFileInfo file handle = 0x000001FD84549D80, eventID = 0003, event Info = 0x000001FD8454B390
	result =  0
	FileStandardInformation
	DispatchQueryInformation result =  0
Dokan Information: SendAndPullEventInformation() with NTSTATUS 0x0, context 0x84549d80, and result object 0x000001FD86371CE0 with size 64
###QueryVolumeInfo file handle = 0x000001FD84549D80, eventID = 0003, event Info = 0x000001FD8454B390
[GetVolumeInformation]
Dokan Information: SendAndPullEventInformation() with NTSTATUS 0x0, context 0x84549d80, and result object 0x000001FD86371CE0 with size 74
###Cleanup file handle = 0x000001FD84549D80, eventID = 0003, event Info = 0x000001FD8454B390
Dokan Information: SendAndPullEventInformation() with NTSTATUS 0x0, context 0x84549d80, and result object 0x000001FD86371CE0 with size 48
###Close file handle = 0x000001FD84549D80, eventID = 0003, event Info = 0x000001FD8454B390
[Close] \
###Create file handle = 0x000001FD84549D80, eventID = 0004, event Info = 0x000001FD8454B390
[ZwCreateFile] \
Dokan Information: DokanEndDispatchCreate() status = 0, file handle = 0x000001FD84549D80, eventID = 0004, result = 0x1
Dokan Information: SendAndPullEventInformation() with NTSTATUS 0x0, context 0x84549d80, and result object 0x000001FD86371CE0 with size 48
###QueryVolumeInfo file handle = 0x000001FD84549D80, eventID = 0004, event Info = 0x000001FD8454B390
[GetVolumeInformation]
Dokan Information: SendAndPullEventInformation() with NTSTATUS 0x0, context 0x84549d80, and result object 0x000001FD86371CE0 with size 74
###Cleanup file handle = 0x000001FD84549D80, eventID = 0004, event Info = 0x000001FD8454B390
Dokan Information: SendAndPullEventInformation() with NTSTATUS 0x0, context 0x84549d80, and result object 0x000001FD86371CE0 with size 48
###Close file handle = 0x000001FD84549D80, eventID = 0004, event Info = 0x000001FD8454B390
[Close] \
###Create file handle = 0x000001FD84549D80, eventID = 0005, event Info = 0x000001FD84572B80
[ZwCreateFile] \
Dokan Information: DokanEndDispatchCreate() status = 0, file handle = 0x000001FD84549D80, eventID = 0005, result = 0x1
Dokan Information: SendAndPullEventInformation() with NTSTATUS 0x0, context 0x84549d80, and result object 0x000001FD86371CE0 with size 48
###QueryVolumeInfo file handle = 0x000001FD84549D80, eventID = 0005, event Info = 0x000001FD84572B80
[GetVolumeInformation]
Dokan Information: SendAndPullEventInformation() with NTSTATUS 0x0, context 0x84549d80, and result object 0x000001FD86371CE0 with size 74
###QueryVolumeInfo file handle = 0x000001FD84549D80, eventID = 0005, event Info = 0x000001FD84572B80
[GetVolumeInformation]
Dokan Information: SendAndPullEventInformation() with NTSTATUS 0x0, context 0x84549d80, and result object 0x000001FD86371CE0 with size 68
###Cleanup file handle = 0x000001FD84549D80, eventID = 0005, event Info = 0x000001FD84572B80
Dokan Information: SendAndPullEventInformation() with NTSTATUS 0x0, context 0x84549d80, and result object 0x000001FD86371CE0 with size 48
###Close file handle = 0x000001FD84549D80, eventID = 0005, event Info = 0x000001FD84572B80
[Close] ###Create file handle = 0x000001FD84549D80, eventID = 0006, event Info = 0x000001FD84572950
\
[ZwCreat###Create file handle = 0x000001FD84549D00, eventID = 0007, event Info = 0x000001FD84572B80
eFile] \
[ZwCreateFile] \
Dokan Information: DokanEndDispatchCreate() status = 0, file handle = 0x000001FD84549D80, eventID = 0006, result = 0x1
Dokan Information: DokanEndDispatchCreate() status = 0, file handle = 0x000001FD84549D00, eventID = 0007, result = 0x1
Dokan Information: SendAndPullEventInformation() with NTSTATUS 0x0, context 0x84549d80, and result object 0x000001FD86371CE0 with size 48
Dokan Information: SendAndPullEventInformation() with NTSTATUS 0x0, context 0x84549d00, and result object 0x000001FD86372DF0 with size 48
###GetFileInfo file handle = 0x000001FD84549D80, eventID = 0006, event Info = 0x000001FD84572950
	result =  0
	FileBasicInformation
	DispatchQueryInformation result =  0
###QueryVolumeInfo file handle = 0x000001FD84549D00, eventID = 0007, event Info = 0x000001FD84572B80
[GetVolumDokan Information: SendAndPullEventInformation() with NTSTATUS 0x0, context 0x84549d80, and result object 0x000001FD86371CE0 with size 80
eInformation]
###Cleanup file handle = 0x000001FD84549D80, eventID = 0006, event Info = 0x000001FD84572950
Dokan Information: SendAndPullEventInformation() with NTSTATUS 0x0, context 0x84549d00, and result object 0x000001FD86372DF0 with size 74
Dokan Information: SendAndPullEventInformation() with NTSTATUS 0x0, context 0x84549d80, and result object 0x000001FD86371CE0 with size 48
###QueryVolumeInfo file handle = 0x000001FD84549D00, eventID = 0007, event Info = 0x000001FD84572B80
[G###Close file handle = 0x000001FD84549D80, eventID = 0006, event Info = 0x000001FD84572950
etVolumeInformation]
###Create file handle = 0x000001FD8454A700, eventID = 0008, event Info = 0x000001FD84572800
[Close] \
Dokan Information: SendAndPullEventInformation() with NTSTATUS 0x0, context 0x84549d00, and result object 0x000001FD86372DF0 with size 68
[ZwCreateFile] \
###Cleanup file handle = 0x000001FD84549D00, eventID = 0007, event Info = 0x000001FD84572B80
Dokan Information: DokanEndDispatchCreate() status = 0, file handle = 0x000001FD8454A700, eventID = 0008, result = 0x1
Dokan Information: SendAndPullEventInformation() with NTSTATUS 0x0, context 0x84549d00, and result object 0x000001FD86372DF0 with size 48
Dokan Information: SendAndPullEventInformation() with NTSTATUS 0x0, context 0x8454a700, and result object 0x000001FD86371CE0 with size 48
###Close file handle = 0x000001FD84549D00, eventID = 0007, event Info = 0x000001FD84572B80
[Close] \
###Create file handle = 0x000001FD84549D80, eventID = 0009, event Info = 0x000001FD84572950
[ZwCreateFile] \
###QueryVolumeInfo file handle = 0x000001FD8454A700, eventID = 0008, event Info = 0x000001FD84572800
[GetVolumeInDokan Information: DokanEndDispatchCreate() status = 0, file handle = 0x000001FD84549D80, eventID = 0009, result = 0x1
formation]
Dokan Information: SendAndPullEventInformation() with NTSTATUS 0x0, context 0x84549d80, and result object 0x000001FD86372DF0 with size 48
Dokan Information: SendAndPullEventInformation() with NTSTATUS 0x0, context 0x8454a700, and result object 0x000001FD86371CE0 with size 74
###QueryVolumeInfo file handle = 0x000001FD84549D80, eventID = 0009, event Info = 0x000001FD84572950
###QueryVolumeInfo file handle = 0x000001FD8454A700, eventID = 0008, event Info = 0x000001FD84572800
[GetVolumeInformation]
Dokan Information: SendAndPullEventInformation() with NTSTATUS 0x0, context 0x84549d80, and result object 0x000001FD86372DF0 with size 64
Dokan Information: SendAndPullEventInformation() with NTSTATUS 0x0, context 0x8454a700, and result object 0x000001FD86371CE0 with size 68
###Cleanup file handle = 0x000001FD84549D80, eventID = 0009, event Info = 0x000001FD84572950
###Cleanup file handle = 0x000001FD8454A700, eventID = 0008, event Info = 0x000001FD84572800
Dokan Information: SendAndPullEventInformation() with NTSTATUS 0x0, context 0x84549d80, and result object 0x000001FD86372DF0 with size 48
Dokan Information: SendAndPullEventInformation() with NTSTATUS 0x0, context 0x8454a700, and result object 0x000001FD86371CE0 with size 48
###Create file handle = 0x000001FD84549D00, eventID = 0010, event Info = 0x000001FD84572B80
[ZwCreateFi###Close file handle = 0x000001FD84549D80, eventID = 0009, event Info = 0x000001FD84572950
l###Close file handle = 0x000001FD8454A700, eventID = 0008, event Info = 0x000001FD84572800
e] \
###Create file handle = 0x000001FD8454AB80, eventID = 0011, event Info = 0x000001FD8454B390
[Close] \
Dokan Information: DokanEndDispatchCreate() status = 0, file handle = 0x000001FD84549D00, eventID = 0010, result = 0x1
[Close] \
Dokan Information: SendAndPullEventInformation() with NTSTATUS 0x0, context 0x84549d00, and result object 0x000001FD86372DF0 with size 48
[ZwCreateFile] ###Cleanup file handle = 0x000001FD84549D00, eventID = 0010, event Info = 0x000001FD84572B80
\
Dokan Information: SendAndPullEventInformation() with NTSTATUS 0x0, context 0x84549d00, and result object 0x000001FD86372DF0 with size 48
Dokan Information: DokanEndDispatchCreate() status = 0, file handle = 0x000001FD8454AB80, eventID = 0011, result = 0x1
###Close file handle = 0x000001FD84549D00, eventID = 0010, event Info = 0x000001FD84572B80
[CloseDokan Information: SendAndPullEventInformation() with NTSTATUS 0x0, context 0x8454ab80, and result object 0x000001FD86371CE0 with size 48
] ###Create file handle = 0x000001FD84549D00, eventID = 0012, event Info = 0x000001FD84572800
\
###QueryVolumeInfo file handle = 0x000001FD8454AB80, eventID = 0011, event Info = 0x000001FD8454B390
[ZDokan Information: SendAndPullEventInformation() with NTSTATUS 0x0, context 0x8454ab80, and result object 0x000001FD86371CE0 with size 64
wCrea###Cleanup file handle = 0x000001FD8454AB80, eventID = 0011, event Info = 0x000001FD8454B390
tDokan Information: SendAndPullEventInformation() with NTSTATUS 0x0, context 0x8454ab80, and result object 0x000001FD86371CE0 with size 48
eFile] \
###Close file handle = 0x000001FD8454AB80, eventID = 0011, event Info = 0x000001FD8454B390
[Close] \
###Create file handle = 0x000001FD8454A700, eventID = 0013, event Info = 0x000001FD84572B80
[ZwCreateFile] \
Dokan Information: DokanEndDispatchCreate() status = 0, file handle = 0x000001FD84549D00, eventID = 0012, result = 0x1
Dokan Information: SendAndPullEventInformation() with NTSTATUS 0x0, context 0x84549d00, and result object 0x000001FD86372DF0 with size 48
Dokan Information: DokanEndDispatchCreate() status = 0, file handle = 0x000001FD8454A700, eventID = 0013, result = 0x1
Dokan Information: SendAndPullEventInformation() with NTSTATUS 0x0, context 0x8454a700, and result object 0x000001FD86371CE0 with size 48
###QueryVolumeInfo file handle = 0x000001FD84549D00, eventID = 0012, event Info = 0x000001FD84572800
###GetFileInfo file handle = 0x000001FD8454A700, eventID = 0013, event Info = 0x000001FD84572B80
	result =  0
	FileBasicInformation
	DispatchQueryInformation result =  0
[Dokan Information: SendAndPullEventInformation() with NTSTATUS 0x0, context 0x8454a700, and result object 0x000001FD86371CE0 with size 80
GetVolumeInformation]
###Cleanup file handle = 0x000001FD8454A700, eventID = 0013, event Info = 0x000001FD84572B80
Dokan Information: SendAndPullEventInformation() with NTSTATUS 0x0, context 0x84549d00, and result object 0x000001FD86372DF0 with size 64
Dokan Information: SendAndPullEventInformation() with NTSTATUS 0x0, context 0x8454a700, and result object 0x000001FD86371CE0 with size 48
###GetFileInfo file handle = 0x000001FD84549D00, eventID = 0012, event Info = 0x000001FD84572800
###Close file handle = 0x000001FD8454A700, eventID = 0013, event Info = 0x000001FD84572B80
[Close] \
	result =  0
	FileAllInformation
	DispatchQueryInformation result =  0
###Create file handle = 0x000001FD8454A700, eventID = 0014, event Info = 0x000001FD8454B390
[ZwCreateDokan Information: SendAndPullEventInformation() with NTSTATUS 0x0, context 0x84549d00, and result object 0x000001FD86371CE0 with size 140
File] ###Cleanup file handle = 0x000001FD84549D00, eventID = 0012, event Info = 0x000001FD84572800
\
Dokan Information: SendAndPullEventInformation() with NTSTATUS 0x0, context 0x84549d00, and result object 0x000001FD86371CE0 with size 48
Dokan Information: DokanEndDispatchCreate() status = 0, file handle = 0x000001FD8454A700, eventID = 0014, result = 0x1
###Close file handle = 0x000001FD84549D00, eventID = 0012, event Info = 0x000001FD84572800
[Dokan Information: SendAndPullEventInformation() with NTSTATUS 0x0, context 0x8454a700, and result object 0x000001FD86372DF0 with size 48
C###Create file handle = 0x000001FD8454AB80, eventID = 0015, event Info = 0x000001FD84572B80
lose] \
###GetFileInfo file handle = 0x000001FD8454A700, eventID = 0014, event Info = 0x000001FD8454B390
[ZwCreateFile] \
	result =  0
	FileBasicInformation
	DispatchQueryInformation result =  0
Dokan Information: DokanEndDispatchCreate() status = 0, file handle = 0x000001FD8454AB80, eventID = 0015, result = 0x1
Dokan Information: SendAndPullEventInformation() with NTSTATUS 0x0, context 0x8454ab80, and result object 0x000001FD86371CE0 with size 48
Dokan Information: SendAndPullEventInformation() with NTSTATUS 0x0, context 0x8454a700, and result object 0x000001FD86372DF0 with size 80
###QueryVolumeInfo file handle = 0x000001FD8454AB80, eventID = 0015, event Info = 0x000001FD84572B80
[GetVo###Cleanup file handle = 0x000001FD8454A700, eventID = 0014, event Info = 0x000001FD8454B390
lumeInformation]
Dokan Information: SendAndPullEventInformation() with NTSTATUS 0x0, context 0x8454a700, and result object 0x000001FD86372DF0 with size 48
Dokan Information: SendAndPullEventInformation() with NTSTATUS 0x0, context 0x8454ab80, and result object 0x000001FD86371CE0 with size 64
###Close file handle = 0x000001FD8454A700, eventID = 0014, event Info = 0x000001FD8454B390
[Close] \
###GetFileInfo file handle = 0x000001FD8454AB80, eventID = 0015, event Info = 0x000001FD84572B80
	result =  0
	FileAllInformation
	DispatchQueryInformation result =  0
Dokan Information: SendAndPullEventInformation() with NTSTATUS 0x0, context 0x8454ab80, and result object 0x000001FD86371CE0 with size 140
###Cleanup file handle = 0x000001FD8454AB80, eventID = 0015, event Info = 0x000001FD84572B80
Dokan Information: SendAndPullEventInformation() with NTSTATUS 0x0, context 0x8454ab80, and result object 0x000001FD86371CE0 with size 48
###Close file handle = 0x000001FD8454AB80, eventID = 0015, event Info = 0x000001FD84572B80
[Clos###Create file handle = 0x000001FD8454A700, eventID = 0016, event Info = 0x000001FD8454B390
e] \
[ZwCreateFile] \
Dokan Information: DokanEndDispatchCreate() status = 0, file handle = 0x000001FD8454A700, eventID = 0016, result = 0x1
Dokan Information: SendAndPullEventInformation() with NTSTATUS 0x0, context 0x8454a700, and result object 0x000001FD86371CE0 with size 48
###QueryVolumeInfo file handle = 0x000001FD8454A700, eventID = 0016, event Info = 0x000001FD8454B390
[GetVolumeInformation]
Dokan Information: SendAndPullEventInformation() with NTSTATUS 0x0, context 0x8454a700, and result object 0x000001FD86371CE0 with size 64
###GetFileInfo file handle = 0x000001FD8454A700, eventID = 0016, event Info = 0x000001FD8454B390
	result =  0
	FileAllInformation
	DispatchQueryInformation result =  0
Dokan Information: SendAndPullEventInformation() with NTSTATUS 0x0, context 0x8454a700, and result object 0x000001FD86371CE0 with size 140
###Cleanup file handle = 0x000001FD8454A700, eventID = 0016, event Info = 0x000001FD8454B390
Dokan Information: SendAndPullEventInformation() with NTSTATUS 0x0, context 0x8454a700, and result object 0x000001FD86371CE0 with size 48
###Close file handle = 0x000001FD8454A700, eventID = 0016, event Info = 0x000001FD8454B390
[Close] \
###Create file handle = 0x000001FD8454A700, eventID = 0017, event Info = 0x000001FD84572B80
[ZwCreateFile] \
Dokan Information: DokanEndDispatchCreate() status = 0, file handle = 0x000001FD8454A700, eventID = 0017, result = 0x1
Dokan Information: SendAndPullEventInformation() with NTSTATUS 0x0, context 0x8454a700, and result object 0x000001FD86371CE0 with size 48
###QueryVolumeInfo file handle = 0x000001FD8454A700, eventID = 0017, event Info = 0x000001FD84572B80
[GetVolumeInformation]
Dokan Information: SendAndPullEventInformation() with NTSTATUS 0x0, context 0x8454a700, and result object 0x000001FD86371CE0 with size 64
###GetFileInfo file handle = 0x000001FD8454A700, eventID = 0017, event Info = 0x000001FD84572B80
	result =  0
	FileAllInformation
	DispatchQueryInformation result =  0
Dokan Information: SendAndPullEventInformation() with NTSTATUS 0x0, context 0x8454a700, and result object 0x000001FD86371CE0 with size 140
###Cleanup file handle = 0x000001FD8454A700, eventID = 0017, event Info = 0x000001FD84572B80
Dokan Information: SendAndPullEventInformation() with NTSTATUS 0x0, context 0x8454a700, and result object 0x000001FD86371CE0 with size 48
###Close file handle = 0x000001FD8454A700, eventID = 0017, event Info = 0x000001FD84572B80
[Cl###Create file handle = 0x000001FD8454AB80, eventID = 0018, event Info = 0x000001FD8454B390
ose] \
[ZwCreateFile] \
Dokan Information: DokanEndDispatchCreate() status = 0, file handle = 0x000001FD8454AB80, eventID = 0018, result = 0x1
Dokan Information: SendAndPullEventInformation() with NTSTATUS 0x0, context 0x8454ab80, and result object 0x000001FD86371CE0 with size 48
###QueryVolumeInfo file handle = 0x000001FD8454AB80, eventID = 0018, event Info = 0x000001FD8454B390
[GetVolumeInformation]
Dokan Information: SendAndPullEventInformation() with NTSTATUS 0x0, context 0x8454ab80, and result object 0x000001FD86371CE0 with size 64
###GetFileInfo file handle = 0x000001FD8454AB80, eventID = 0018, event Info = 0x000001FD8454B390
	result =  0
	FileAllInformation
	DispatchQueryInformation result =  0
Dokan Information: SendAndPullEventInformation() with NTSTATUS 0x0, context 0x8454ab80, and result object 0x000001FD86371CE0 with size 140
###Cleanup file handle = 0x000001FD8454AB80, eventID = 0018, event Info = 0x000001FD8454B390
Dokan Information: SendAndPullEventInformation() with NTSTATUS 0x0, context 0x8454ab80, and result object 0x000001FD86371CE0 with size 48
###Close file handle = 0x000001FD8454AB80, eventID = 0018, event Info = 0x000001FD8454B390
[Cl###Create file handle = 0x000001FD8454A700, eventID = 0019, event Info = 0x000001FD84572B80
ose] \
[ZwCreateFile] \
Dokan Information: DokanEndDispatchCreate() status = 0, file handle = 0x000001FD8454A700, eventID = 0019, result = 0x1
Dokan Information: SendAndPullEventInformation() with NTSTATUS 0x0, context 0x8454a700, and result object 0x000001FD86371CE0 with size 48
###QueryVolumeInfo file handle = 0x000001FD8454A700, eventID = 0019, event Info = 0x000001FD84572B80
[GetVolumeInformation]
Dokan Information: SendAndPullEventInformation() with NTSTATUS 0x0, context 0x8454a700, and result object 0x000001FD86371CE0 with size 64
###GetFileInfo file handle = 0x000001FD8454A700, eventID = 0019, event Info = 0x000001FD84572B80
	result =  0
	FileAllInformation
	DispatchQueryInformation result =  0
Dokan Information: SendAndPullEventInformation() with NTSTATUS 0x0, context 0x8454a700, and result object 0x000001FD86371CE0 with size 140
###Cleanup file handle = 0x000001FD8454A700, eventID = 0019, event Info = 0x000001FD84572B80
Dokan Information: SendAndPullEventInformation() with NTSTATUS 0x0, context 0x8454a700, and result object 0x000001FD86371CE0 with size 48
###Close file handle = 0x000001FD8454A700, eventID = 0019, event Info = 0x000001FD84572B80
[Close] \
###Create file handle = 0x000001FD8454AB80, eventID = 0020, event Info = 0x000001FD8454B390
[ZwCreateFile] \
Dokan Information: DokanEndDispatchCreate() status = 0, file handle = 0x000001FD8454AB80, eventID = 0020, result = 0x1
Dokan Information: SendAndPullEventInformation() with NTSTATUS 0x0, context 0x8454ab80, and result object 0x000001FD86371CE0 with size 48
###QueryVolumeInfo file handle = 0x000001FD8454AB80, eventID = 0020, event Info = 0x000001FD8454B390
[GetVolumeInformation]
Dokan Information: SendAndPullEventInformation() with NTSTATUS 0x0, context 0x8454ab80, and result object 0x000001FD86371CE0 with size 64
###GetFileInfo file handle = 0x000001FD8454AB80, eventID = 0020, event Info = 0x000001FD8454B390
	result =  0
	FileAllInformation
	DispatchQueryInformation result =  0
Dokan Information: SendAndPullEventInformation() with NTSTATUS 0x0, context 0x8454ab80, and result object 0x000001FD86371CE0 with size 140
###Cleanup file handle = 0x000001FD8454AB80, eventID = 0020, event Info = 0x000001FD8454B390
Dokan Information: SendAndPullEventInformation() with NTSTATUS 0x0, context 0x8454ab80, and result object 0x000001FD86371CE0 with size 48
###Close file handle = 0x000001FD8454AB80, eventID = 0020, event Info = 0x000001FD8454B390
[Close] \
###Create file handle = 0x000001FD8454A700, eventID = 0021, event Info = 0x000001FD84572B80
[ZwCreateFile] \
Dokan Information: DokanEndDispatchCreate() status = 0, file handle = 0x000001FD8454A700, eventID = 0021, result = 0x1
Dokan Information: SendAndPullEventInformation() with NTSTATUS 0x0, context 0x8454a700, and result object 0x000001FD86371CE0 with size 48
###QueryVolumeInfo file handle = 0x000001FD8454A700, eventID = 0021, event Info = 0x000001FD84572B80
[GetVolumeInformation]
Dokan Information: SendAndPullEventInformation() with NTSTATUS 0x0, context 0x8454a700, and result object 0x000001FD86371CE0 with size 64
###GetFileInfo file handle = 0x000001FD8454A700, eventID = 0021, event Info = 0x000001FD84572B80
	result =  0
	FileAllInformation
	DispatchQueryInformation result =  0
Dokan Information: SendAndPullEventInformation() with NTSTATUS 0x0, context 0x8454a700, and result object 0x000001FD86371CE0 with size 140
###Cleanup file handle = 0x000001FD8454A700, eventID = 0021, event Info = 0x000001FD84572B80
Dokan Information: SendAndPullEventInformation() with NTSTATUS 0x0, context 0x8454a700, and result object 0x000001FD86371CE0 with size 48
###Close file handle = 0x000001FD8454A700, eventID = 0021, event Info = 0x000001FD84572B80
[Cl###Create file handle = 0x000001FD8454AB80, eventID = 0022, event Info = 0x000001FD8454B390
ose] \
[ZwCreateFile] \
Dokan Information: DokanEndDispatchCreate() status = 0, file handle = 0x000001FD8454AB80, eventID = 0022, result = 0x1
Dokan Information: SendAndPullEventInformation() with NTSTATUS 0x0, context 0x8454ab80, and result object 0x000001FD86371CE0 with size 48
###QueryVolumeInfo file handle = 0x000001FD8454AB80, eventID = 0022, event Info = 0x000001FD8454B390
[GetVolumeInformation]
Dokan Information: SendAndPullEventInformation() with NTSTATUS 0x0, context 0x8454ab80, and result object 0x000001FD86371CE0 with size 64
###GetFileInfo file handle = 0x000001FD8454AB80, eventID = 0022, event Info = 0x000001FD8454B390
	result =  0
	FileAllInformation
	DispatchQueryInformation result =  0
Dokan Information: SendAndPullEventInformation() with NTSTATUS 0x0, context 0x8454ab80, and result object 0x000001FD86371CE0 with size 140
###Cleanup file handle = 0x000001FD8454AB80, eventID = 0022, event Info = 0x000001FD8454B390
Dokan Information: SendAndPullEventInformation() with NTSTATUS 0x0, context 0x8454ab80, and result object 0x000001FD86371CE0 with size 48
###Close file handle = 0x000001FD8454AB80, eventID = 0022, event Info = 0x000001FD8454B390
###Create file handle = 0x000001FD8454A700, eventID = 0023, event Info = 0x000001FD84572B80
[Close] \
[ZwCreateFile] \
Dokan Information: DokanEndDispatchCreate() status = 0, file handle = 0x000001FD8454A700, eventID = 0023, result = 0x1
Dokan Information: SendAndPullEventInformation() with NTSTATUS 0x0, context 0x8454a700, and result object 0x000001FD86371CE0 with size 48
###QueryVolumeInfo file handle = 0x000001FD8454A700, eventID = 0023, event Info = 0x000001FD84572B80
[GetVolumeInformation]
Dokan Information: SendAndPullEventInformation() with NTSTATUS 0x0, context 0x8454a700, and result object 0x000001FD86371CE0 with size 64
###GetFileInfo file handle = 0x000001FD8454A700, eventID = 0023, event Info = 0x000001FD84572B80
	result =  0
	FileAllInformation
	DispatchQueryInformation result =  0
Dokan Information: SendAndPullEventInformation() with NTSTATUS 0x0, context 0x8454a700, and result object 0x000001FD86371CE0 with size 140
###Cleanup file handle = 0x000001FD8454A700, eventID = 0023, event Info = 0x000001FD84572B80
Dokan Information: SendAndPullEventInformation() with NTSTATUS 0x0, context 0x8454a700, and result object 0x000001FD86371CE0 with size 48
###Close file handle = 0x000001FD8454A700, eventID = 0023, event Info = 0x000001FD84572B80
[Close] \
###Create file handle = 0x000001FD8454AB80, eventID = 0024, event Info = 0x000001FD8454B390
[ZwCreateFile] \
Dokan Information: DokanEndDispatchCreate() status = 0, file handle = 0x000001FD8454AB80, eventID = 0024, result = 0x1
Dokan Information: SendAndPullEventInformation() with NTSTATUS 0x0, context 0x8454ab80, and result object 0x000001FD86371CE0 with size 48
###QueryVolumeInfo file handle = 0x000001FD8454AB80, eventID = 0024, event Info = 0x000001FD8454B390
[GetVolumeInformation]
Dokan Information: SendAndPullEventInformation() with NTSTATUS 0x0, context 0x8454ab80, and result object 0x000001FD86371CE0 with size 64
###GetFileInfo file handle = 0x000001FD8454AB80, eventID = 0024, event Info = 0x000001FD8454B390
	result =  0
	FileAllInformation
	DispatchQueryInformation result =  0
Dokan Information: SendAndPullEventInformation() with NTSTATUS 0x0, context 0x8454ab80, and result object 0x000001FD86371CE0 with size 140
###Cleanup file handle = 0x000001FD8454AB80, eventID = 0024, event Info = 0x000001FD8454B390
Dokan Information: SendAndPullEventInformation() with NTSTATUS 0x0, context 0x8454ab80, and result object 0x000001FD86371CE0 with size 48
###Close file handle = 0x000001FD8454AB80, eventID = 0024, event Info = 0x000001FD8454B390
[Close] \
###Create file handle = 0x000001FD8454AB80, eventID = 0025, event Info = 0x000001FD84572B80
[ZwCreateFile] \
Dokan Information: DokanEndDispatchCreate() status = 0, file handle = 0x000001FD8454AB80, eventID = 0025, result = 0x1
Dokan Information: SendAndPullEventInformation() with NTSTATUS 0x0, context 0x8454ab80, and result object 0x000001FD86371CE0 with size 48
###QueryVolumeInfo file handle = 0x000001FD8454AB80, eventID = 0025, event Info = 0x000001FD84572B80
[GetVolumeInformation]
Dokan Information: SendAndPullEventInformation() with NTSTATUS 0x0, context 0x8454ab80, and result object 0x000001FD86371CE0 with size 64
###GetFileInfo file handle = 0x000001FD8454AB80, eventID = 0025, event Info = 0x000001FD84572B80
	result =  0
	FileAllInformation
	DispatchQueryInformation result =  0
Dokan Information: SendAndPullEventInformation() with NTSTATUS 0x0, context 0x8454ab80, and result object 0x000001FD86371CE0 with size 140
###Cleanup file handle = 0x000001FD8454AB80, eventID = 0025, event Info = 0x000001FD84572B80
Dokan Information: SendAndPullEventInformation() with NTSTATUS 0x0, context 0x8454ab80, and result object 0x000001FD86371CE0 with size 48
###Close file handle = 0x000001FD8454AB80, eventID = 0025, event Info = 0x000001FD84572B80
[Close] ###Create file handle = 0x000001FD8454A700, eventID = 0026, event Info = 0x000001FD8454B390
\
[ZwCreateFile] \
Dokan Information: DokanEndDispatchCreate() status = 0, file handle = 0x000001FD8454A700, eventID = 0026, result = 0x1
Dokan Information: SendAndPullEventInformation() with NTSTATUS 0x0, context 0x8454a700, and result object 0x000001FD86371CE0 with size 48
###QueryVolumeInfo file handle = 0x000001FD8454A700, eventID = 0026, event Info = 0x000001FD8454B390
[GetVolumeInformation]
Dokan Information: SendAndPullEventInformation() with NTSTATUS 0x0, context 0x8454a700, and result object 0x000001FD86371CE0 with size 64
###GetFileInfo file handle = 0x000001FD8454A700, eventID = 0026, event Info = 0x000001FD8454B390
	result =  0
	FileAllInformation
	DispatchQueryInformation result =  0
Dokan Information: SendAndPullEventInformation() with NTSTATUS 0x0, context 0x8454a700, and result object 0x000001FD86371CE0 with size 140
###Cleanup file handle = 0x000001FD8454A700, eventID = 0026, event Info = 0x000001FD8454B390
Dokan Information: SendAndPullEventInformation() with NTSTATUS 0x0, context 0x8454a700, and result object 0x000001FD86371CE0 with size 48
###Close file handle = 0x000001FD8454A700, eventID = 0026, event Info = 0x000001FD8454B390
[Close] \
###Create file handle = 0x000001FD8454AB80, eventID = 0027, event Info = 0x000001FD84572B80
[ZwCreateFile] \
Dokan Information: DokanEndDispatchCreate() status = 0, file handle = 0x000001FD8454AB80, eventID = 0027, result = 0x1
Dokan Information: SendAndPullEventInformation() with NTSTATUS 0x0, context 0x8454ab80, and result object 0x000001FD86371CE0 with size 48
###QueryVolumeInfo file handle = 0x000001FD8454AB80, eventID = 0027, event Info = 0x000001FD84572B80
[GetVolumeInformation]
Dokan Information: SendAndPullEventInformation() with NTSTATUS 0x0, context 0x8454ab80, and result object 0x000001FD86371CE0 with size 64
###GetFileInfo file handle = 0x000001FD8454AB80, eventID = 0027, event Info = 0x000001FD84572B80
	result =  0
	FileAllInformation
	DispatchQueryInformation result =  0
Dokan Information: SendAndPullEventInformation() with NTSTATUS 0x0, context 0x8454ab80, and result object 0x000001FD86371CE0 with size 140
###Cleanup file handle = 0x000001FD8454AB80, eventID = 0027, event Info = 0x000001FD84572B80
Dokan Information: SendAndPullEventInformation() with NTSTATUS 0x0, context 0x8454ab80, and result object 0x000001FD86371CE0 with size 48
###Close file handle = 0x000001FD8454AB80, eventID = 0027, event Info = 0x000001FD84572B80
[Close] \
###Create file handle = 0x000001FD8454A700, eventID = 0028, event Info = 0x000001FD8454B390
[ZwCreateFile] \
Dokan Information: DokanEndDispatchCreate() status = 0, file handle = 0x000001FD8454A700, eventID = 0028, result = 0x1
Dokan Information: SendAndPullEventInformation() with NTSTATUS 0x0, context 0x8454a700, and result object 0x000001FD86371CE0 with size 48
###QueryVolumeInfo file handle = 0x000001FD8454A700, eventID = 0028, event Info = 0x000001FD8454B390
[GetVolumeInformation]
Dokan Information: SendAndPullEventInformation() with NTSTATUS 0x0, context 0x8454a700, and result object 0x000001FD86371CE0 with size 64
###GetFileInfo file handle = 0x000001FD8454A700, eventID = 0028, event Info = 0x000001FD8454B390
	result =  0
	FileAllInformation
	DispatchQueryInformation result =  0
Dokan Information: SendAndPullEventInformation() with NTSTATUS 0x0, context 0x8454a700, and result object 0x000001FD86371CE0 with size 140
###Cleanup file handle = 0x000001FD8454A700, eventID = 0028, event Info = 0x000001FD8454B390
Dokan Information: SendAndPullEventInformation() with NTSTATUS 0x0, context 0x8454a700, and result object 0x000001FD86371CE0 with size 48
###Close file handle = 0x000001FD8454A700, eventID = 0028, event Info = 0x000001FD8454B390
[Close] \
###Create file handle = 0x000001FD8454AB80, eventID = 0029, event Info = 0x000001FD84572B80
[ZwCreateFile] \
Dokan Information: DokanEndDispatchCreate() status = 0, file handle = 0x000001FD8454AB80, eventID = 0029, result = 0x1
Dokan Information: SendAndPullEventInformation() with NTSTATUS 0x0, context 0x8454ab80, and result object 0x000001FD86371CE0 with size 48
###QueryVolumeInfo file handle = 0x000001FD8454AB80, eventID = 0029, event Info = 0x000001FD84572B80
[GetVolumeInformation]
Dokan Information: SendAndPullEventInformation() with NTSTATUS 0x0, context 0x8454ab80, and result object 0x000001FD86371CE0 with size 64
###GetFileInfo file handle = 0x000001FD8454AB80, eventID = 0029, event Info = 0x000001FD84572B80
	result =  0
	FileAllInformation
	DispatchQueryInformation result =  0
Dokan Information: SendAndPullEventInformation() with NTSTATUS 0x0, context 0x8454ab80, and result object 0x000001FD86371CE0 with size 140
###Cleanup file handle = 0x000001FD8454AB80, eventID = 0029, event Info = 0x000001FD84572B80
Dokan Information: SendAndPullEventInformation() with NTSTATUS 0x0, context 0x8454ab80, and result object 0x000001FD86371CE0 with size 48
###Close file handle = 0x000001FD8454AB80, eventID = 0029, event Info = 0x000001FD84572B80
[Close] \
###Create file handle = 0x000001FD8454A700, eventID = 0030, event Info = 0x000001FD8454B390
[ZwCreateFile] \
Dokan Information: DokanEndDispatchCreate() status = 0, file handle = 0x000001FD8454A700, eventID = 0030, result = 0x1
Dokan Information: SendAndPullEventInformation() with NTSTATUS 0x0, context 0x8454a700, and result object 0x000001FD86371CE0 with size 48
###QueryVolumeInfo file handle = 0x000001FD8454A700, eventID = 0030, event Info = 0x000001FD8454B390
[GetVolumeInformation]
Dokan Information: SendAndPullEventInformation() with NTSTATUS 0x0, context 0x8454a700, and result object 0x000001FD86371CE0 with size 64
###GetFileInfo file handle = 0x000001FD8454A700, eventID = 0030, event Info = 0x000001FD8454B390
	result =  0
	FileAllInformation
	DispatchQueryInformation result =  0
Dokan Information: SendAndPullEventInformation() with NTSTATUS 0x0, context 0x8454a700, and result object 0x000001FD86371CE0 with size 140
###Cleanup file handle = 0x000001FD8454A700, eventID = 0030, event Info = 0x000001FD8454B390
Dokan Information: SendAndPullEventInformation() with NTSTATUS 0x0, context 0x8454a700, and result object 0x000001FD86371CE0 with size 48
###Close file handle = 0x000001FD8454A700, eventID = 0030, event Info = 0x000001FD8454B390
[Close] \
###Create file handle = 0x000001FD8454AB80, eventID = 0031, event Info = 0x000001FD84572B80
[ZwCreateFile] \
Dokan Information: DokanEndDispatchCreate() status = 0, file handle = 0x000001FD8454AB80, eventID = 0031, result = 0x1
Dokan Information: SendAndPullEventInformation() with NTSTATUS 0x0, context 0x8454ab80, and result object 0x000001FD86371CE0 with size 48
###QueryVolumeInfo file handle = 0x000001FD8454AB80, eventID = 0031, event Info = 0x000001FD84572B80
[GetVolumeInformation]
Dokan Information: SendAndPullEventInformation() with NTSTATUS 0x0, context 0x8454ab80, and result object 0x000001FD86371CE0 with size 64
###GetFileInfo file handle = 0x000001FD8454AB80, eventID = 0031, event Info = 0x000001FD84572B80
	result =  0
	FileAllInformation
	DispatchQueryInformation result =  0
Dokan Information: SendAndPullEventInformation() with NTSTATUS 0x0, context 0x8454ab80, and result object 0x000001FD86371CE0 with size 140
###Cleanup file handle = 0x000001FD8454AB80, eventID = 0031, event Info = 0x000001FD84572B80
Dokan Information: SendAndPullEventInformation() with NTSTATUS 0x0, context 0x8454ab80, and result object 0x000001FD86371CE0 with size 48
###Close file handle = 0x000001FD8454AB80, eventID = 0031, event Info = 0x000001FD84572B80
[Close] \
###Create file handle = 0x000001FD8454A700, eventID = 0032, event Info = 0x000001FD8454B390
[ZwCreateFile] \
Dokan Information: DokanEndDispatchCreate() status = 0, file handle = 0x000001FD8454A700, eventID = 0032, result = 0x1
Dokan Information: SendAndPullEventInformation() with NTSTATUS 0x0, context 0x8454a700, and result object 0x000001FD86371CE0 with size 48
###QueryVolumeInfo file handle = 0x000001FD8454A700, eventID = 0032, event Info = 0x000001FD8454B390
[GetVolumeInformation]
Dokan Information: SendAndPullEventInformation() with NTSTATUS 0x0, context 0x8454a700, and result object 0x000001FD86371CE0 with size 64
###GetFileInfo file handle = 0x000001FD8454A700, eventID = 0032, event Info = 0x000001FD8454B390
	result =  0
	FileAllInformation
	DispatchQueryInformation result =  0
Dokan Information: SendAndPullEventInformation() with NTSTATUS 0x0, context 0x8454a700, and result object 0x000001FD86371CE0 with size 140
###Cleanup file handle = 0x000001FD8454A700, eventID = 0032, event Info = 0x000001FD8454B390
Dokan Information: SendAndPullEventInformation() with NTSTATUS 0x0, context 0x8454a700, and result object 0x000001FD86371CE0 with size 48
###Close file handle = 0x000001FD8454A700, eventID = 0032, event Info = 0x000001FD8454B390
[Close] \
###Create file handle = 0x000001FD8454AB80, eventID = 0033, event Info = 0x000001FD84572B80
[ZwCreateFile] \
Dokan Information: DokanEndDispatchCreate() status = 0, file handle = 0x000001FD8454AB80, eventID = 0033, result = 0x1
Dokan Information: SendAndPullEventInformation() with NTSTATUS 0x0, context 0x8454ab80, and result object 0x000001FD86371CE0 with size 48
###QueryVolumeInfo file handle = 0x000001FD8454AB80, eventID = 0033, event Info = 0x000001FD84572B80
[GetVolumeInformation]
Dokan Information: SendAndPullEventInformation() with NTSTATUS 0x0, context 0x8454ab80, and result object 0x000001FD86371CE0 with size 64
###GetFileInfo file handle = 0x000001FD8454AB80, eventID = 0033, event Info = 0x000001FD84572B80
	result =  0
	FileAllInformation
	DispatchQueryInformation result =  0
Dokan Information: SendAndPullEventInformation() with NTSTATUS 0x0, context 0x8454ab80, and result object 0x000001FD86371CE0 with size 140
###Cleanup file handle = 0x000001FD8454AB80, eventID = 0033, event Info = 0x000001FD84572B80
Dokan Information: SendAndPullEventInformation() with NTSTATUS 0x0, context 0x8454ab80, and result object 0x000001FD86371CE0 with size 48
###Close file handle = 0x000001FD8454AB80, eventID = 0033, event Info = 0x000001FD84572B80
[Close] \
###Create file handle = 0x000001FD8454A700, eventID = 0034, event Info = 0x000001FD8454B390
[ZwCreateFile] \
Dokan Information: DokanEndDispatchCreate() status = 0, file handle = 0x000001FD8454A700, eventID = 0034, result = 0x1
Dokan Information: SendAndPullEventInformation() with NTSTATUS 0x0, context 0x8454a700, and result object 0x000001FD86371CE0 with size 48
###QueryVolumeInfo file handle = 0x000001FD8454A700, eventID = 0034, event Info = 0x000001FD8454B390
[GetVolumeInformation]
Dokan Information: SendAndPullEventInformation() with NTSTATUS 0x0, context 0x8454a700, and result object 0x000001FD86371CE0 with size 64
###GetFileInfo file handle = 0x000001FD8454A700, eventID = 0034, event Info = 0x000001FD8454B390
	result =  0
	FileAllInformation
	DispatchQueryInformation result =  0
Dokan Information: SendAndPullEventInformation() with NTSTATUS 0x0, context 0x8454a700, and result object 0x000001FD86371CE0 with size 140
###Cleanup file handle = 0x000001FD8454A700, eventID = 0034, event Info = 0x000001FD8454B390
Dokan Information: SendAndPullEventInformation() with NTSTATUS 0x0, context 0x8454a700, and result object 0x000001FD86371CE0 with size 48
###Close file handle = 0x000001FD8454A700, eventID = 0034, event Info = 0x000001FD8454B390
[Close] \
###Create file handle = 0x000001FD8454AB80, eventID = 0035, event Info = 0x000001FD84572B80
[ZwCreateFile] \
Dokan Information: DokanEndDispatchCreate() status = 0, file handle = 0x000001FD8454AB80, eventID = 0035, result = 0x1
Dokan Information: SendAndPullEventInformation() with NTSTATUS 0x0, context 0x8454ab80, and result object 0x000001FD86371CE0 with size 48
###QueryVolumeInfo file handle = 0x000001FD8454AB80, eventID = 0035, event Info = 0x000001FD84572B80
[GetVolumeInformation]
Dokan Information: SendAndPullEventInformation() with NTSTATUS 0x0, context 0x8454ab80, and result object 0x000001FD86371CE0 with size 64
###GetFileInfo file handle = 0x000001FD8454AB80, eventID = 0035, event Info = 0x000001FD84572B80
	result =  0
	FileAllInformation
	DispatchQueryInformation result =  0
Dokan Information: SendAndPullEventInformation() with NTSTATUS 0x0, context 0x8454ab80, and result object 0x000001FD86371CE0 with size 140
###Cleanup file handle = 0x000001FD8454AB80, eventID = 0035, event Info = 0x000001FD84572B80
Dokan Information: SendAndPullEventInformation() with NTSTATUS 0x0, context 0x8454ab80, and result object 0x000001FD86371CE0 with size 48
###Close file handle = 0x000001FD8454AB80, eventID = 0035, event Info = 0x000001FD84572B80
###Create file handle = 0x000001FD8454A700, eventID = 0036, event Info = 0x000001FD8454B390
[Close] \
[ZwCreateFile] \
Dokan Information: DokanEndDispatchCreate() status = 0, file handle = 0x000001FD8454A700, eventID = 0036, result = 0x1
Dokan Information: SendAndPullEventInformation() with NTSTATUS 0x0, context 0x8454a700, and result object 0x000001FD86371CE0 with size 48
###QueryVolumeInfo file handle = 0x000001FD8454A700, eventID = 0036, event Info = 0x000001FD8454B390
[GetVolumeInformation]
Dokan Information: SendAndPullEventInformation() with NTSTATUS 0x0, context 0x8454a700, and result object 0x000001FD86371CE0 with size 64
###GetFileInfo file handle = 0x000001FD8454A700, eventID = 0036, event Info = 0x000001FD8454B390
	result =  0
	FileAllInformation
	DispatchQueryInformation result =  0
Dokan Information: SendAndPullEventInformation() with NTSTATUS 0x0, context 0x8454a700, and result object 0x000001FD86371CE0 with size 140
###Cleanup file handle = 0x000001FD8454A700, eventID = 0036, event Info = 0x000001FD8454B390
Dokan Information: SendAndPullEventInformation() with NTSTATUS 0x0, context 0x8454a700, and result object 0x000001FD86371CE0 with size 48
###Close file handle = 0x000001FD8454A700, eventID = 0036, event Info = 0x000001FD8454B390
[Close] \
###Create file handle = 0x000001FD8454AB80, eventID = 0037, event Info = 0x000001FD84572B80
[ZwCreateFile] \
Dokan Information: DokanEndDispatchCreate() status = 0, file handle = 0x000001FD8454AB80, eventID = 0037, result = 0x1
Dokan Information: SendAndPullEventInformation() with NTSTATUS 0x0, context 0x8454ab80, and result object 0x000001FD86371CE0 with size 48
###QueryVolumeInfo file handle = 0x000001FD8454AB80, eventID = 0037, event Info = 0x000001FD84572B80
[GetVolumeInformation]
Dokan Information: SendAndPullEventInformation() with NTSTATUS 0x0, context 0x8454ab80, and result object 0x000001FD86371CE0 with size 64
###GetFileInfo file handle = 0x000001FD8454AB80, eventID = 0037, event Info = 0x000001FD84572B80
	result =  0
	FileAllInformation
	DispatchQueryInformation result =  0
Dokan Information: SendAndPullEventInformation() with NTSTATUS 0x0, context 0x8454ab80, and result object 0x000001FD86371CE0 with size 140
###Cleanup file handle = 0x000001FD8454AB80, eventID = 0037, event Info = 0x000001FD84572B80
Dokan Information: SendAndPullEventInformation() with NTSTATUS 0x0, context 0x8454ab80, and result object 0x000001FD86371CE0 with size 48
###Close file handle = 0x000001FD8454AB80, eventID = 0037, event Info = 0x000001FD84572B80
[Close] \
###Create file handle = 0x000001FD8454A700, eventID = 0038, event Info = 0x000001FD8454B390
[ZwCreateFile] \
Dokan Information: DokanEndDispatchCreate() status = 0, file handle = 0x000001FD8454A700, eventID = 0038, result = 0x1
Dokan Information: SendAndPullEventInformation() with NTSTATUS 0x0, context 0x8454a700, and result object 0x000001FD86371CE0 with size 48
###QueryVolumeInfo file handle = 0x000001FD8454A700, eventID = 0038, event Info = 0x000001FD8454B390
[GetVolumeInformation]
Dokan Information: SendAndPullEventInformation() with NTSTATUS 0x0, context 0x8454a700, and result object 0x000001FD86371CE0 with size 64
###GetFileInfo file handle = 0x000001FD8454A700, eventID = 0038, event Info = 0x000001FD8454B390
	result =  0
	FileAllInformation
	DispatchQueryInformation result =  0
Dokan Information: SendAndPullEventInformation() with NTSTATUS 0x0, context 0x8454a700, and result object 0x000001FD86371CE0 with size 140
###Cleanup file handle = 0x000001FD8454A700, eventID = 0038, event Info = 0x000001FD8454B390
Dokan Information: SendAndPullEventInformation() with NTSTATUS 0x0, context 0x8454a700, and result object 0x000001FD86371CE0 with size 48
###Close file handle = 0x000001FD8454A700, eventID = 0038, event Info = 0x000001FD8454B390
[Close] \
###Create file handle = 0x000001FD8454AB80, eventID = 0039, event Info = 0x000001FD84572B80
[ZwCreateFile] \
Dokan Information: DokanEndDispatchCreate() status = 0, file handle = 0x000001FD8454AB80, eventID = 0039, result = 0x1
Dokan Information: SendAndPullEventInformation() with NTSTATUS 0x0, context 0x8454ab80, and result object 0x000001FD86371CE0 with size 48
###QueryVolumeInfo file handle = 0x000001FD8454AB80, eventID = 0039, event Info = 0x000001FD84572B80
[GetVolumeInformation]
Dokan Information: SendAndPullEventInformation() with NTSTATUS 0x0, context 0x8454ab80, and result object 0x000001FD86371CE0 with size 64
###GetFileInfo file handle = 0x000001FD8454AB80, eventID = 0039, event Info = 0x000001FD84572B80
	result =  0
	FileAllInformation
	DispatchQueryInformation result =  0
Dokan Information: SendAndPullEventInformation() with NTSTATUS 0x0, context 0x8454ab80, and result object 0x000001FD86371CE0 with size 140
###Cleanup file handle = 0x000001FD8454AB80, eventID = 0039, event Info = 0x000001FD84572B80
Dokan Information: SendAndPullEventInformation() with NTSTATUS 0x0, context 0x8454ab80, and result object 0x000001FD86371CE0 with size 48
###Close file handle = 0x000001FD8454AB80, eventID = 0039, event Info = 0x000001FD84572B80
[Close] \
###Create file handle = 0x000001FD8454A700, eventID = 0040, event Info = 0x000001FD8454B390
[ZwCreateFile] \
Dokan Information: DokanEndDispatchCreate() status = 0, file handle = 0x000001FD8454A700, eventID = 0040, result = 0x1
Dokan Information: SendAndPullEventInformation() with NTSTATUS 0x0, context 0x8454a700, and result object 0x000001FD86371CE0 with size 48
###QueryVolumeInfo file handle = 0x000001FD8454A700, eventID = 0040, event Info = 0x000001FD8454B390
[GetVolumeInformation]
Dokan Information: SendAndPullEventInformation() with NTSTATUS 0x0, context 0x8454a700, and result object 0x000001FD86371CE0 with size 64
###GetFileInfo file handle = 0x000001FD8454A700, eventID = 0040, event Info = 0x000001FD8454B390
	result =  0
	FileAllInformation
	DispatchQueryInformation result =  0
Dokan Information: SendAndPullEventInformation() with NTSTATUS 0x0, context 0x8454a700, and result object 0x000001FD86371CE0 with size 140
###Cleanup file handle = 0x000001FD8454A700, eventID = 0040, event Info = 0x000001FD8454B390
Dokan Information: SendAndPullEventInformation() with NTSTATUS 0x0, context 0x8454a700, and result object 0x000001FD86371CE0 with size 48
###Close file handle = 0x000001FD8454A700, eventID = 0040, event Info = 0x000001FD8454B390
[Close] \
###Create file handle = 0x000001FD8454AB80, eventID = 0041, event Info = 0x000001FD84572B80
[ZwCreateFile] \
Dokan Information: DokanEndDispatchCreate() status = 0, file handle = 0x000001FD8454AB80, eventID = 0041, result = 0x1
Dokan Information: SendAndPullEventInformation() with NTSTATUS 0x0, context 0x8454ab80, and result object 0x000001FD86371CE0 with size 48
###QueryVolumeInfo file handle = 0x000001FD8454AB80, eventID = 0041, event Info = 0x000001FD84572B80
[GetVolumeInformation]
Dokan Information: SendAndPullEventInformation() with NTSTATUS 0x0, context 0x8454ab80, and result object 0x000001FD86371CE0 with size 64
###GetFileInfo file handle = 0x000001FD8454AB80, eventID = 0041, event Info = 0x000001FD84572B80
	result =  0
	FileAllInformation
	DispatchQueryInformation result =  0
Dokan Information: SendAndPullEventInformation() with NTSTATUS 0x0, context 0x8454ab80, and result object 0x000001FD86371CE0 with size 140
###Cleanup file handle = 0x000001FD8454AB80, eventID = 0041, event Info = 0x000001FD84572B80
Dokan Information: SendAndPullEventInformation() with NTSTATUS 0x0, context 0x8454ab80, and result object 0x000001FD86371CE0 with size 48
###Close file handle = 0x000001FD8454AB80, eventID = 0041, event Info = 0x000001FD84572B80
###Create file handle = 0x000001FD8454A700, eventID = 0042, event Info = 0x000001FD8454B390
[Close] \
[ZwCreateFile] \
Dokan Information: DokanEndDispatchCreate() status = 0, file handle = 0x000001FD8454A700, eventID = 0042, result = 0x1
Dokan Information: SendAndPullEventInformation() with NTSTATUS 0x0, context 0x8454a700, and result object 0x000001FD86371CE0 with size 48
###QueryVolumeInfo file handle = 0x000001FD8454A700, eventID = 0042, event Info = 0x000001FD8454B390
[GetVolumeInformation]
Dokan Information: SendAndPullEventInformation() with NTSTATUS 0x0, context 0x8454a700, and result object 0x000001FD86371CE0 with size 64
###GetFileInfo file handle = 0x000001FD8454A700, eventID = 0042, event Info = 0x000001FD8454B390
	result =  0
	FileAllInformation
	DispatchQueryInformation result =  0
Dokan Information: SendAndPullEventInformation() with NTSTATUS 0x0, context 0x8454a700, and result object 0x000001FD86371CE0 with size 140
###Cleanup file handle = 0x000001FD8454A700, eventID = 0042, event Info = 0x000001FD8454B390
Dokan Information: SendAndPullEventInformation() with NTSTATUS 0x0, context 0x8454a700, and result object 0x000001FD86371CE0 with size 48
###Close file handle = 0x000001FD8454A700, eventID = 0042, event Info = 0x000001FD8454B390
[Close] \
###Create file handle = 0x000001FD8454AB80, eventID = 0043, event Info = 0x000001FD84572B80
[ZwCreateFile] \
Dokan Information: DokanEndDispatchCreate() status = 0, file handle = 0x000001FD8454AB80, eventID = 0043, result = 0x1
Dokan Information: SendAndPullEventInformation() with NTSTATUS 0x0, context 0x8454ab80, and result object 0x000001FD86371CE0 with size 48
###QueryVolumeInfo file handle = 0x000001FD8454AB80, eventID = 0043, event Info = 0x000001FD84572B80
[GetVolumeInformation]
Dokan Information: SendAndPullEventInformation() with NTSTATUS 0x0, context 0x8454ab80, and result object 0x000001FD86371CE0 with size 64
###GetFileInfo file handle = 0x000001FD8454AB80, eventID = 0043, event Info = 0x000001FD84572B80
	result =  0
	FileAllInformation
	DispatchQueryInformation result =  0
Dokan Information: SendAndPullEventInformation() with NTSTATUS 0x0, context 0x8454ab80, and result object 0x000001FD86371CE0 with size 140
###Cleanup file handle = 0x000001FD8454AB80, eventID = 0043, event Info = 0x000001FD84572B80
Dokan Information: SendAndPullEventInformation() with NTSTATUS 0x0, context 0x8454ab80, and result object 0x000001FD86371CE0 with size 48
###Close file handle = 0x000001FD8454AB80, eventID = 0043, event Info = 0x000001FD84572B80
[Close] \
###Create file handle = 0x000001FD8454A700, eventID = 0044, event Info = 0x000001FD8454B390
[ZwCreateFile] \
Dokan Information: DokanEndDispatchCreate() status = 0, file handle = 0x000001FD8454A700, eventID = 0044, result = 0x1
Dokan Information: SendAndPullEventInformation() with NTSTATUS 0x0, context 0x8454a700, and result object 0x000001FD86371CE0 with size 48
###QueryVolumeInfo file handle = 0x000001FD8454A700, eventID = 0044, event Info = 0x000001FD8454B390
[GetVolumeInformation]
Dokan Information: SendAndPullEventInformation() with NTSTATUS 0x0, context 0x8454a700, and result object 0x000001FD86371CE0 with size 64
###GetFileInfo file handle = 0x000001FD8454A700, eventID = 0044, event Info = 0x000001FD8454B390
	result =  0
	FileAllInformation
	DispatchQueryInformation result =  0
Dokan Information: SendAndPullEventInformation() with NTSTATUS 0x0, context 0x8454a700, and result object 0x000001FD86371CE0 with size 140
###Cleanup file handle = 0x000001FD8454A700, eventID = 0044, event Info = 0x000001FD8454B390
Dokan Information: SendAndPullEventInformation() with NTSTATUS 0x0, context 0x8454a700, and result object 0x000001FD86371CE0 with size 48
###Close file handle = 0x000001FD8454A700, eventID = 0044, event Info = 0x000001FD8454B390
[Close] \
###Create file handle = 0x000001FD8454AB80, eventID = 0045, event Info = 0x000001FD84572B80
[ZwCreateFile] \
Dokan Information: DokanEndDispatchCreate() status = 0, file handle = 0x000001FD8454AB80, eventID = 0045, result = 0x1
Dokan Information: SendAndPullEventInformation() with NTSTATUS 0x0, context 0x8454ab80, and result object 0x000001FD86371CE0 with size 48
###QueryVolumeInfo file handle = 0x000001FD8454AB80, eventID = 0045, event Info = 0x000001FD84572B80
[GetVolumeInformation]
Dokan Information: SendAndPullEventInformation() with NTSTATUS 0x0, context 0x8454ab80, and result object 0x000001FD86371CE0 with size 64
###GetFileInfo file handle = 0x000001FD8454AB80, eventID = 0045, event Info = 0x000001FD84572B80
	result =  0
	FileAllInformation
	DispatchQueryInformation result =  0
Dokan Information: SendAndPullEventInformation() with NTSTATUS 0x0, context 0x8454ab80, and result object 0x000001FD86371CE0 with size 140
###Cleanup file handle = 0x000001FD8454AB80, eventID = 0045, event Info = 0x000001FD84572B80
Dokan Information: SendAndPullEventInformation() with NTSTATUS 0x0, context 0x8454ab80, and result object 0x000001FD86371CE0 with size 48
###Close file handle = 0x000001FD8454AB80, eventID = 0045, event Info = 0x000001FD84572B80
[Close] ###Create file handle = 0x000001FD8454A700, eventID = 0046, event Info = 0x000001FD8454B390
\
[ZwCreateFile] \
Dokan Information: DokanEndDispatchCreate() status = 0, file handle = 0x000001FD8454A700, eventID = 0046, result = 0x1
Dokan Information: SendAndPullEventInformation() with NTSTATUS 0x0, context 0x8454a700, and result object 0x000001FD86371CE0 with size 48
###QueryVolumeInfo file handle = 0x000001FD8454A700, eventID = 0046, event Info = 0x000001FD8454B390
[GetVolumeInformation]
Dokan Information: SendAndPullEventInformation() with NTSTATUS 0x0, context 0x8454a700, and result object 0x000001FD86371CE0 with size 64
###GetFileInfo file handle = 0x000001FD8454A700, eventID = 0046, event Info = 0x000001FD8454B390
	result =  0
	FileAllInformation
	DispatchQueryInformation result =  0
Dokan Information: SendAndPullEventInformation() with NTSTATUS 0x0, context 0x8454a700, and result object 0x000001FD86371CE0 with size 140
###Cleanup file handle = 0x000001FD8454A700, eventID = 0046, event Info = 0x000001FD8454B390
Dokan Information: SendAndPullEventInformation() with NTSTATUS 0x0, context 0x8454a700, and result object 0x000001FD86371CE0 with size 48
###Close file handle = 0x000001FD8454A700, eventID = 0046, event Info = 0x000001FD8454B390
###Create file handle = 0x000001FD8454AB80, eventID = 0047, event Info = 0x000001FD84572B80
[Close] \
[ZwCreateFile] \
Dokan Information: DokanEndDispatchCreate() status = 0, file handle = 0x000001FD8454AB80, eventID = 0047, result = 0x1
Dokan Information: SendAndPullEventInformation() with NTSTATUS 0x0, context 0x8454ab80, and result object 0x000001FD86371CE0 with size 48
###QueryVolumeInfo file handle = 0x000001FD8454AB80, eventID = 0047, event Info = 0x000001FD84572B80
[GetVolumeInformation]
Dokan Information: SendAndPullEventInformation() with NTSTATUS 0x0, context 0x8454ab80, and result object 0x000001FD86371CE0 with size 64
###GetFileInfo file handle = 0x000001FD8454AB80, eventID = 0047, event Info = 0x000001FD84572B80
	result =  0
	FileAllInformation
	DispatchQueryInformation result =  0
Dokan Information: SendAndPullEventInformation() with NTSTATUS 0x0, context 0x8454ab80, and result object 0x000001FD86371CE0 with size 140
###Cleanup file handle = 0x000001FD8454AB80, eventID = 0047, event Info = 0x000001FD84572B80
Dokan Information: SendAndPullEventInformation() with NTSTATUS 0x0, context 0x8454ab80, and result object 0x000001FD86371CE0 with size 48
###Close file handle = 0x000001FD8454AB80, eventID = 0047, event Info = 0x000001FD84572B80
[Close] \
###Create file handle = 0x000001FD8454A700, eventID = 0048, event Info = 0x000001FD8454B390
[ZwCreateFile] \
Dokan Information: DokanEndDispatchCreate() status = 0, file handle = 0x000001FD8454A700, eventID = 0048, result = 0x1
Dokan Information: SendAndPullEventInformation() with NTSTATUS 0x0, context 0x8454a700, and result object 0x000001FD86371CE0 with size 48
###QueryVolumeInfo file handle = 0x000001FD8454A700, eventID = 0048, event Info = 0x000001FD8454B390
[GetVolumeInformation]
Dokan Information: SendAndPullEventInformation() with NTSTATUS 0x0, context 0x8454a700, and result object 0x000001FD86371CE0 with size 64
###GetFileInfo file handle = 0x000001FD8454A700, eventID = 0048, event Info = 0x000001FD8454B390
	result =  0
	FileAllInformation
	DispatchQueryInformation result =  0
Dokan Information: SendAndPullEventInformation() with NTSTATUS 0x0, context 0x8454a700, and result object 0x000001FD86371CE0 with size 140
###Cleanup file handle = 0x000001FD8454A700, eventID = 0048, event Info = 0x000001FD8454B390
Dokan Information: SendAndPullEventInformation() with NTSTATUS 0x0, context 0x8454a700, and result object 0x000001FD86371CE0 with size 48
###Close file handle = 0x000001FD8454A700, eventID = 0048, event Info = 0x000001FD8454B390
[Close] \
###Create file handle = 0x000001FD8454A700, eventID = 0049, event Info = 0x000001FD84572B80
[ZwCreateFile] \
Dokan Information: DokanEndDispatchCreate() status = 0, file handle = 0x000001FD8454A700, eventID = 0049, result = 0x1
Dokan Information: SendAndPullEventInformation() with NTSTATUS 0x0, context 0x8454a700, and result object 0x000001FD86371CE0 with size 48
###QueryVolumeInfo file handle = 0x000001FD8454A700, eventID = 0049, event Info = 0x000001FD84572B80
[GetVolumeInformation]
Dokan Information: SendAndPullEventInformation() with NTSTATUS 0x0, context 0x8454a700, and result object 0x000001FD86371CE0 with size 64
###GetFileInfo file handle = 0x000001FD8454A700, eventID = 0049, event Info = 0x000001FD84572B80
	result =  0
	FileAllInformation
	DispatchQueryInformation result =  0
Dokan Information: SendAndPullEventInformation() with NTSTATUS 0x0, context 0x8454a700, and result object 0x000001FD86371CE0 with size 140
###Cleanup file handle = 0x000001FD8454A700, eventID = 0049, event Info = 0x000001FD84572B80
Dokan Information: SendAndPullEventInformation() with NTSTATUS 0x0, context 0x8454a700, and result object 0x000001FD86371CE0 with size 48
###Close file handle = 0x000001FD8454A700, eventID = 0049, event Info = 0x000001FD84572B80
[Close] \
###Create file handle = 0x000001FD8454AB80, eventID = 0050, event Info = 0x000001FD8454B390
[ZwCreateFile] \
Dokan Information: DokanEndDispatchCreate() status = 0, file handle = 0x000001FD8454AB80, eventID = 0050, result = 0x1
Dokan Information: SendAndPullEventInformation() with NTSTATUS 0x0, context 0x8454ab80, and result object 0x000001FD86371CE0 with size 48
###QueryVolumeInfo file handle = 0x000001FD8454AB80, eventID = 0050, event Info = 0x000001FD8454B390
[GetVolumeInformation]
Dokan Information: SendAndPullEventInformation() with NTSTATUS 0x0, context 0x8454ab80, and result object 0x000001FD86371CE0 with size 64
###GetFileInfo file handle = 0x000001FD8454AB80, eventID = 0050, event Info = 0x000001FD8454B390
	result =  0
	FileAllInformation
	DispatchQueryInformation result =  0
Dokan Information: SendAndPullEventInformation() with NTSTATUS 0x0, context 0x8454ab80, and result object 0x000001FD86371CE0 with size 140
###Cleanup file handle = 0x000001FD8454AB80, eventID = 0050, event Info = 0x000001FD8454B390
Dokan Information: SendAndPullEventInformation() with NTSTATUS 0x0, context 0x8454ab80, and result object 0x000001FD86371CE0 with size 48
###Close file handle = 0x000001FD8454AB80, eventID = 0050, event Info = 0x000001FD8454B390
###Create file handle = 0x000001FD8454A700, eventID = 0051, event Info = 0x000001FD84572B80
[Close] \
[ZwCreateFile] \
Dokan Information: DokanEndDispatchCreate() status = 0, file handle = 0x000001FD8454A700, eventID = 0051, result = 0x1
Dokan Information: SendAndPullEventInformation() with NTSTATUS 0x0, context 0x8454a700, and result object 0x000001FD86371CE0 with size 48
###QueryVolumeInfo file handle = 0x000001FD8454A700, eventID = 0051, event Info = 0x000001FD84572B80
[GetVolumeInformation]
Dokan Information: SendAndPullEventInformation() with NTSTATUS 0x0, context 0x8454a700, and result object 0x000001FD86371CE0 with size 64
###GetFileInfo file handle = 0x000001FD8454A700, eventID = 0051, event Info = 0x000001FD84572B80
	result =  0
	FileAllInformation
	DispatchQueryInformation result =  0
Dokan Information: SendAndPullEventInformation() with NTSTATUS 0x0, context 0x8454a700, and result object 0x000001FD86371CE0 with size 140
###Cleanup file handle = 0x000001FD8454A700, eventID = 0051, event Info = 0x000001FD84572B80
Dokan Information: SendAndPullEventInformation() with NTSTATUS 0x0, context 0x8454a700, and result object 0x000001FD86371CE0 with size 48
###Close file handle = 0x000001FD8454A700, eventID = 0051, event Info = 0x000001FD84572B80
[Close] \
###Create file handle = 0x000001FD8454AB80, eventID = 0052, event Info = 0x000001FD8454B390
[ZwCreateFile] \
Dokan Information: DokanEndDispatchCreate() status = 0, file handle = 0x000001FD8454AB80, eventID = 0052, result = 0x1
Dokan Information: SendAndPullEventInformation() with NTSTATUS 0x0, context 0x8454ab80, and result object 0x000001FD86371CE0 with size 48
###QueryVolumeInfo file handle = 0x000001FD8454AB80, eventID = 0052, event Info = 0x000001FD8454B390
[GetVolumeInformation]
Dokan Information: SendAndPullEventInformation() with NTSTATUS 0x0, context 0x8454ab80, and result object 0x000001FD86371CE0 with size 64
###GetFileInfo file handle = 0x000001FD8454AB80, eventID = 0052, event Info = 0x000001FD8454B390
	result =  0
	FileAllInformation
	DispatchQueryInformation result =  0
Dokan Information: SendAndPullEventInformation() with NTSTATUS 0x0, context 0x8454ab80, and result object 0x000001FD86371CE0 with size 140
###Cleanup file handle = 0x000001FD8454AB80, eventID = 0052, event Info = 0x000001FD8454B390
Dokan Information: SendAndPullEventInformation() with NTSTATUS 0x0, context 0x8454ab80, and result object 0x000001FD86371CE0 with size 48
###Close file handle = 0x000001FD8454AB80, eventID = 0052, event Info = 0x000001FD8454B390
[Close] \
###Create file handle = 0x000001FD8454A700, eventID = 0053, event Info = 0x000001FD84572B80
[ZwCreateFile] \
Dokan Information: DokanEndDispatchCreate() status = 0, file handle = 0x000001FD8454A700, eventID = 0053, result = 0x1
Dokan Information: SendAndPullEventInformation() with NTSTATUS 0x0, context 0x8454a700, and result object 0x000001FD86371CE0 with size 48
###QueryVolumeInfo file handle = 0x000001FD8454A700, eventID = 0053, event Info = 0x000001FD84572B80
[GetVolumeInformation]
Dokan Information: SendAndPullEventInformation() with NTSTATUS 0x0, context 0x8454a700, and result object 0x000001FD86371CE0 with size 64
###GetFileInfo file handle = 0x000001FD8454A700, eventID = 0053, event Info = 0x000001FD84572B80
	result =  0
	FileAllInformation
	DispatchQueryInformation result =  0
Dokan Information: SendAndPullEventInformation() with NTSTATUS 0x0, context 0x8454a700, and result object 0x000001FD86371CE0 with size 140
###Cleanup file handle = 0x000001FD8454A700, eventID = 0053, event Info = 0x000001FD84572B80
Dokan Information: SendAndPullEventInformation() with NTSTATUS 0x0, context 0x8454a700, and result object 0x000001FD86371CE0 with size 48
###Close file handle = 0x000001FD8454A700, eventID = 0053, event Info = 0x000001FD84572B80
[Close] \
###Create file handle = 0x000001FD8454AB80, eventID = 0054, event Info = 0x000001FD8454B390
[ZwCreateFile] \
Dokan Information: DokanEndDispatchCreate() status = 0, file handle = 0x000001FD8454AB80, eventID = 0054, result = 0x1
Dokan Information: SendAndPullEventInformation() with NTSTATUS 0x0, context 0x8454ab80, and result object 0x000001FD86371CE0 with size 48
###QueryVolumeInfo file handle = 0x000001FD8454AB80, eventID = 0054, event Info = 0x000001FD8454B390
[GetVolumeInformation]
Dokan Information: SendAndPullEventInformation() with NTSTATUS 0x0, context 0x8454ab80, and result object 0x000001FD86371CE0 with size 64
###GetFileInfo file handle = 0x000001FD8454AB80, eventID = 0054, event Info = 0x000001FD8454B390
	result =  0
	FileAllInformation
	DispatchQueryInformation result =  0
Dokan Information: SendAndPullEventInformation() with NTSTATUS 0x0, context 0x8454ab80, and result object 0x000001FD86371CE0 with size 140
###Cleanup file handle = 0x000001FD8454AB80, eventID = 0054, event Info = 0x000001FD8454B390
Dokan Information: SendAndPullEventInformation() with NTSTATUS 0x0, context 0x8454ab80, and result object 0x000001FD86371CE0 with size 48
###Close file handle = 0x000001FD8454AB80, eventID = 0054, event Info = 0x000001FD8454B390
[Close] \
###Create file handle = 0x000001FD8454A700, eventID = 0055, event Info = 0x000001FD84572B80
[ZwCreateFile] \
Dokan Information: DokanEndDispatchCreate() status = 0, file handle = 0x000001FD8454A700, eventID = 0055, result = 0x1
Dokan Information: SendAndPullEventInformation() with NTSTATUS 0x0, context 0x8454a700, and result object 0x000001FD86371CE0 with size 48
###QueryVolumeInfo file handle = 0x000001FD8454A700, eventID = 0055, event Info = 0x000001FD84572B80
[GetVolumeInformation]
Dokan Information: SendAndPullEventInformation() with NTSTATUS 0x0, context 0x8454a700, and result object 0x000001FD86371CE0 with size 64
###GetFileInfo file handle = 0x000001FD8454A700, eventID = 0055, event Info = 0x000001FD84572B80
	result =  0
	FileAllInformation
	DispatchQueryInformation result =  0
Dokan Information: SendAndPullEventInformation() with NTSTATUS 0x0, context 0x8454a700, and result object 0x000001FD86371CE0 with size 140
###Cleanup file handle = 0x000001FD8454A700, eventID = 0055, event Info = 0x000001FD84572B80
Dokan Information: SendAndPullEventInformation() with NTSTATUS 0x0, context 0x8454a700, and result object 0x000001FD86371CE0 with size 48
###Close file handle = 0x000001FD8454A700, eventID = 0055, event Info = 0x000001FD84572B80
[Close] \
###Create file handle = 0x000001FD8454AB80, eventID = 0056, event Info = 0x000001FD8454B390
[ZwCreateFile] \
Dokan Information: DokanEndDispatchCreate() status = 0, file handle = 0x000001FD8454AB80, eventID = 0056, result = 0x1
Dokan Information: SendAndPullEventInformation() with NTSTATUS 0x0, context 0x8454ab80, and result object 0x000001FD86371CE0 with size 48
###QueryVolumeInfo file handle = 0x000001FD8454AB80, eventID = 0056, event Info = 0x000001FD8454B390
[GetVolumeInformation]
Dokan Information: SendAndPullEventInformation() with NTSTATUS 0x0, context 0x8454ab80, and result object 0x000001FD86371CE0 with size 64
###GetFileInfo file handle = 0x000001FD8454AB80, eventID = 0056, event Info = 0x000001FD8454B390
	result =  0
	FileAllInformation
	DispatchQueryInformation result =  0
Dokan Information: SendAndPullEventInformation() with NTSTATUS 0x0, context 0x8454ab80, and result object 0x000001FD86371CE0 with size 140
###Cleanup file handle = 0x000001FD8454AB80, eventID = 0056, event Info = 0x000001FD8454B390
Dokan Information: SendAndPullEventInformation() with NTSTATUS 0x0, context 0x8454ab80, and result object 0x000001FD86371CE0 with size 48
###Close file handle = 0x000001FD8454AB80, eventID = 0056, event Info = 0x000001FD8454B390
[Close] \
###Create file handle = 0x000001FD8454A700, eventID = 0057, event Info = 0x000001FD84572B80
[ZwCreateFile] \
Dokan Information: DokanEndDispatchCreate() status = 0, file handle = 0x000001FD8454A700, eventID = 0057, result = 0x1
Dokan Information: SendAndPullEventInformation() with NTSTATUS 0x0, context 0x8454a700, and result object 0x000001FD86371CE0 with size 48
###QueryVolumeInfo file handle = 0x000001FD8454A700, eventID = 0057, event Info = 0x000001FD84572B80
[GetVolumeInformation]
Dokan Information: SendAndPullEventInformation() with NTSTATUS 0x0, context 0x8454a700, and result object 0x000001FD86371CE0 with size 64
###GetFileInfo file handle = 0x000001FD8454A700, eventID = 0057, event Info = 0x000001FD84572B80
	result =  0
	FileAllInformation
	DispatchQueryInformation result =  0
Dokan Information: SendAndPullEventInformation() with NTSTATUS 0x0, context 0x8454a700, and result object 0x000001FD86371CE0 with size 140
###Cleanup file handle = 0x000001FD8454A700, eventID = 0057, event Info = 0x000001FD84572B80
Dokan Information: SendAndPullEventInformation() with NTSTATUS 0x0, context 0x8454a700, and result object 0x000001FD86371CE0 with size 48
###Close file handle = 0x000001FD8454A700, eventID = 0057, event Info = 0x000001FD84572B80
[Close] \
###Create file handle = 0x000001FD8454AB80, eventID = 0058, event Info = 0x000001FD8454B390
[ZwCreateFile] \
Dokan Information: DokanEndDispatchCreate() status = 0, file handle = 0x000001FD8454AB80, eventID = 0058, result = 0x1
Dokan Information: SendAndPullEventInformation() with NTSTATUS 0x0, context 0x8454ab80, and result object 0x000001FD86371CE0 with size 48
###QueryVolumeInfo file handle = 0x000001FD8454AB80, eventID = 0058, event Info = 0x000001FD8454B390
[GetVolumeInformation]
Dokan Information: SendAndPullEventInformation() with NTSTATUS 0x0, context 0x8454ab80, and result object 0x000001FD86371CE0 with size 64
###GetFileInfo file handle = 0x000001FD8454AB80, eventID = 0058, event Info = 0x000001FD8454B390
	result =  0
	FileAllInformation
	DispatchQueryInformation result =  0
Dokan Information: SendAndPullEventInformation() with NTSTATUS 0x0, context 0x8454ab80, and result object 0x000001FD86371CE0 with size 140
###Cleanup file handle = 0x000001FD8454AB80, eventID = 0058, event Info = 0x000001FD8454B390
Dokan Information: SendAndPullEventInformation() with NTSTATUS 0x0, context 0x8454ab80, and result object 0x000001FD86371CE0 with size 48
###Close file handle = 0x000001FD8454AB80, eventID = 0058, event Info = 0x000001FD8454B390
[Close] \
###Create file handle = 0x000001FD8454A700, eventID = 0059, event Info = 0x000001FD84572B80
[ZwCreateFile] \
Dokan Information: DokanEndDispatchCreate() status = 0, file handle = 0x000001FD8454A700, eventID = 0059, result = 0x1
Dokan Information: SendAndPullEventInformation() with NTSTATUS 0x0, context 0x8454a700, and result object 0x000001FD86371CE0 with size 48
###QueryVolumeInfo file handle = 0x000001FD8454A700, eventID = 0059, event Info = 0x000001FD84572B80
[GetVolumeInformation]
Dokan Information: SendAndPullEventInformation() with NTSTATUS 0x0, context 0x8454a700, and result object 0x000001FD86371CE0 with size 64
###GetFileInfo file handle = 0x000001FD8454A700, eventID = 0059, event Info = 0x000001FD84572B80
	result =  0
	FileAllInformation
	DispatchQueryInformation result =  0
Dokan Information: SendAndPullEventInformation() with NTSTATUS 0x0, context 0x8454a700, and result object 0x000001FD86371CE0 with size 140
###Cleanup file handle = 0x000001FD8454A700, eventID = 0059, event Info = 0x000001FD84572B80
Dokan Information: SendAndPullEventInformation() with NTSTATUS 0x0, context 0x8454a700, and result object 0x000001FD86371CE0 with size 48
###Close file handle = 0x000001FD8454A700, eventID = 0059, event Info = 0x000001FD84572B80
[Close] \
###Create file handle = 0x000001FD8454AB80, eventID = 0060, event Info = 0x000001FD8454B390
[ZwCreateFile] \
Dokan Information: DokanEndDispatchCreate() status = 0, file handle = 0x000001FD8454AB80, eventID = 0060, result = 0x1
Dokan Information: SendAndPullEventInformation() with NTSTATUS 0x0, context 0x8454ab80, and result object 0x000001FD86371CE0 with size 48
###QueryVolumeInfo file handle = 0x000001FD8454AB80, eventID = 0060, event Info = 0x000001FD8454B390
[GetVolumeInformation]
Dokan Information: SendAndPullEventInformation() with NTSTATUS 0x0, context 0x8454ab80, and result object 0x000001FD86371CE0 with size 64
###GetFileInfo file handle = 0x000001FD8454AB80, eventID = 0060, event Info = 0x000001FD8454B390
	result =  0
	FileAllInformation
	DispatchQueryInformation result =  0
Dokan Information: SendAndPullEventInformation() with NTSTATUS 0x0, context 0x8454ab80, and result object 0x000001FD86371CE0 with size 140
###Cleanup file handle = 0x000001FD8454AB80, eventID = 0060, event Info = 0x000001FD8454B390
Dokan Information: SendAndPullEventInformation() with NTSTATUS 0x0, context 0x8454ab80, and result object 0x000001FD86371CE0 with size 48
###Close file handle = 0x000001FD8454AB80, eventID = 0060, event Info = 0x000001FD8454B390
[Close] \
###Create file handle = 0x000001FD8454A700, eventID = 0061, event Info = 0x000001FD84572B80
[ZwCreateFile] \
Dokan Information: DokanEndDispatchCreate() status = 0, file handle = 0x000001FD8454A700, eventID = 0061, result = 0x1
Dokan Information: SendAndPullEventInformation() with NTSTATUS 0x0, context 0x8454a700, and result object 0x000001FD86371CE0 with size 48
###QueryVolumeInfo file handle = 0x000001FD8454A700, eventID = 0061, event Info = 0x000001FD84572B80
[GetVolumeInformation]
Dokan Information: SendAndPullEventInformation() with NTSTATUS 0x0, context 0x8454a700, and result object 0x000001FD86371CE0 with size 64
###GetFileInfo file handle = 0x000001FD8454A700, eventID = 0061, event Info = 0x000001FD84572B80
	result =  0
	FileAllInformation
	DispatchQueryInformation result =  0
Dokan Information: SendAndPullEventInformation() with NTSTATUS 0x0, context 0x8454a700, and result object 0x000001FD86371CE0 with size 140
###Cleanup file handle = 0x000001FD8454A700, eventID = 0061, event Info = 0x000001FD84572B80
Dokan Information: SendAndPullEventInformation() with NTSTATUS 0x0, context 0x8454a700, and result object 0x000001FD86371CE0 with size 48
###Close file handle = 0x000001FD8454A700, eventID = 0061, event Info = 0x000001FD84572B80
###Create file handle = 0x000001FD8454AB80, eventID = 0062, event Info = 0x000001FD8454B390
[Close] \
[ZwCreateFile] \
Dokan Information: DokanEndDispatchCreate() status = 0, file handle = 0x000001FD8454AB80, eventID = 0062, result = 0x1
Dokan Information: SendAndPullEventInformation() with NTSTATUS 0x0, context 0x8454ab80, and result object 0x000001FD86371CE0 with size 48
###QueryVolumeInfo file handle = 0x000001FD8454AB80, eventID = 0062, event Info = 0x000001FD8454B390
[GetVolumeInformation]
Dokan Information: SendAndPullEventInformation() with NTSTATUS 0x0, context 0x8454ab80, and result object 0x000001FD86371CE0 with size 64
###GetFileInfo file handle = 0x000001FD8454AB80, eventID = 0062, event Info = 0x000001FD8454B390
	result =  0
	FileAllInformation
	DispatchQueryInformation result =  0
Dokan Information: SendAndPullEventInformation() with NTSTATUS 0x0, context 0x8454ab80, and result object 0x000001FD86371CE0 with size 140
###Cleanup file handle = 0x000001FD8454AB80, eventID = 0062, event Info = 0x000001FD8454B390
Dokan Information: SendAndPullEventInformation() with NTSTATUS 0x0, context 0x8454ab80, and result object 0x000001FD86371CE0 with size 48
###Close file handle = 0x000001FD8454AB80, eventID = 0062, event Info = 0x000001FD8454B390
###Create file handle = 0x000001FD8454A700, eventID = 0063, event Info = 0x000001FD84572B80
[Close] \
[ZwCreateFile] \
Dokan Information: DokanEndDispatchCreate() status = 0, file handle = 0x000001FD8454A700, eventID = 0063, result = 0x1
Dokan Information: SendAndPullEventInformation() with NTSTATUS 0x0, context 0x8454a700, and result object 0x000001FD86371CE0 with size 48
###QueryVolumeInfo file handle = 0x000001FD8454A700, eventID = 0063, event Info = 0x000001FD84572B80
[GetVolumeInformation]
Dokan Information: SendAndPullEventInformation() with NTSTATUS 0x0, context 0x8454a700, and result object 0x000001FD86371CE0 with size 64
###GetFileInfo file handle = 0x000001FD8454A700, eventID = 0063, event Info = 0x000001FD84572B80
	result =  0
	FileAllInformation
	DispatchQueryInformation result =  0
Dokan Information: SendAndPullEventInformation() with NTSTATUS 0x0, context 0x8454a700, and result object 0x000001FD86371CE0 with size 140
###Cleanup file handle = 0x000001FD8454A700, eventID = 0063, event Info = 0x000001FD84572B80
Dokan Information: SendAndPullEventInformation() with NTSTATUS 0x0, context 0x8454a700, and result object 0x000001FD86371CE0 with size 48
###Close file handle = 0x000001FD8454A700, eventID = 0063, event Info = 0x000001FD84572B80
[Close] \
###Create file handle = 0x000001FD8454AB80, eventID = 0064, event Info = 0x000001FD8454B390
[ZwCreateFile] \
Dokan Information: DokanEndDispatchCreate() status = 0, file handle = 0x000001FD8454AB80, eventID = 0064, result = 0x1
Dokan Information: SendAndPullEventInformation() with NTSTATUS 0x0, context 0x8454ab80, and result object 0x000001FD86371CE0 with size 48
###QueryVolumeInfo file handle = 0x000001FD8454AB80, eventID = 0064, event Info = 0x000001FD8454B390
[GetVolumeInformation]
Dokan Information: SendAndPullEventInformation() with NTSTATUS 0x0, context 0x8454ab80, and result object 0x000001FD86371CE0 with size 64
###GetFileInfo file handle = 0x000001FD8454AB80, eventID = 0064, event Info = 0x000001FD8454B390
	result =  0
	FileAllInformation
	DispatchQueryInformation result =  0
Dokan Information: SendAndPullEventInformation() with NTSTATUS 0x0, context 0x8454ab80, and result object 0x000001FD86371CE0 with size 140
###Cleanup file handle = 0x000001FD8454AB80, eventID = 0064, event Info = 0x000001FD8454B390
Dokan Information: SendAndPullEventInformation() with NTSTATUS 0x0, context 0x8454ab80, and result object 0x000001FD86371CE0 with size 48
###Close file handle = 0x000001FD8454AB80, eventID = 0064, event Info = 0x000001FD8454B390
[Close] \
###Create file handle = 0x000001FD8454A700, eventID = 0065, event Info = 0x000001FD84572B80
[ZwCreateFile] \
Dokan Information: DokanEndDispatchCreate() status = 0, file handle = 0x000001FD8454A700, eventID = 0065, result = 0x1
Dokan Information: SendAndPullEventInformation() with NTSTATUS 0x0, context 0x8454a700, and result object 0x000001FD86371CE0 with size 48
###QueryVolumeInfo file handle = 0x000001FD8454A700, eventID = 0065, event Info = 0x000001FD84572B80
[GetVolumeInformation]
Dokan Information: SendAndPullEventInformation() with NTSTATUS 0x0, context 0x8454a700, and result object 0x000001FD86371CE0 with size 64
###GetFileInfo file handle = 0x000001FD8454A700, eventID = 0065, event Info = 0x000001FD84572B80
	result =  0
	FileAllInformation
	DispatchQueryInformation result =  0
Dokan Information: SendAndPullEventInformation() with NTSTATUS 0x0, context 0x8454a700, and result object 0x000001FD86371CE0 with size 140
###Cleanup file handle = 0x000001FD8454A700, eventID = 0065, event Info = 0x000001FD84572B80
Dokan Information: SendAndPullEventInformation() with NTSTATUS 0x0, context 0x8454a700, and result object 0x000001FD86371CE0 with size 48
###Close file handle = 0x000001FD8454A700, eventID = 0065, event Info = 0x000001FD84572B80
[Close] \
###Create file handle = 0x000001FD8454A700, eventID = 0066, event Info = 0x000001FD8454B390
[ZwCreateFile] \
Dokan Information: DokanEndDispatchCreate() status = 0, file handle = 0x000001FD8454A700, eventID = 0066, result = 0x1
Dokan Information: SendAndPullEventInformation() with NTSTATUS 0x0, context 0x8454a700, and result object 0x000001FD86371CE0 with size 48
###QueryVolumeInfo file handle = 0x000001FD8454A700, eventID = 0066, event Info = 0x000001FD8454B390
[GetVolumeInformation]
Dokan Information: SendAndPullEventInformation() with NTSTATUS 0x0, context 0x8454a700, and result object 0x000001FD86371CE0 with size 64
###GetFileInfo file handle = 0x000001FD8454A700, eventID = 0066, event Info = 0x000001FD8454B390
	result =  0
	FileAllInformation
	DispatchQueryInformation result =  0
Dokan Information: SendAndPullEventInformation() with NTSTATUS 0x0, context 0x8454a700, and result object 0x000001FD86371CE0 with size 140
###Cleanup file handle = 0x000001FD8454A700, eventID = 0066, event Info = 0x000001FD8454B390
Dokan Information: SendAndPullEventInformation() with NTSTATUS 0x0, context 0x8454a700, and result object 0x000001FD86371CE0 with size 48
###Close file handle = 0x000001FD8454A700, eventID = 0066, event Info = 0x000001FD8454B390
[Close] \
###Create file handle = 0x000001FD8454AB80, eventID = 0067, event Info = 0x000001FD84572B80
[ZwCreateFile] \
Dokan Information: DokanEndDispatchCreate() status = 0, file handle = 0x000001FD8454AB80, eventID = 0067, result = 0x1
Dokan Information: SendAndPullEventInformation() with NTSTATUS 0x0, context 0x8454ab80, and result object 0x000001FD86371CE0 with size 48
###QueryVolumeInfo file handle = 0x000001FD8454AB80, eventID = 0067, event Info = 0x000001FD84572B80
[GetVolumeInformation]
Dokan Information: SendAndPullEventInformation() with NTSTATUS 0x0, context 0x8454ab80, and result object 0x000001FD86371CE0 with size 64
###GetFileInfo file handle = 0x000001FD8454AB80, eventID = 0067, event Info = 0x000001FD84572B80
	result =  0
	FileAllInformation
	DispatchQueryInformation result =  0
Dokan Information: SendAndPullEventInformation() with NTSTATUS 0x0, context 0x8454ab80, and result object 0x000001FD86371CE0 with size 140
###Cleanup file handle = 0x000001FD8454AB80, eventID = 0067, event Info = 0x000001FD84572B80
Dokan Information: SendAndPullEventInformation() with NTSTATUS 0x0, context 0x8454ab80, and result object 0x000001FD86371CE0 with size 48
###Close file handle = 0x000001FD8454AB80, eventID = 0067, event Info = 0x000001FD84572B80
[Close] \
###Create file handle = 0x000001FD8454A700, eventID = 0068, event Info = 0x000001FD8454B390
[ZwCreateFile] \
Dokan Information: DokanEndDispatchCreate() status = 0, file handle = 0x000001FD8454A700, eventID = 0068, result = 0x1
Dokan Information: SendAndPullEventInformation() with NTSTATUS 0x0, context 0x8454a700, and result object 0x000001FD86371CE0 with size 48
###QueryVolumeInfo file handle = 0x000001FD8454A700, eventID = 0068, event Info = 0x000001FD8454B390
[GetVolumeInformation]
Dokan Information: SendAndPullEventInformation() with NTSTATUS 0x0, context 0x8454a700, and result object 0x000001FD86371CE0 with size 64
###GetFileInfo file handle = 0x000001FD8454A700, eventID = 0068, event Info = 0x000001FD8454B390
	result =  0
	FileAllInformation
	DispatchQueryInformation result =  0
Dokan Information: SendAndPullEventInformation() with NTSTATUS 0x0, context 0x8454a700, and result object 0x000001FD86371CE0 with size 140
###Cleanup file handle = 0x000001FD8454A700, eventID = 0068, event Info = 0x000001FD8454B390
Dokan Information: SendAndPullEventInformation() with NTSTATUS 0x0, context 0x8454a700, and result object 0x000001FD86371CE0 with size 48
###Close file handle = 0x000001FD8454A700, eventID = 0068, event Info = 0x000001FD8454B390
[Close] \
###Create file handle = 0x000001FD8454AB80, eventID = 0069, event Info = 0x000001FD84572B80
[ZwCreateFile] \
Dokan Information: DokanEndDispatchCreate() status = 0, file handle = 0x000001FD8454AB80, eventID = 0069, result = 0x1
Dokan Information: SendAndPullEventInformation() with NTSTATUS 0x0, context 0x8454ab80, and result object 0x000001FD86371CE0 with size 48
###QueryVolumeInfo file handle = 0x000001FD8454AB80, eventID = 0069, event Info = 0x000001FD84572B80
[GetVolumeInformation]
Dokan Information: SendAndPullEventInformation() with NTSTATUS 0x0, context 0x8454ab80, and result object 0x000001FD86371CE0 with size 64
###GetFileInfo file handle = 0x000001FD8454AB80, eventID = 0069, event Info = 0x000001FD84572B80
	result =  0
	FileAllInformation
	DispatchQueryInformation result =  0
Dokan Information: SendAndPullEventInformation() with NTSTATUS 0x0, context 0x8454ab80, and result object 0x000001FD86371CE0 with size 140
###Cleanup file handle = 0x000001FD8454AB80, eventID = 0069, event Info = 0x000001FD84572B80
Dokan Information: SendAndPullEventInformation() with NTSTATUS 0x0, context 0x8454ab80, and result object 0x000001FD86371CE0 with size 48
###Close file handle = 0x000001FD8454AB80, eventID = 0069, event Info = 0x000001FD84572B80
[Close] \
###Create file handle = 0x000001FD8454A700, eventID = 0070, event Info = 0x000001FD8454B390
[ZwCreateFile] \
Dokan Information: DokanEndDispatchCreate() status = 0, file handle = 0x000001FD8454A700, eventID = 0070, result = 0x1
Dokan Information: SendAndPullEventInformation() with NTSTATUS 0x0, context 0x8454a700, and result object 0x000001FD86371CE0 with size 48
###QueryVolumeInfo file handle = 0x000001FD8454A700, eventID = 0070, event Info = 0x000001FD8454B390
[GetVolumeInformation]
Dokan Information: SendAndPullEventInformation() with NTSTATUS 0x0, context 0x8454a700, and result object 0x000001FD86371CE0 with size 64
###GetFileInfo file handle = 0x000001FD8454A700, eventID = 0070, event Info = 0x000001FD8454B390
	result =  0
	FileAllInformation
	DispatchQueryInformation result =  0
Dokan Information: SendAndPullEventInformation() with NTSTATUS 0x0, context 0x8454a700, and result object 0x000001FD86371CE0 with size 140
###Cleanup file handle = 0x000001FD8454A700, eventID = 0070, event Info = 0x000001FD8454B390
Dokan Information: SendAndPullEventInformation() with NTSTATUS 0x0, context 0x8454a700, and result object 0x000001FD86371CE0 with size 48
###Close file handle = 0x000001FD8454A700, eventID = 0070, event Info = 0x000001FD8454B390
[Close] \
###Create file handle = 0x000001FD8454A700, eventID = 0071, event Info = 0x000001FD8454B390
[ZwCreateFile] \
Dokan Information: DokanEndDispatchCreate() status = 0, file handle = 0x000001FD8454A700, eventID = 0071, result = 0x1
Dokan Information: SendAndPullEventInformation() with NTSTATUS 0x0, context 0x8454a700, and result object 0x000001FD86371CE0 with size 48
###GetFileInfo file handle = 0x000001FD8454A700, eventID = 0071, event Info = 0x000001FD8454B390
	result =  0
	FileStandardInformation
	DispatchQueryInformation result =  0
Dokan Information: SendAndPullEventInformation() with NTSTATUS 0x0, context 0x8454a700, and result object 0x000001FD86371CE0 with size 64
###QueryVolumeInfo file handle = 0x000001FD8454A700, eventID = 0071, event Info = 0x000001FD8454B390
[GetVolumeInformation]
Dokan Information: SendAndPullEventInformation() with NTSTATUS 0x0, context 0x8454a700, and result object 0x000001FD86371CE0 with size 74
###QueryVolumeInfo file handle = 0x000001FD8454A700, eventID = 0071, event Info = 0x000001FD8454B390
[GetVolumeInformation]
Dokan Information: SendAndPullEventInformation() with NTSTATUS 0x0, context 0x8454a700, and result object 0x000001FD86371CE0 with size 68
###Cleanup file handle = 0x000001FD8454A700, eventID = 0071, event Info = 0x000001FD8454B390
Dokan Information: SendAndPullEventInformation() with NTSTATUS 0x0, context 0x8454a700, and result object 0x000001FD86371CE0 with size 48
###Close file handle = 0x000001FD8454A700, eventID = 0071, event Info = 0x000001FD8454B390
[Close] \
###Create file handle = 0x000001FD8454AB80, eventID = 0072, event Info = 0x000001FD84572B80
[ZwCreateFile] \
Dokan Information: DokanEndDispatchCreate() status = 0, file handle = 0x000001FD8454AB80, eventID = 0072, result = 0x1
Dokan Information: SendAndPullEventInformation() with NTSTATUS 0x0, context 0x8454ab80, and result object 0x000001FD86371CE0 with size 48
###GetFileInfo file handle = 0x000001FD8454AB80, eventID = 0072, event Info = 0x000001FD84572B80
	result =  0
	FileNetworkOpenInformation
	DispatchQueryInformation result =  0
Dokan Information: SendAndPullEventInformation() with NTSTATUS 0x0, context 0x8454ab80, and result object 0x000001FD86371CE0 with size 96
###Cleanup file handle = 0x000001FD8454AB80, eventID = 0072, event Info = 0x000001FD84572B80
Dokan Information: SendAndPullEventInformation() with NTSTATUS 0x0, context 0x8454ab80, and result object 0x000001FD86371CE0 with size 48
###Close file handle = 0x000001FD8454AB80, eventID = 0072, event Info = 0x000001FD84572B80
[Close] \
###Create file handle = 0x000001FD8454AB80, eventID = 0073, event Info = 0x000001FD8454B390
[ZwCreateFile] \
Dokan Information: DokanEndDispatchCreate() status = 0, file handle = 0x000001FD8454AB80, eventID = 0073, result = 0x1
Dokan Information: SendAndPullEventInformation() with NTSTATUS 0x0, context 0x8454ab80, and result object 0x000001FD86371CE0 with size 48
###GetFileInfo file handle = 0x000001FD8454AB80, eventID = 0073, event Info = 0x000001FD8454B390
	result =  0
	FileBasicInformation
	DispatchQueryInformation result =  0
Dokan Information: SendAndPullEventInformation() with NTSTATUS 0x0, context 0x8454ab80, and result object 0x000001FD86371CE0 with size 80
###Cleanup file handle = 0x000001FD8454AB80, eventID = 0073, event Info = 0x000001FD8454B390
Dokan Information: SendAndPullEventInformation() with NTSTATUS 0x0, context 0x8454ab80, and result object 0x000001FD86371CE0 with size 48
###Close file handle = 0x000001FD8454AB80, eventID = 0073, event Info = 0x000001FD8454B390
[Close] \
###Create file handle = 0x000001FD8454AB80, eventID = 0074, event Info = 0x000001FD8454B390
[ZwCreateFile] \proj\src
Dokan Information: DokanEndDispatchCreate() status = c0000034, file handle = 0x0000000000000000, eventID = -001, result = 0x5
Dokan Information: SendAndPullEventInformation() with NTSTATUS 0xc0000034, context 0x0, and result object 0x000001FD86371CE0 with size 48
###Create file handle = 0x000001FD8454AB80, eventID = 0075, event Info = 0x000001FD8454B390
[ZwCreateFile] \proj\src
Dokan Information: DokanEndDispatchCreate() status = c0000034, file handle = 0x0000000000000000, eventID = -001, result = 0x5
Dokan Information: SendAndPullEventInformation() with NTSTATUS 0xc0000034, context 0x0, and result object 0x000001FD86371CE0 with size 48
###Create file handle = 0x000001FD8454AB80, eventID = 0076, event Info = 0x000001FD8454B390
[ZwCreateFile] \proj
Dokan Information: DokanEndDispatchCreate() status = c0000034, file handle = 0x0000000000000000, eventID = -001, result = 0x5
Dokan Information: SendAndPullEventInformation() with NTSTATUS 0xc0000034, context 0x0, and result object 0x000001FD86371CE0 with size 48
###Create file handle = 0x000001FD8454AB80, eventID = 0077, event Info = 0x000001FD8454B390
[ZwCreateFile] \
Dokan Information: DokanEndDispatchCreate() status = 0, file handle = 0x000001FD8454AB80, eventID = 0077, result = 0x1
Dokan Information: SendAndPullEventInformation() with NTSTATUS 0x0, context 0x8454ab80, and result object 0x000001FD86371CE0 with size 48
###FindFiles file handle = 0x000001FD8454AB80, eventID = 0077, event Info = 0x000001FD8454B390
WriteDirectoryResults() New directory index is -1.
  STATUS_NO_SUCH_FILE
Dokan Information: SendAndPullEventInformation() with NTSTATUS 0xc000000f, context 0x8454ab80, and result object 0x000001FD86371CE0 with size 48
###Cleanup file handle = 0x000001FD8454AB80, eventID = 0077, event Info = 0x000001FD8454B390
Dokan Information: SendAndPullEventInformation() with NTSTATUS 0x0, context 0x8454ab80, and result object 0x000001FD86371CE0 with size 48
###Close file handle = 0x000001FD8454AB80, eventID = 0077, event Info = 0x000001FD8454B390
[Close] \
###Create file handle = 0x000001FD8454A700, eventID = 0078, event Info = 0x000001FD84572B80
[ZwCreateFile] \proj
Dokan Information: DokanEndDispatchCreate() status = 0, file handle = 0x000001FD8454A700, eventID = 0078, result = 0x2
Dokan Information: SendAndPullEventInformation() with NTSTATUS 0x0, context 0x8454a700, and result object 0x000001FD86371CE0 with size 48
###GetFileInfo file handle = 0x000001FD8454A700, eventID = 0078, event Info = 0x000001FD84572B80
	result =  0
	FileStandardInformation
	DispatchQueryInformation result =  0
Dokan Information: SendAndPullEventInformation() with NTSTATUS 0x0, context 0x8454a700, and result object 0x000001FD86371CE0 with size 64
###GetFileInfo file handle = 0x000001FD8454A700, eventID = 0078, event Info = 0x000001FD84572B80
	result =  0
	FileBasicInformation
	DispatchQueryInformation result =  0
Dokan Information: SendAndPullEventInformation() with NTSTATUS 0x0, context 0x8454a700, and result object 0x000001FD86371CE0 with size 80
###Cleanup file handle = 0x000001FD8454A700, eventID = 0078, event Info = 0x000001FD84572B80
Dokan Information: SendAndPullEventInformation() with NTSTATUS 0x0, context 0x8454a700, and result object 0x000001FD86371CE0 with size 48
###Close file handle = 0x000001FD8454A700, eventID = 0078, event Info = 0x000001FD84572B80
[Close] \proj
###Create file handle = 0x000001FD8454AB80, eventID = 0079, event Info = 0x000001FD8454B390
[ZwCreateFile] \proj
Dokan Information: DokanEndDispatchCreate() status = 0, file handle = 0x000001FD8454AB80, eventID = 0079, result = 0x1
Dokan Information: SendAndPullEventInformation() with NTSTATUS 0x0, context 0x8454ab80, and result object 0x000001FD86371CE0 with size 48
###FindFiles file handle = 0x000001FD8454AB80, eventID = 0079, event Info = 0x000001FD8454B390
WriteDirectoryResults() New directory index is -1.
  STATUS_NO_SUCH_FILE
Dokan Information: SendAndPullEventInformation() with NTSTATUS 0xc000000f, context 0x8454ab80, and result object 0x000001FD86371CE0 with size 48
###Cleanup file handle = 0x000001FD8454AB80, eventID = 0079, event Info = 0x000001FD8454B390
Dokan Information: SendAndPullEventInformation() with NTSTATUS 0x0, context 0x8454ab80, and result object 0x000001FD86371CE0 with size 48
###Close file handle = 0x000001FD8454AB80, eventID = 0079, event Info = 0x000001FD8454B390
[Close] \proj
###Create file handle = 0x000001FD8454A700, eventID = 0080, event Info = 0x000001FD84572B80
[ZwCreateFile] \proj\src
Dokan Information: DokanEndDispatchCreate() status = 0, file handle = 0x000001FD8454A700, eventID = 0080, result = 0x2
Dokan Information: SendAndPullEventInformation() with NTSTATUS 0x0, context 0x8454a700, and result object 0x000001FD86371CE0 with size 48
###GetFileInfo file handle = 0x000001FD8454A700, eventID = 0080, event Info = 0x000001FD84572B80
	result =  0
	FileStandardInformation
	DispatchQueryInformation result =  0
Dokan Information: SendAndPullEventInformation() with NTSTATUS 0x0, context 0x8454a700, and result object 0x000001FD86371CE0 with size 64
###GetFileInfo file handle = 0x000001FD8454A700, eventID = 0080, event Info = 0x000001FD84572B80
	result =  0
	FileBasicInformation
	DispatchQueryInformation result =  0
Dokan Information: SendAndPullEventInformation() with NTSTATUS 0x0, context 0x8454a700, and result object 0x000001FD86371CE0 with size 80
###Cleanup file handle = 0x000001FD8454A700, eventID = 0080, event Info = 0x000001FD84572B80
Dokan Information: SendAndPullEventInformation() with NTSTATUS 0x0, context 0x8454a700, and result object 0x000001FD86371CE0 with size 48
###Close file handle = 0x000001FD8454A700, eventID = 0080, event Info = 0x000001FD84572B80
[Close] \proj\src
###Create file handle = 0x000001FD8454A700, eventID = 0081, event Info = 0x000001FD8454B390
[ZwCreateFile] \proj\src\util
Dokan Information: DokanEndDispatchCreate() status = c0000034, file handle = 0x0000000000000000, eventID = -001, result = 0x5
Dokan Information: SendAndPullEventInformation() with NTSTATUS 0xc0000034, context 0x0, and result object 0x000001FD86371CE0 with size 48
###Create file handle = 0x000001FD8454A700, eventID = 0082, event Info = 0x000001FD8454B390
[ZwCreateFile] \proj\src\util
Dokan Information: DokanEndDispatchCreate() status = c0000034, file handle = 0x0000000000000000, eventID = -001, result = 0x5
Dokan Information: SendAndPullEventInformation() with NTSTATUS 0xc0000034, context 0x0, and result object 0x000001FD86371CE0 with size 48
###Create file handle = 0x000001FD8454A700, eventID = 0083, event Info = 0x000001FD8454B390
[ZwCreateFile] \proj\src
Dokan Information: DokanEndDispatchCreate() status = 0, file handle = 0x000001FD8454A700, eventID = 0083, result = 0x1
Dokan Information: SendAndPullEventInformation() with NTSTATUS 0x0, context 0x8454a700, and result object 0x000001FD86371CE0 with size 48
###GetFileInfo file handle = 0x000001FD8454A700, eventID = 0083, event Info = 0x000001FD8454B390
	result =  0
	FileNetworkOpenInformation
	DispatchQueryInformation result =  0
Dokan Information: SendAndPullEventInformation() with NTSTATUS 0x0, context 0x8454a700, and result object 0x000001FD86371CE0 with size 96
###Cleanup file handle = 0x000001FD8454A700, eventID = 0083, event Info = 0x000001FD8454B390
Dokan Information: SendAndPullEventInformation() with NTSTATUS 0x0, context 0x8454a700, and result object 0x000001FD86371CE0 with size 48
###Close file handle = 0x000001FD8454A700, eventID = 0083, event Info = 0x000001FD8454B390
[Close] \proj\src
###Create file handle = 0x000001FD8454AB80, eventID = 0084, event Info = 0x000001FD84572B80
[ZwCreateFile] \proj\src
Dokan Information: DokanEndDispatchCreate() status = 0, file handle = 0x000001FD8454AB80, eventID = 0084, result = 0x1
Dokan Information: SendAndPullEventInformation() with NTSTATUS 0x0, context 0x8454ab80, and result object 0x000001FD86371CE0 with size 48
###FindFiles file handle = 0x000001FD8454AB80, eventID = 0084, event Info = 0x000001FD84572B80
WriteDirectoryResults() New directory index is -1.
  STATUS_NO_SUCH_FILE
Dokan Information: SendAndPullEventInformation() with NTSTATUS 0xc000000f, context 0x8454ab80, and result object 0x000001FD86371CE0 with size 48
###Cleanup file handle = 0x000001FD8454AB80, eventID = 0084, event Info = 0x000001FD84572B80
Dokan Information: SendAndPullEventInformation() with NTSTATUS 0x0, context 0x8454ab80, and result object 0x000001FD86371CE0 with size 48
###Close file handle = 0x000001FD8454AB80, eventID = 0084, event Info = 0x000001FD84572B80
###Create file handle = 0x000001FD8454A700, eventID = 0085, event Info = 0x000001FD8454B390
[Close] \proj\src
[ZwCreateFile] \proj\src\util
Dokan Information: DokanEndDispatchCreate() status = 0, file handle = 0x000001FD8454A700, eventID = 0085, result = 0x2
Dokan Information: SendAndPullEventInformation() with NTSTATUS 0x0, context 0x8454a700, and result object 0x000001FD86371CE0 with size 48
###GetFileInfo file handle = 0x000001FD8454A700, eventID = 0085, event Info = 0x000001FD8454B390
	result =  0
	FileStandardInformation
	DispatchQueryInformation result =  0
Dokan Information: SendAndPullEventInformation() with NTSTATUS 0x0, context 0x8454a700, and result object 0x000001FD86371CE0 with size 64
###GetFileInfo file handle = 0x000001FD8454A700, eventID = 0085, event Info = 0x000001FD8454B390
	result =  0
	FileBasicInformation
	DispatchQueryInformation result =  0
Dokan Information: SendAndPullEventInformation() with NTSTATUS 0x0, context 0x8454a700, and result object 0x000001FD86371CE0 with size 80
###Cleanup file handle = 0x000001FD8454A700, eventID = 0085, event Info = 0x000001FD8454B390
Dokan Information: SendAndPullEventInformation() with NTSTATUS 0x0, context 0x8454a700, and result object 0x000001FD86371CE0 with size 48
###Close file handle = 0x000001FD8454A700, eventID = 0085, event Info = 0x000001FD8454B390
[Close] \proj\src\util
###Create file handle = 0x000001FD8454A700, eventID = 0086, event Info = 0x000001FD8454B390
[ZwCreateFile] \proj\src
Dokan Information: DokanEndDispatchCreate() status = 0, file handle = 0x000001FD8454A700, eventID = 0086, result = 0x1
Dokan Information: SendAndPullEventInformation() with NTSTATUS 0x0, context 0x8454a700, and result object 0x000001FD86371CE0 with size 48
###FindFiles file handle = 0x000001FD8454A700, eventID = 0086, event Info = 0x000001FD8454B390
FileMatch? : util (main.c,0,0)
WriteDirectoryResults() New directory index is -1.
  STATUS_NO_SUCH_FILE
Dokan Information: SendAndPullEventInformation() with NTSTATUS 0xc000000f, context 0x8454a700, and result object 0x000001FD86371CE0 with size 48
###Cleanup file handle = 0x000001FD8454A700, eventID = 0086, event Info = 0x000001FD8454B390
Dokan Information: SendAndPullEventInformation() with NTSTATUS 0x0, context 0x8454a700, and result object 0x000001FD86371CE0 with size 48
###Close file handle = 0x000001FD8454A700, eventID = 0086, event Info = 0x000001FD8454B390
[Close###Create file handle = 0x000001FD8454AB80, eventID = 0087, event Info = 0x000001FD84572B80
] \proj\src
[ZwCreateFile] \proj\src\main.c
Dokan Information: DokanEndDispatchCreate() status = 0, file handle = 0x000001FD8454AB80, eventID = 0087, result = 0x2
Dokan Information: SendAndPullEventInformation() with NTSTATUS 0x0, context 0x8454ab80, and result object 0x000001FD86371CE0 with size 48
###GetFileInfo file handle = 0x000001FD8454AB80, eventID = 0087, event Info = 0x000001FD84572B80
	result =  c0000034
	DispatchQueryInformation result =  c0000034
Dokan Information: SendAndPullEventInformation() with NTSTATUS 0xc000000d, context 0x8454ab80, and result object 0x000001FD86371CE0 with size 48
###GetFileInfo file handle = 0x000001FD8454AB80, eventID = 0087, event Info = 0x000001FD84572B80
	result =  c0000034
	DispatchQueryInformation result =  c0000034
Dokan Information: SendAndPullEventInformation() with NTSTATUS 0xc000000d, context 0x8454ab80, and result object 0x000001FD86371CE0 with size 48
###GetFileInfo file handle = 0x000001FD8454AB80, eventID = 0087, event Info = 0x000001FD84572B80
	result =  c0000034
	DispatchQueryInformation result =  c0000034
Dokan Information: SendAndPullEventInformation() with NTSTATUS 0xc000000d, context 0x8454ab80, and result object 0x000001FD86371CE0 with size 48
###GetFileInfo file handle = 0x000001FD8454AB80, eventID = 0087, event Info = 0x000001FD84572B80
	result =  c0000034
	DispatchQueryInformation result =  c0000034
Dokan Information: SendAndPullEventInformation() with NTSTATUS 0xc000000d, context 0x8454ab80, and result object 0x000001FD86371CE0 with size 48
###WriteFile file handle = 0x000001FD8454AB80, eventID = 0087, event Info = 0x000001FD84572B80
[Write] off=###GetFileInfo file handle = 0x000001FD8454AB80, eventID = 0087, event Info = 0x000001FD8454B390
0 len=2
	result =  c0000034
	DispatchQueryInformation result =  c0000034
Dokan Information: SendAndPullEventInformation() with NTSTATUS 0x0, context 0x8454ab80, and result object 0x000001FD86371CE0 with size 48
Dokan Information: SendAndPullEventInformation() with NTSTATUS 0xc000000d, context 0x8454ab80, and result object 0x000001FD86372DF0 with size 48
###Cleanup file handle = 0x000001FD8454AB80, eventID = 0087, event Info = 0x000001FD84572B80
Dokan Information: SendAndPullEventInformation() with NTSTATUS 0x0, context 0x8454ab80, and result object 0x000001FD86371CE0 with size 48
###Close file handle = 0x000001FD8454AB80, eventID = 0087, event Info = 0x000001FD84572B80
[Close] \proj\src\main.c
###Create file handle = 0x000001FD8454AB80, eventID = 0088, event Info = 0x000001FD84572B80
[ZwCreateFile] \proj\src\util
Dokan Information: DokanEndDispatchCreate() status = 0, file handle = 0x000001FD8454AB80, eventID = 0088, result = 0x1
Dokan Information: SendAndPullEventInformation() with NTSTATUS 0x0, context 0x8454ab80, and result object 0x000001FD86371CE0 with size 48
###GetFileInfo file handle = 0x000001FD8454AB80, eventID = 0088, event Info = 0x000001FD84572B80
	result =  0
	FileStandardInformation
	DispatchQueryInformation result =  0
Dokan Information: SendAndPullEventInformation() with NTSTATUS 0x0, context 0x8454ab80, and result object 0x000001FD86371CE0 with size 64
###GetFileInfo file handle = 0x000001FD8454AB80, eventID = 0088, event Info = 0x000001FD84572B80
	result =  0
	FileNetworkOpenInformation
	DispatchQueryInformation result =  0
Dokan Information: SendAndPullEventInformation() with NTSTATUS 0x0, context 0x8454ab80, and result object 0x000001FD86371CE0 with size 96
###Cleanup file handle = 0x000001FD8454AB80, eventID = 0088, event Info = 0x000001FD84572B80
Dokan Information: SendAndPullEventInformation() with NTSTATUS 0x0, context 0x8454ab80, and result object 0x000001FD86371CE0 with size 48
###Close file handle = 0x000001FD8454AB80, eventID = 0088, event Info = 0x000001FD84572B80
[Close] \proj\src\util
###Create file handle = 0x000001FD8454AB80, eventID = 0089, event Info = 0x000001FD84572B80
[ZwCreateFile] \
Dokan Information: DokanEndDispatchCreate() status = 0, file handle = 0x000001FD8454AB80, eventID = 0089, result = 0x1
Dokan Information: SendAndPullEventInformation() with NTSTATUS 0x0, context 0x8454ab80, and result object 0x000001FD86371CE0 with size 48
###GetFileInfo file handle = 0x000001FD8454AB80, eventID = 0089, event Info = 0x000001FD84572B80
	result =  0
	FileStandardInformation
	DispatchQueryInformation result =  0
Dokan Information: SendAndPullEventInformation() with NTSTATUS 0x0, context 0x8454ab80, and result object 0x000001FD86371CE0 with size 64
###QueryVolumeInfo file handle = 0x000001FD8454AB80, eventID = 0089, event Info = 0x000001FD84572B80
[GetVolumeInformation]
Dokan Information: SendAndPullEventInformation() with NTSTATUS 0x0, context 0x8454ab80, and result object 0x000001FD86371CE0 with size 74
###QueryVolumeInfo file handle = 0x000001FD8454AB80, eventID = 0089, event Info = 0x000001FD84572B80
[GetVolumeInformation]
Dokan Information: SendAndPullEventInformation() with NTSTATUS 0x0, context 0x8454ab80, and result object 0x000001FD86371CE0 with size 68
###Cleanup file handle = 0x000001FD8454AB80, eventID = 0089, event Info = 0x000001FD84572B80
Dokan Information: SendAndPullEventInformation() with NTSTATUS 0x0, context 0x8454ab80, and result object 0x000001FD86371CE0 with size 48
###Close file handle = 0x000001FD8454AB80, eventID = 0089, event Info = 0x000001FD84572B80
[Close] \
###Create file handle = 0x000001FD8454A700, eventID = 0090, event Info = 0x000001FD8454B390
[ZwCreateFile] \
Dokan Information: DokanEndDispatchCreate() status = 0, file handle = 0x000001FD8454A700, eventID = 0090, result = 0x1
Dokan Information: SendAndPullEventInformation() with NTSTATUS 0x0, context 0x8454a700, and result object 0x000001FD86372DF0 with size 48
###GetFileInfo file handle = 0x000001FD8454A700, eventID = 0090, event Info = 0x000001FD8454B390
	result =  0
	FileNetworkOpenInformation
	DispatchQueryInformation result =  0
Dokan Information: SendAndPullEventInformation() with NTSTATUS 0x0, context 0x8454a700, and result object 0x000001FD86372DF0 with size 96
###Cleanup file handle = 0x000001FD8454A700, eventID = 0090, event Info = 0x000001FD8454B390
Dokan Information: SendAndPullEventInformation() with NTSTATUS 0x0, context 0x8454a700, and result object 0x000001FD86372DF0 with size 48
###Close file handle = 0x000001FD8454A700, eventID = 0090, event Info = 0x000001FD8454B390
[Close] \
###Create file handle = 0x000001FD8454A700, eventID = 0091, event Info = 0x000001FD84572B80
[ZwCreateFile] \
Dokan Information: DokanEndDispatchCreate() status = 0, file handle = 0x000001FD8454A700, eventID = 0091, result = 0x1
Dokan Information: SendAndPullEventInformation() with NTSTATUS 0x0, context 0x8454a700, and result object 0x000001FD86372DF0 with size 48
###GetFileInfo file handle = 0x000001FD8454A700, eventID = 0091, event Info = 0x000001FD84572B80
	result =  0
	FileBasicInformation
	DispatchQueryInformation result =  0
Dokan Information: SendAndPullEventInformation() with NTSTATUS 0x0, context 0x8454a700, and result object 0x000001FD86372DF0 with size 80
###Cleanup file handle = 0x000001FD8454A700, eventID = 0091, event Info = 0x000001FD84572B80
Dokan Information: SendAndPullEventInformation() with NTSTATUS 0x0, context 0x8454a700, and result object 0x000001FD86372DF0 with size 48
###Close file handle = 0x000001FD8454A700, eventID = 0091, event Info = 0x000001FD84572B80
[Close] \
###Create file handle = 0x000001FD8454A700, eventID = 0092, event Info = 0x000001FD84572B80
[ZwCreateFile] \proj\src\util
Dokan Information: DokanEndDispatchCreate() status = 0, file handle = 0x000001FD8454A700, eventID = 0092, result = 0x1
Dokan Information: SendAndPullEventInformation() with NTSTATUS 0x0, context 0x8454a700, and result object 0x000001FD86372DF0 with size 48
###GetFileInfo file handle = 0x000001FD8454A700, eventID = 0092, event Info = 0x000001FD84572B80
	result =  0
	FileStandardInformation
	DispatchQueryInformation result =  0
Dokan Information: SendAndPullEventInformation() with NTSTATUS 0x0, context 0x8454a700, and result object 0x000001FD86372DF0 with size 64
###GetFileInfo file handle = 0x000001FD8454A700, eventID = 0092, event Info = 0x000001FD84572B80
	result =  0
	FileNetworkOpenInformation
	DispatchQueryInformation result =  0
Dokan Information: SendAndPullEventInformation() with NTSTATUS 0x0, context 0x8454a700, and result object 0x000001FD86372DF0 with size 96
###Cleanup file handle = 0x000001FD8454A700, eventID = 0092, event Info = 0x000001FD84572B80
Dokan Information: SendAndPullEventInformation() with NTSTATUS 0x0, context 0x8454a700, and result object 0x000001FD86372DF0 with size 48
###Close file handle = 0x000001FD8454A700, eventID = 0092, event Info = 0x000001FD84572B80
[Close] \proj\src\util
