Dokan: debug mode on
Dokan: use stderr
AllocationUnitSize: 512 SectorSize: 512
Global device opened
Dokan: Using 12 main pull threads with ipc batching: 0
###Create file handle = 0x000001CE2B1483F0, eventID = 0001, event Info = 0x000001CE2B15AB40
[ZwCreateFile] \System Volume Information\MountPointManagerRemoteDatabase
Dokan Information: DokanEndDispatchCreate() status = c0000034, file handle = 0x0000000000000000, eventID = -001, result = 0x5
Dokan Information: SendAndPullEventInformation() with NTSTATUS 0xc0000034, context 0x0, and result object 0x000001CE2B1D7D00 with size 48
###Create file handle = 0x000001CE2B1483F0, eventID = 0002, event Info = 0x000001CE2B15AB40
[ZwCreateFile] \$Extend\$Reparse:$R:$INDEX_ALLOCATION
Dokan Information: DokanEndDispatchCreate() status = c0000034, file handle = 0x0000000000000000, eventID = -001, result = 0x5
Dokan Information: SendAndPullEventInformation() with NTSTATUS 0xc0000034, context 0x0, and result object 0x000001CE2B1D7D00 with size 48
Dokan Information: mounted: Y: -> \Volume{d6cc17c5-176f-4085-bce7-964f1e9f5de9}
[Mounted]
###QueryVolumeInfo file handle = 0x0000000000000000, eventID = -001, event Info = 0x000001CE2B15AB40
[GetVolumeInformation]
Dokan Information: SendAndPullEventInformation() with NTSTATUS 0x0, context 0x0, and result object 0x000001CE2B1D7D00 with size 64
###QueryVolumeInfo file handle = 0x0000000000000000, eventID = -001, event Info = 0x000001CE2B15AB40
[GetVolumeInformation]
Dokan Information: SendAndPullEventInformation() with NTSTATUS 0x80000005, context 0x0, and result object 0x000001CE2B1D7D00 with size 56
###Create file handle = 0x000001CE2B1483F0, eventID = 0003, event Info = 0x000001CE2B15AB40
[ZwCreateFile] \
Dokan Information: DokanEndDispatchCreate() status = 0, file handle = 0x000001CE2B1483F0, eventID = 0003, result = 0x1
Dokan Information: SendAndPullEventInformation() with NTSTATUS 0x0, context 0x2b1483f0, and result object 0x000001CE2B1D7D00 with size 48
###GetFileInfo file handle = 0x000001CE2B1483F0, eventID = 0003, event Info = 0x000001CE2B15AB40
	result =  0
  unknown type:54
	DispatchQueryInformation result =  c000000d
Dokan Information: SendAndPullEventInformation() with NTSTATUS 0xc000000d, context 0x2b1483f0, and result object 0x000001CE2B1D7D00 with size 48
###GetFileInfo file handle = 0x000001CE2B1483F0, eventID = 0003, event Info = 0x000001CE2B15AB40
	result =  0
	FileStandardInformation
	DispatchQueryInformation result =  0
Dokan Information: SendAndPullEventInformation() with NTSTATUS 0x0, context 0x2b1483f0, and result object 0x000001CE2B1D7D00 with size 64
###QueryVolumeInfo file handle = 0x000001CE2B1483F0, eventID = 0003, event Info = 0x000001CE2B15AB40
[GetVolumeInformation]
Dokan Information: SendAndPullEventInformation() with NTSTATUS 0x0, context 0x2b1483f0, and result object 0x000001CE2B1D7D00 with size 74
###Cleanup file handle = 0x000001CE2B1483F0, eventID = 0003, event Info = 0x000001CE2B15AB40
Dokan Information: SendAndPullEventInformation() with NTSTATUS 0x0, context 0x2b1483f0, and result object 0x000001CE2B1D7D00 with size 48
###Close file handle = 0x000001CE2B1483F0, eventID = 0003, event Info = 0x000001CE2B15AB40
[Close] \
###Create file handle = 0x000001CE2B1483F0, eventID = 0004, event Info = 0x000001CE2B15AB40
[ZwCreateFile] \
Dokan Information: DokanEndDispatchCreate() status = 0, file handle = 0x000001CE2B1483F0, eventID = 0004, result = 0x1
Dokan Information: SendAndPullEventInformation() with NTSTATUS 0x0, context 0x2b1483f0, and result object 0x000001CE2B1D7D00 with size 48
###QueryVolumeInfo file handle = 0x000001CE2B1483F0, eventID = 0004, event Info = 0x000001CE2B15AB40
[GetVolumeInformation]
Dokan Information: SendAndPullEventInformation() with NTSTATUS 0x0, context 0x2b1483f0, and result object 0x000001CE2B1D7D00 with size 74
###Cleanup file handle = 0x000001CE2B1483F0, eventID = 0004, event Info = 0x000001CE2B15AB40
Dokan Information: SendAndPullEventInformation() with NTSTATUS 0x0, context 0x2b1483f0, and result object 0x000001CE2B1D7D00 with size 48
###Close file handle = 0x000001CE2B1483F0, eventID = 0004, event Info = 0x000001CE2B15AB40
[Close] \
###Create file handle = 0x000001CE2B1483F0, eventID = 0005, event Info = 0x000001CE2B15A600
[ZwCreateFile] \
Dokan Information: DokanEndDispatchCreate() status = 0, file handle = 0x000001CE2B1483F0, eventID = 0005, result = 0x1
Dokan Information: SendAndPullEventInformation() with NTSTATUS 0x0, context 0x2b1483f0, and result object 0x000001CE2B1D7D00 with size 48
###QueryVolumeInfo file handle = 0x000001CE2B1483F0, eventID = 0005, event Info = 0x000001CE2B15A600
[GetVolumeInformation]
Dokan Information: SendAndPullEventInformation() with NTSTATUS 0x0, context 0x2b1483f0, and result object 0x000001CE2B1D7D00 with size 74
###QueryVolumeInfo file handle = 0x000001CE2B1483F0, eventID = 0005, event Info = 0x000001CE2B15A600
[GetVolumeInformation]
Dokan Information: SendAndPullEventInformation() with NTSTATUS 0x0, context 0x2b1483f0, and result object 0x000001CE2B1D7D00 with size 68
###Cleanup file handle = 0x000001CE2B1483F0, eventID = 0005, event Info = 0x000001CE2B15A600
Dokan Information: SendAndPullEventInformation() with NTSTATUS 0x0, context 0x2b1483f0, and result object 0x000001CE2B1D7D00 with size 48
###Close file handle = 0x000001CE2B1483F0, eventID = 0005, event Info = 0x000001CE2B15A600
[Close] \
###Create file handle = 0x000001CE2B147C70, eventID = 0006, event Info = 0x000001CE2B15A590
[ZwCreateFile] \
Dokan Information: DokanEndDispatchCreate() status = 0, file handle = 0x000001CE2B147C70, eventID = 0006, result = 0x1
Dokan Information: SendAndPullEventInformation() with NTSTATUS 0x0, context 0x2b147c70, and result object 0x000001CE2B1D7D00 with size 48
###QueryVolumeInfo file handle = 0x000001CE2B147C70, eventID = 0006, event Info = 0x000001CE2B15A590
Dokan Information: SendAndPullEventInformation() with NTSTATUS 0x0, context 0x2b147c70, and result object 0x000001CE2B1D7D00 with size 64
###Cleanup file handle = 0x000001CE2B147C70, eventID = 0006, event Info = 0x000001CE2B15A590
Dokan Information: SendAndPullEventInformation() with NTSTATUS 0x0, context 0x2b147c70, and result object 0x000001CE2B1D7D00 with size 48
###Close file handle = 0x000001CE2B147C70, eventID = 0006, event Info = 0x000001CE2B15A590
[Close] \
###Create file handle = 0x000001CE2B1483F0, eventID = 0007, event Info = 0x000001CE2B15A600
[ZwCreateFile] \
Dokan Information: DokanEndDispatchCreate() status = 0, file handle = 0x000001CE2B1483F0, eventID = 0007, result = 0x1
Dokan Information: SendAndPullEventInformation() with NTSTATUS 0x0, context 0x2b1483f0, and result object 0x000001CE2B1D7D00 with size 48
###Cleanup file handle = 0x000001CE2B1483F0, eventID = 0007, event Info = 0x000001CE2B15A600
Dokan Information: SendAndPullEventInformation() with NTSTATUS 0x0, context 0x2b1483f0, and result object 0x000001CE2B1D7D00 with size 48
###Close file handle = 0x000001CE2B1483F0, eventID = 0007, event Info = 0x000001CE2B15A600
[Close] \
###Create file handle = 0x000001CE2B1483F0, eventID = 0008, event Info = 0x000001CE2B15A590
[ZwCreateFile] \
Dokan Information: DokanEndDispatchCreate() status = 0, file handle = 0x000001CE2B1483F0, eventID = 0008, result = 0x1
Dokan Information: SendAndPullEventInformation() with NTSTATUS 0x0, context 0x2b1483f0, and result object 0x000001CE2B1D7D00 with size 48
###QueryVolumeInfo file handle = 0x000001CE2B1483F0, eventID = 0008, event Info = 0x000001CE2B15A590
[GetVolumeInformation]
Dokan Information: SendAndPullEventInformation() with NTSTATUS 0x0, context 0x2b1483f0, and result object 0x000001CE2B1D7D00 with size 64
###GetFileInfo file handle = 0x000001CE2B1483F0, eventID = 0008, event Info = 0x000001CE2B15A590
	result =  0
	FileAllInformation
	DispatchQueryInformation result =  0
Dokan Information: SendAndPullEventInformation() with NTSTATUS 0x0, context 0x2b1483f0, and result object 0x000001CE2B1D7D00 with size 140
###Cleanup file handle = 0x000001CE2B1483F0, eventID = 0008, event Info = 0x000001CE2B15A590
Dokan Information: SendAndPullEventInformation() with NTSTATUS 0x0, context 0x2b1483f0, and result object 0x000001CE2B1D7D00 with size 48
###Close file handle = 0x000001CE2B1483F0, eventID = 0008, event Info = 0x000001CE2B15A590
[Close] \
###Create file handle = 0x000001CE2B147C70, eventID = 0009, event Info = 0x000001CE2B15A600
[ZwCreateFile] \
Dokan Information: DokanEndDispatchCreate() status = 0, file handle = 0x000001CE2B147C70, eventID = 0009, result = 0x1
Dokan Information: SendAndPullEventInformation() with NTSTATUS 0x0, context 0x2b147c70, and result object 0x000001CE2B1D7D00 with size 48
###QueryVolumeInfo file handle = 0x000001CE2B147C70, eventID = 0009, event Info = 0x000001CE2B15A600
[GetVolumeInformation]
Dokan Information: SendAndPullEventInformation() with NTSTATUS 0x0, context 0x2b147c70, and result object 0x000001CE2B1D7D00 with size 64
###GetFileInfo file handle = 0x000001CE2B147C70, eventID = 0009, event Info = 0x000001CE2B15A600
	result =  0
	FileAllInformation
	DispatchQueryInformation result =  0
Dokan Information: SendAndPullEventInformation() with NTSTATUS 0x0, context 0x2b147c70, and result object 0x000001CE2B1D7D00 with size 140
###Cleanup file handle = 0x000001CE2B147C70, eventID = 0009, event Info = 0x000001CE2B15A600
Dokan Information: SendAndPullEventInformation() with NTSTATUS 0x0, context 0x2b147c70, and result object 0x000001CE2B1D7D00 with size 48
###Close file handle = 0x000001CE2B147C70, eventID = 0009, event Info = 0x000001CE2B15A600
[Close] \
###Create file handle = 0x000001CE2B1483F0, eventID = 0010, event Info = 0x000001CE2B15A590
[ZwCreateFile] \
Dokan Information: DokanEndDispatchCreate() status = 0, file handle = 0x000001CE2B1483F0, eventID = 0010, result = 0x1
Dokan Information: SendAndPullEventInformation() with NTSTATUS 0x0, context 0x2b1483f0, and result object 0x000001CE2B1D7D00 with size 48
###QueryVolumeInfo file handle = 0x000001CE2B1483F0, eventID = 0010, event Info = 0x000001CE2B15A590
[GetVolumeInformation]
Dokan Information: SendAndPullEventInformation() with NTSTATUS 0x0, context 0x2b1483f0, and result object 0x000001CE2B1D7D00 with size 64
###GetFileInfo file handle = 0x000001CE2B1483F0, eventID = 0010, event Info = 0x000001CE2B15A590
	result =  0
	FileAllInformation
	DispatchQueryInformation result =  0
Dokan Information: SendAndPullEventInformation() with NTSTATUS 0x0, context 0x2b1483f0, and result object 0x000001CE2B1D7D00 with size 140
###Cleanup file handle = 0x000001CE2B1483F0, eventID = 0010, event Info = 0x000001CE2B15A590
Dokan Information: SendAndPullEventInformation() with NTSTATUS 0x0, context 0x2b1483f0, and result object 0x000001CE2B1D7D00 with size 48
###Close file handle = 0x000001CE2B1483F0, eventID = 0010, event Info = 0x000001CE2B15A590
###Create file handle = 0x000001CE2B147C70, eventID = 0011, event Info = 0x000001CE2B15A600
[ZwCreateFile] \
[Close] \
Dokan Information: DokanEndDispatchCreate() status = 0, file handle = 0x000001CE2B147C70, eventID = 0011, result = 0x1
Dokan Information: SendAndPullEventInformation() with NTSTATUS 0x0, context 0x2b147c70, and result object 0x000001CE2B1D7D00 with size 48
###QueryVolumeInfo file handle = 0x000001CE2B147C70, eventID = 0011, event Info = 0x000001CE2B15A600
[GetVolumeInformation]
Dokan Information: SendAndPullEventInformation() with NTSTATUS 0x0, context 0x2b147c70, and result object 0x000001CE2B1D7D00 with size 64
###GetFileInfo file handle = 0x000001CE2B147C70, eventID = 0011, event Info = 0x000001CE2B15A600
	result =  0
	FileAllInformation
	DispatchQueryInformation result =  0
Dokan Information: SendAndPullEventInformation() with NTSTATUS 0x0, context 0x2b147c70, and result object 0x000001CE2B1D7D00 with size 140
###Cleanup file handle = 0x000001CE2B147C70, eventID = 0011, event Info = 0x000001CE2B15A600
Dokan Information: SendAndPullEventInformation() with NTSTATUS 0x0, context 0x2b147c70, and result object 0x000001CE2B1D7D00 with size 48
###Close file handle = 0x000001CE2B147C70, eventID = 0011, event Info = 0x000001CE2B15A600
[Close] \
###Create file handle = 0x000001CE2B1483F0, eventID = 0012, event Info = 0x000001CE2B15A590
[ZwCreateFile] \
Dokan Information: DokanEndDispatchCreate() status = 0, file handle = 0x000001CE2B1483F0, eventID = 0012, result = 0x1
Dokan Information: SendAndPullEventInformation() with NTSTATUS 0x0, context 0x2b1483f0, and result object 0x000001CE2B1D7D00 with size 48
###QueryVolumeInfo file handle = 0x000001CE2B1483F0, eventID = 0012, event Info = 0x000001CE2B15A590
[GetVolumeInformation]
Dokan Information: SendAndPullEventInformation() with NTSTATUS 0x0, context 0x2b1483f0, and result object 0x000001CE2B1D7D00 with size 64
###GetFileInfo file handle = 0x000001CE2B1483F0, eventID = 0012, event Info = 0x000001CE2B15A590
	result =  0
	FileAllInformation
	DispatchQueryInformation result =  0
Dokan Information: SendAndPullEventInformation() with NTSTATUS 0x0, context 0x2b1483f0, and result object 0x000001CE2B1D7D00 with size 140
###Cleanup file handle = 0x000001CE2B1483F0, eventID = 0012, event Info = 0x000001CE2B15A590
Dokan Information: SendAndPullEventInformation() with NTSTATUS 0x0, context 0x2b1483f0, and result object 0x000001CE2B1D7D00 with size 48
###Create file handle = 0x000001CE2B147C70, eventID = 0013, event Info = 0x000001CE2B15A600
[ZwCreateFile] \
###Close file handle = 0x000001CE2B1483F0, eventID = 0012, event Info = 0x000001CE2B15A590
[Close] \
###Create file handle = 0x000001CE2B148770, eventID = 0014, event Info = 0x000001CE2B15A750
[ZwCreateFile] \
Dokan Information: DokanEndDispatchCreate() status = 0, file handle = 0x000001CE2B147C70, eventID = 0013, result = 0x1
Dokan Information: DokanEndDispatchCreate() status = 0, file handle = 0x000001CE2B148770, eventID = 0014, result = 0x1
Dokan Information: SendAndPullEventInformation() with NTSTATUS 0x0, context 0x2b147c70, and result object 0x000001CE2B2149E0 with size 48
Dokan Information: SendAndPullEventInformation() with NTSTATUS 0x0, context 0x2b148770, and result object 0x000001CE2B1D7D00 with size 48
###QueryVolumeInfo file handle = 0x000001CE2B147C70, eventID = 0013, event Info = 0x000001CE2B15A600
[GetVolumeInformation]
###QueryVolumeInfo file handle = 0x000001CE2B148770, eventID = 0014, event Info = 0x000001CE2B15A750
[GetVolumeInformation]
Dokan Information: SendAndPullEventInformation() with NTSTATUS 0x0, context 0x2b147c70, and result object 0x000001CE2B2149E0 with size 74
Dokan Information: SendAndPullEventInformation() with NTSTATUS 0x0, context 0x2b148770, and result object 0x000001CE2B1D7D00 with size 64
###QueryVolumeInfo file handle = 0x000001CE2B147C70, eventID = 0013, event Info = 0x000001CE2B15A600
[GetVolumeInformation]
###GetFileInfo file handle = 0x000001CE2B148770, eventID = 0014, event Info = 0x000001CE2B15A750
	result =  0
	FileAllInformation
	DispatchQueryInformation result =  0
Dokan Information: SendAndPullEventInformation() with NTSTATUS 0x0, context 0x2b147c70, and result object 0x000001CE2B2149E0 with size 68
Dokan Information: SendAndPullEventInformation() with NTSTATUS 0x0, context 0x2b148770, and result object 0x000001CE2B1D7D00 with size 140
###Cleanup file handle = 0x000001CE2B147C70, eventID = 0013, event Info = 0x000001CE2B15A600
Dokan Information: SendAndPullEventInformation() with NTSTATUS 0x0, context 0x2b147c70, and result object 0x000001CE2B2149E0 with size 48
###Cleanup file handle = 0x000001CE2B148770, eventID = 0014, event Info = 0x000001CE2B15A750
###Close file handle = 0x000001CE2B147C70, eventID = 0013, event Info = 0x000001CE2B15A600
[Close] \
Dokan Information: SendAndPullEventInformation() with NTSTATUS 0x0, context 0x2b148770, and result object 0x000001CE2B1D7D00 with size 48
###Close file handle = 0x000001CE2B148770, eventID = 0014, event Info = 0x000001CE2B15A750
[Close] \
###Create file handle = 0x000001CE2B147C70, eventID = 0015, event Info = 0x000001CE2B15A600
[ZwCreateFile] \
###Create file handle = 0x000001CE2B148770, eventID = 0016, event Info = 0x000001CE2B15A750
[ZwCreateFile] \
Dokan Information: DokanEndDispatchCreate() status = 0, file handle = 0x000001CE2B147C70, eventID = 0015, result = 0x1
Dokan Information: DokanEndDispatchCreate() status = 0, file handle = 0x000001CE2B148770, eventID = 0016, result = 0x1
Dokan Information: SendAndPullEventInformation() with NTSTATUS 0x0, context 0x2b148770, and result object 0x000001CE2B2149E0 with size 48
Dokan Information: SendAndPullEventInformation() with NTSTATUS 0x0, context 0x2b147c70, and result object 0x000001CE2B1D7D00 with size 48
###GetFileInfo file handle = 0x000001CE2B148770, eventID = 0016, event Info = 0x000001CE2B15A750
	result =  0
	FileBasicInformation
	DispatchQueryInformation result =  0
###QueryVolumeInfo file handle = 0x000001CE2B147C70, eventID = 0015, event Info = 0x000001CE2B15A600
[GetVolumeInformation]
Dokan Information: SendAndPullEventInformation() with NTSTATUS 0x0, context 0x2b148770, and result object 0x000001CE2B2149E0 with size 80
Dokan Information: SendAndPullEventInformation() with NTSTATUS 0x0, context 0x2b147c70, and result object 0x000001CE2B1D7D00 with size 64
###Cleanup file handle = 0x000001CE2B148770, eventID = 0016, event Info = 0x000001CE2B15A750
###GetFileInfo file handle = 0x000001CE2B147C70, eventID = 0015, event Info = 0x000001CE2B15A600
	result =  0
	FileAllInformation
	DispatchQueryInformation result =  0
Dokan Information: SendAndPullEventInformation() with NTSTATUS 0x0, context 0x2b148770, and result object 0x000001CE2B2149E0 with size 48
Dokan Information: SendAndPullEventInformation() with NTSTATUS 0x0, context 0x2b147c70, and result object 0x000001CE2B1D7D00 with size 140
###Close file handle = 0x000001CE2B148770, eventID = 0016, event Info = 0x000001CE2B15A750
###Cleanup file handle = 0x000001CE2B147C70, eventID = 0015, event Info = 0x000001CE2B15A600
[Close] \
###Create file handle = 0x000001CE2B148770, eventID = 0017, event Info = 0x000001CE2B15A590
[ZwCreateFile] \
Dokan Information: SendAndPullEventInformation() with NTSTATUS 0x0, context 0x2b147c70, and result object 0x000001CE2B1D7D00 with size 48
Dokan Information: DokanEndDispatchCreate() status = 0, file handle = 0x000001CE2B148770, eventID = 0017, result = 0x1
###Close file handle = 0x000001CE2B147C70, eventID = 0015, event Info = 0x000001CE2B15A600
[Close] \
###Create file handle = 0x000001CE2B1483F0, eventID = 0018, event Info = 0x000001CE2B15A750
[ZwCreateFile] \
Dokan Information: SendAndPullEventInformation() with NTSTATUS 0x0, context 0x2b148770, and result object 0x000001CE2B2149E0 with size 48
Dokan Information: DokanEndDispatchCreate() status = 0, file handle = 0x000001CE2B1483F0, eventID = 0018, result = 0x1
Dokan Information: SendAndPullEventInformation() with NTSTATUS 0x0, context 0x2b1483f0, and result object 0x000001CE2B1D7D00 with size 48
###QueryVolumeInfo file handle = 0x000001CE2B148770, eventID = 0017, event Info = 0x000001CE2B15A590
[GetVolumeInformation]
###QueryVolumeInfo file handle = 0x000001CE2B1483F0, eventID = 0018, event Info = 0x000001CE2B15A750
[GetVolumeInformation]
Dokan Information: SendAndPullEventInformation() with NTSTATUS 0x0, context 0x2b148770, and result object 0x000001CE2B2149E0 with size 74
Dokan Information: SendAndPullEventInformation() with NTSTATUS 0x0, context 0x2b1483f0, and result object 0x000001CE2B1D7D00 with size 64
###QueryVolumeInfo file handle = 0x000001CE2B148770, eventID = 0017, event Info = 0x000001CE2B15A590
[GetVolumeInformation]
###GetFileInfo file handle = 0x000001CE2B1483F0, eventID = 0018, event Info = 0x000001CE2B15A750
	result =  0
	FileAllInformation
Dokan Information: SendAndPullEventInformation() with NTSTATUS 0x0, context 0x2b148770, and result object 0x000001CE2B2149E0 with size 68
	DispatchQueryInformation result =  0
###Cleanup file handle = 0x000001CE2B148770, eventID = 0017, event Info = 0x000001CE2B15A590
Dokan Information: SendAndPullEventInformation() with NTSTATUS 0x0, context 0x2b1483f0, and result object 0x000001CE2B1D7D00 with size 140
Dokan Information: SendAndPullEventInformation() with NTSTATUS 0x0, context 0x2b148770, and result object 0x000001CE2B2149E0 with size 48
###Cleanup file handle = 0x000001CE2B1483F0, eventID = 0018, event Info = 0x000001CE2B15A750
###Close file handle = 0x000001CE2B148770, eventID = 0017, event Info = 0x000001CE2B15A590
[Close] \
###Create file handle = 0x000001CE2B147C70, eventID = 0019, event Info = 0x000001CE2B15A600
[ZwCreateFile] \
Dokan Information: SendAndPullEventInformation() with NTSTATUS 0x0, context 0x2b1483f0, and result object 0x000001CE2B1D7D00 with size 48
Dokan Information: DokanEndDispatchCreate() status = 0, file handle = 0x000001CE2B147C70, eventID = 0019, result = 0x1
###Create file handle = 0x000001CE2B148770, eventID = 0020, event Info = 0x000001CE2B15A590
[ZwCreateFile] \
###Close file handle = 0x000001CE2B1483F0, eventID = 0018, event Info = 0x000001CE2B15A750
Dokan Information: SendAndPullEventInformation() with NTSTATUS 0x0, context 0x2b147c70, and result object 0x000001CE2B2149E0 with size 48
[Close] \
Dokan Information: DokanEndDispatchCreate() status = 0, file handle = 0x000001CE2B148770, eventID = 0020, result = 0x1
###QueryVolumeInfo file handle = 0x000001CE2B147C70, eventID = 0019, event Info = 0x000001CE2B15A600
Dokan Information: SendAndPullEventInformation() with NTSTATUS 0x0, context 0x2b148770, and result object 0x000001CE2B1D7D00 with size 48
Dokan Information: SendAndPullEventInformation() with NTSTATUS 0x0, context 0x2b147c70, and result object 0x000001CE2B2149E0 with size 64
###QueryVolumeInfo file handle = 0x000001CE2B148770, eventID = 0020, event Info = 0x000001CE2B15A590
###Cleanup file handle = 0x000001CE2B147C70, eventID = 0019, event Info = 0x000001CE2B15A600
[GetVolumeInformation]
Dokan Information: SendAndPullEventInformation() with NTSTATUS 0x0, context 0x2b147c70, and result object 0x000001CE2B2149E0 with size 48
Dokan Information: SendAndPullEventInformation() with NTSTATUS 0x0, context 0x2b148770, and result object 0x000001CE2B1D7D00 with size 64
###Close file handle = 0x000001CE2B147C70, eventID = 0019, event Info = 0x000001CE2B15A600
###Create file handle = 0x000001CE2B1483F0, eventID = 0021, event Info = 0x000001CE2B15A750
[Close] \
###GetFileInfo file handle = 0x000001CE2B148770, eventID = 0020, event Info = 0x000001CE2B15A590
[ZwCreateFile] \
	result =  0
Dokan Information: DokanEndDispatchCreate() status = 0, file handle = 0x000001CE2B1483F0, eventID = 0021, result = 0x1
	FileAllInformation
	DispatchQueryInformation result =  0
Dokan Information: SendAndPullEventInformation() with NTSTATUS 0x0, context 0x2b1483f0, and result object 0x000001CE2B2149E0 with size 48
Dokan Information: SendAndPullEventInformation() with NTSTATUS 0x0, context 0x2b148770, and result object 0x000001CE2B1D7D00 with size 140
###GetFileInfo file handle = 0x000001CE2B1483F0, eventID = 0021, event Info = 0x000001CE2B15A750
###Cleanup file handle = 0x000001CE2B148770, eventID = 0020, event Info = 0x000001CE2B15A590
	result =  0
	FileBasicInformation
	DispatchQueryInformation result =  0
Dokan Information: SendAndPullEventInformation() with NTSTATUS 0x0, context 0x2b148770, and result object 0x000001CE2B1D7D00 with size 48
Dokan Information: SendAndPullEventInformation() with NTSTATUS 0x0, context 0x2b1483f0, and result object 0x000001CE2B2149E0 with size 80
###Close file handle = 0x000001CE2B148770, eventID = 0020, event Info = 0x000001CE2B15A590
###Cleanup file handle = 0x000001CE2B1483F0, eventID = 0021, event Info = 0x000001CE2B15A750
[Close] \
Dokan Information: SendAndPullEventInformation() with NTSTATUS 0x0, context 0x2b1483f0, and result object 0x000001CE2B2149E0 with size 48
###Create file handle = 0x000001CE2B147C70, eventID = 0022, event Info = 0x000001CE2B15A600
[ZwCreateFile] \
###Close file handle = 0x000001CE2B1483F0, eventID = 0021, event Info = 0x000001CE2B15A750
[Close] \
Dokan Information: DokanEndDispatchCreate() status = 0, file handle = 0x000001CE2B147C70, eventID = 0022, result = 0x1
Dokan Information: SendAndPullEventInformation() with NTSTATUS 0x0, context 0x2b147c70, and result object 0x000001CE2B1D7D00 with size 48
###QueryVolumeInfo file handle = 0x000001CE2B147C70, eventID = 0022, event Info = 0x000001CE2B15A600
[GetVolumeInformation]
Dokan Information: SendAndPullEventInformation() with NTSTATUS 0x0, context 0x2b147c70, and result object 0x000001CE2B1D7D00 with size 64
###GetFileInfo file handle = 0x000001CE2B147C70, eventID = 0022, event Info = 0x000001CE2B15A600
	result =  0
	FileAllInformation
	DispatchQueryInformation result =  0
###Create file handle = 0x000001CE2B1483F0, eventID = 0023, event Info = 0x000001CE2B15A750
[ZwCreateFile] \
Dokan Information: SendAndPullEventInformation() with NTSTATUS 0x0, context 0x2b147c70, and result object 0x000001CE2B1D7D00 with size 140
Dokan Information: DokanEndDispatchCreate() status = 0, file handle = 0x000001CE2B1483F0, eventID = 0023, result = 0x1
###Cleanup file handle = 0x000001CE2B147C70, eventID = 0022, event Info = 0x000001CE2B15A600
Dokan Information: SendAndPullEventInformation() with NTSTATUS 0x0, context 0x2b147c70, and result object 0x000001CE2B1D7D00 with size 48
Dokan Information: SendAndPullEventInformation() with NTSTATUS 0x0, context 0x2b1483f0, and result object 0x000001CE2B2149E0 with size 48
###Close file handle = 0x000001CE2B147C70, eventID = 0022, event Info = 0x000001CE2B15A600
###Create file handle = 0x000001CE2B148770, eventID = 0024, event Info = 0x000001CE2B15A590
[Close] \
###GetFileInfo file handle = 0x000001CE2B1483F0, eventID = 0023, event Info = 0x000001CE2B15A750
[ZwCreateFile] \
	result =  0
	FileBasicInformation
	DispatchQueryInformation result =  0
Dokan Information: DokanEndDispatchCreate() status = 0, file handle = 0x000001CE2B148770, eventID = 0024, result = 0x1
Dokan Information: SendAndPullEventInformation() with NTSTATUS 0x0, context 0x2b148770, and result object 0x000001CE2B1D7D00 with size 48
Dokan Information: SendAndPullEventInformation() with NTSTATUS 0x0, context 0x2b1483f0, and result object 0x000001CE2B2149E0 with size 80
###QueryVolumeInfo file handle = 0x000001CE2B148770, eventID = 0024, event Info = 0x000001CE2B15A590
[GetVolumeInformation]
###Cleanup file handle = 0x000001CE2B1483F0, eventID = 0023, event Info = 0x000001CE2B15A750
Dokan Information: SendAndPullEventInformation() with NTSTATUS 0x0, context 0x2b1483f0, and result object 0x000001CE2B2149E0 with size 48
Dokan Information: SendAndPullEventInformation() with NTSTATUS 0x0, context 0x2b148770, and result object 0x000001CE2B1D7D00 with size 64
###Close file handle = 0x000001CE2B1483F0, eventID = 0023, event Info = 0x000001CE2B15A750
[Close] \
###GetFileInfo file handle = 0x000001CE2B148770, eventID = 0024, event Info = 0x000001CE2B15A590
	result =  0
	FileAllInformation
	DispatchQueryInformation result =  0
Dokan Information: SendAndPullEventInformation() with NTSTATUS 0x0, context 0x2b148770, and result object 0x000001CE2B1D7D00 with size 140
###Cleanup file handle = 0x000001CE2B148770, eventID = 0024, event Info = 0x000001CE2B15A590
Dokan Information: SendAndPullEventInformation() with NTSTATUS 0x0, context 0x2b148770, and result object 0x000001CE2B1D7D00 with size 48
###Close file handle = 0x000001CE2B148770, eventID = 0024, event Info = 0x000001CE2B15A590
###Create file handle = 0x000001CE2B1483F0, eventID = 0025, event Info = 0x000001CE2B15A750
[Close] \
[ZwCreateFile] \
Dokan Information: DokanEndDispatchCreate() status = 0, file handle = 0x000001CE2B1483F0, eventID = 0025, result = 0x1
Dokan Information: SendAndPullEventInformation() with NTSTATUS 0x0, context 0x2b1483f0, and result object 0x000001CE2B1D7D00 with size 48
###QueryVolumeInfo file handle = 0x000001CE2B1483F0, eventID = 0025, event Info = 0x000001CE2B15A750
[GetVolumeInformation]
Dokan Information: SendAndPullEventInformation() with NTSTATUS 0x0, context 0x2b1483f0, and result object 0x000001CE2B1D7D00 with size 64
###GetFileInfo file handle = 0x000001CE2B1483F0, eventID = 0025, event Info = 0x000001CE2B15A750
	result =  0
	FileAllInformation
	DispatchQueryInformation result =  0
Dokan Information: SendAndPullEventInformation() with NTSTATUS 0x0, context 0x2b1483f0, and result object 0x000001CE2B1D7D00 with size 140
###Cleanup file handle = 0x000001CE2B1483F0, eventID = 0025, event Info = 0x000001CE2B15A750
Dokan Information: SendAndPullEventInformation() with NTSTATUS 0x0, context 0x2b1483f0, and result object 0x000001CE2B1D7D00 with size 48
###Close file handle = 0x000001CE2B1483F0, eventID = 0025, event Info = 0x000001CE2B15A750
[Close] \
###Create file handle = 0x000001CE2B148770, eventID = 0026, event Info = 0x000001CE2B15A590
[ZwCreateFile] \
Dokan Information: DokanEndDispatchCreate() status = 0, file handle = 0x000001CE2B148770, eventID = 0026, result = 0x1
Dokan Information: SendAndPullEventInformation() with NTSTATUS 0x0, context 0x2b148770, and result object 0x000001CE2B1D7D00 with size 48
###QueryVolumeInfo file handle = 0x000001CE2B148770, eventID = 0026, event Info = 0x000001CE2B15A590
[GetVolumeInformation]
Dokan Information: SendAndPullEventInformation() with NTSTATUS 0x0, context 0x2b148770, and result object 0x000001CE2B1D7D00 with size 64
###GetFileInfo file handle = 0x000001CE2B148770, eventID = 0026, event Info = 0x000001CE2B15A590
	result =  0
	FileAllInformation
	DispatchQueryInformation result =  0
Dokan Information: SendAndPullEventInformation() with NTSTATUS 0x0, context 0x2b148770, and result object 0x000001CE2B1D7D00 with size 140
###Cleanup file handle = 0x000001CE2B148770, eventID = 0026, event Info = 0x000001CE2B15A590
Dokan Information: SendAndPullEventInformation() with NTSTATUS 0x0, context 0x2b148770, and result object 0x000001CE2B1D7D00 with size 48
###Close file handle = 0x000001CE2B148770, eventID = 0026, event Info = 0x000001CE2B15A590
[Close] \
###Create file handle = 0x000001CE2B1483F0, eventID = 0027, event Info = 0x000001CE2B15A750
[ZwCreateFile] \
Dokan Information: DokanEndDispatchCreate() status = 0, file handle = 0x000001CE2B1483F0, eventID = 0027, result = 0x1
Dokan Information: SendAndPullEventInformation() with NTSTATUS 0x0, context 0x2b1483f0, and result object 0x000001CE2B1D7D00 with size 48
###QueryVolumeInfo file handle = 0x000001CE2B1483F0, eventID = 0027, event Info = 0x000001CE2B15A750
[GetVolumeInformation]
Dokan Information: SendAndPullEventInformation() with NTSTATUS 0x0, context 0x2b1483f0, and result object 0x000001CE2B1D7D00 with size 64
###GetFileInfo file handle = 0x000001CE2B1483F0, eventID = 0027, event Info = 0x000001CE2B15A750
	result =  0
	FileAllInformation
	DispatchQueryInformation result =  0
Dokan Information: SendAndPullEventInformation() with NTSTATUS 0x0, context 0x2b1483f0, and result object 0x000001CE2B1D7D00 with size 140
###Cleanup file handle = 0x000001CE2B1483F0, eventID = 0027, event Info = 0x000001CE2B15A750
Dokan Information: SendAndPullEventInformation() with NTSTATUS 0x0, context 0x2b1483f0, and result object 0x000001CE2B1D7D00 with size 48
###Close file handle = 0x000001CE2B1483F0, eventID = 0027, event Info = 0x000001CE2B15A750
###Create file handle = 0x000001CE2B148770, eventID = 0028, event Info = 0x000001CE2B15A590
[Close] \
[ZwCreateFile] \
Dokan Information: DokanEndDispatchCreate() status = 0, file handle = 0x000001CE2B148770, eventID = 0028, result = 0x1
Dokan Information: SendAndPullEventInformation() with NTSTATUS 0x0, context 0x2b148770, and result object 0x000001CE2B1D7D00 with size 48
###QueryVolumeInfo file handle = 0x000001CE2B148770, eventID = 0028, event Info = 0x000001CE2B15A590
[GetVolumeInformation]
Dokan Information: SendAndPullEventInformation() with NTSTATUS 0x0, context 0x2b148770, and result object 0x000001CE2B1D7D00 with size 64
###GetFileInfo file handle = 0x000001CE2B148770, eventID = 0028, event Info = 0x000001CE2B15A590
	result =  0
	FileAllInformation
	DispatchQueryInformation result =  0
Dokan Information: SendAndPullEventInformation() with NTSTATUS 0x0, context 0x2b148770, and result object 0x000001CE2B1D7D00 with size 140
###Cleanup file handle = 0x000001CE2B148770, eventID = 0028, event Info = 0x000001CE2B15A590
Dokan Information: SendAndPullEventInformation() with NTSTATUS 0x0, context 0x2b148770, and result object 0x000001CE2B1D7D00 with size 48
###Close file handle = 0x000001CE2B148770, eventID = 0028, event Info = 0x000001CE2B15A590
[Close] \
###Create file handle = 0x000001CE2B1483F0, eventID = 0029, event Info = 0x000001CE2B15A750
[ZwCreateFile] \
Dokan Information: DokanEndDispatchCreate() status = 0, file handle = 0x000001CE2B1483F0, eventID = 0029, result = 0x1
Dokan Information: SendAndPullEventInformation() with NTSTATUS 0x0, context 0x2b1483f0, and result object 0x000001CE2B1D7D00 with size 48
###QueryVolumeInfo file handle = 0x000001CE2B1483F0, eventID = 0029, event Info = 0x000001CE2B15A750
[GetVolumeInformation]
Dokan Information: SendAndPullEventInformation() with NTSTATUS 0x0, context 0x2b1483f0, and result object 0x000001CE2B1D7D00 with size 64
###GetFileInfo file handle = 0x000001CE2B1483F0, eventID = 0029, event Info = 0x000001CE2B15A750
	result =  0
	FileAllInformation
	DispatchQueryInformation result =  0
Dokan Information: SendAndPullEventInformation() with NTSTATUS 0x0, context 0x2b1483f0, and result object 0x000001CE2B1D7D00 with size 140
###Cleanup file handle = 0x000001CE2B1483F0, eventID = 0029, event Info = 0x000001CE2B15A750
Dokan Information: SendAndPullEventInformation() with NTSTATUS 0x0, context 0x2b1483f0, and result object 0x000001CE2B1D7D00 with size 48
###Close file handle = 0x000001CE2B1483F0, eventID = 0029, event Info = 0x000001CE2B15A750
[Close] \
###Create file handle = 0x000001CE2B148770, eventID = 0030, event Info = 0x000001CE2B15A590
[ZwCreateFile] \
Dokan Information: DokanEndDispatchCreate() status = 0, file handle = 0x000001CE2B148770, eventID = 0030, result = 0x1
Dokan Information: SendAndPullEventInformation() with NTSTATUS 0x0, context 0x2b148770, and result object 0x000001CE2B1D7D00 with size 48
###QueryVolumeInfo file handle = 0x000001CE2B148770, eventID = 0030, event Info = 0x000001CE2B15A590
[GetVolumeInformation]
Dokan Information: SendAndPullEventInformation() with NTSTATUS 0x0, context 0x2b148770, and result object 0x000001CE2B1D7D00 with size 64
###GetFileInfo file handle = 0x000001CE2B148770, eventID = 0030, event Info = 0x000001CE2B15A590
	result =  0
	FileAllInformation
	DispatchQueryInformation result =  0
Dokan Information: SendAndPullEventInformation() with NTSTATUS 0x0, context 0x2b148770, and result object 0x000001CE2B1D7D00 with size 140
###Cleanup file handle = 0x000001CE2B148770, eventID = 0030, event Info = 0x000001CE2B15A590
Dokan Information: SendAndPullEventInformation() with NTSTATUS 0x0, context 0x2b148770, and result object 0x000001CE2B1D7D00 with size 48
###Close file handle = 0x000001CE2B148770, eventID = 0030, event Info = 0x000001CE2B15A590
[Close] \
###Create file handle = 0x000001CE2B1483F0, eventID = 0031, event Info = 0x000001CE2B15A750
[ZwCreateFile] \
Dokan Information: DokanEndDispatchCreate() status = 0, file handle = 0x000001CE2B1483F0, eventID = 0031, result = 0x1
Dokan Information: SendAndPullEventInformation() with NTSTATUS 0x0, context 0x2b1483f0, and result object 0x000001CE2B1D7D00 with size 48
###QueryVolumeInfo file handle = 0x000001CE2B1483F0, eventID = 0031, event Info = 0x000001CE2B15A750
[GetVolumeInformation]
Dokan Information: SendAndPullEventInformation() with NTSTATUS 0x0, context 0x2b1483f0, and result object 0x000001CE2B1D7D00 with size 64
###GetFileInfo file handle = 0x000001CE2B1483F0, eventID = 0031, event Info = 0x000001CE2B15A750
	result =  0
	FileAllInformation
	DispatchQueryInformation result =  0
Dokan Information: SendAndPullEventInformation() with NTSTATUS 0x0, context 0x2b1483f0, and result object 0x000001CE2B1D7D00 with size 140
###Cleanup file handle = 0x000001CE2B1483F0, eventID = 0031, event Info = 0x000001CE2B15A750
Dokan Information: SendAndPullEventInformation() with NTSTATUS 0x0, context 0x2b1483f0, and result object 0x000001CE2B1D7D00 with size 48
###Close file handle = 0x000001CE2B1483F0, eventID = 0031, event Info = 0x000001CE2B15A750
[Close] \
###Create file handle = 0x000001CE2B1483F0, eventID = 0032, event Info = 0x000001CE2B15A590
[ZwCreateFile] \
Dokan Information: DokanEndDispatchCreate() status = 0, file handle = 0x000001CE2B1483F0, eventID = 0032, result = 0x1
Dokan Information: SendAndPullEventInformation() with NTSTATUS 0x0, context 0x2b1483f0, and result object 0x000001CE2B1D7D00 with size 48
###QueryVolumeInfo file handle = 0x000001CE2B1483F0, eventID = 0032, event Info = 0x000001CE2B15A590
[GetVolumeInformation]
Dokan Information: SendAndPullEventInformation() with NTSTATUS 0x0, context 0x2b1483f0, and result object 0x000001CE2B1D7D00 with size 64
###GetFileInfo file handle = 0x000001CE2B1483F0, eventID = 0032, event Info = 0x000001CE2B15A590
	result =  0
	FileAllInformation
	DispatchQueryInformation result =  0
Dokan Information: SendAndPullEventInformation() with NTSTATUS 0x0, context 0x2b1483f0, and result object 0x000001CE2B1D7D00 with size 140
###Cleanup file handle = 0x000001CE2B1483F0, eventID = 0032, event Info = 0x000001CE2B15A590
Dokan Information: SendAndPullEventInformation() with NTSTATUS 0x0, context 0x2b1483f0, and result object 0x000001CE2B1D7D00 with size 48
###Close file handle = 0x000001CE2B1483F0, eventID = 0032, event Info = 0x000001CE2B15A590
[Close] \
###Create file handle = 0x000001CE2B148770, eventID = 0033, event Info = 0x000001CE2B15A750
[ZwCreateFile] \
Dokan Information: DokanEndDispatchCreate() status = 0, file handle = 0x000001CE2B148770, eventID = 0033, result = 0x1
Dokan Information: SendAndPullEventInformation() with NTSTATUS 0x0, context 0x2b148770, and result object 0x000001CE2B1D7D00 with size 48
###QueryVolumeInfo file handle = 0x000001CE2B148770, eventID = 0033, event Info = 0x000001CE2B15A750
[GetVolumeInformation]
Dokan Information: SendAndPullEventInformation() with NTSTATUS 0x0, context 0x2b148770, and result object 0x000001CE2B1D7D00 with size 64
###GetFileInfo file handle = 0x000001CE2B148770, eventID = 0033, event Info = 0x000001CE2B15A750
	result =  0
	FileAllInformation
	DispatchQueryInformation result =  0
Dokan Information: SendAndPullEventInformation() with NTSTATUS 0x0, context 0x2b148770, and result object 0x000001CE2B1D7D00 with size 140
###Cleanup file handle = 0x000001CE2B148770, eventID = 0033, event Info = 0x000001CE2B15A750
Dokan Information: SendAndPullEventInformation() with NTSTATUS 0x0, context 0x2b148770, and result object 0x000001CE2B1D7D00 with size 48
###Close file handle = 0x000001CE2B148770, eventID = 0033, event Info = 0x000001CE2B15A750
[Close] \
###Create file handle = 0x000001CE2B1483F0, eventID = 0034, event Info = 0x000001CE2B15A590
[ZwCreateFile] \
Dokan Information: DokanEndDispatchCreate() status = 0, file handle = 0x000001CE2B1483F0, eventID = 0034, result = 0x1
Dokan Information: SendAndPullEventInformation() with NTSTATUS 0x0, context 0x2b1483f0, and result object 0x000001CE2B1D7D00 with size 48
###QueryVolumeInfo file handle = 0x000001CE2B1483F0, eventID = 0034, event Info = 0x000001CE2B15A590
[GetVolumeInformation]
Dokan Information: SendAndPullEventInformation() with NTSTATUS 0x0, context 0x2b1483f0, and result object 0x000001CE2B1D7D00 with size 64
###GetFileInfo file handle = 0x000001CE2B1483F0, eventID = 0034, event Info = 0x000001CE2B15A590
	result =  0
	FileAllInformation
	DispatchQueryInformation result =  0
Dokan Information: SendAndPullEventInformation() with NTSTATUS 0x0, context 0x2b1483f0, and result object 0x000001CE2B1D7D00 with size 140
###Cleanup file handle = 0x000001CE2B1483F0, eventID = 0034, event Info = 0x000001CE2B15A590
Dokan Information: SendAndPullEventInformation() with NTSTATUS 0x0, context 0x2b1483f0, and result object 0x000001CE2B1D7D00 with size 48
###Close file handle = 0x000001CE2B1483F0, eventID = 0034, event Info = 0x000001CE2B15A590
[Close] \
###Create file handle = 0x000001CE2B148770, eventID = 0035, event Info = 0x000001CE2B15A750
[ZwCreateFile] \
Dokan Information: DokanEndDispatchCreate() status = 0, file handle = 0x000001CE2B148770, eventID = 0035, result = 0x1
Dokan Information: SendAndPullEventInformation() with NTSTATUS 0x0, context 0x2b148770, and result object 0x000001CE2B1D7D00 with size 48
###QueryVolumeInfo file handle = 0x000001CE2B148770, eventID = 0035, event Info = 0x000001CE2B15A750
[GetVolumeInformation]
Dokan Information: SendAndPullEventInformation() with NTSTATUS 0x0, context 0x2b148770, and result object 0x000001CE2B1D7D00 with size 64
###GetFileInfo file handle = 0x000001CE2B148770, eventID = 0035, event Info = 0x000001CE2B15A750
	result =  0
	FileAllInformation
	DispatchQueryInformation result =  0
Dokan Information: SendAndPullEventInformation() with NTSTATUS 0x0, context 0x2b148770, and result object 0x000001CE2B1D7D00 with size 140
###Cleanup file handle = 0x000001CE2B148770, eventID = 0035, event Info = 0x000001CE2B15A750
Dokan Information: SendAndPullEventInformation() with NTSTATUS 0x0, context 0x2b148770, and result object 0x000001CE2B1D7D00 with size 48
###Close file handle = 0x000001CE2B148770, eventID = 0035, event Info = 0x000001CE2B15A750
###Create file handle = 0x000001CE2B1483F0, eventID = 0036, event Info = 0x000001CE2B15A590
[Close] \
[ZwCreateFile] \
Dokan Information: DokanEndDispatchCreate() status = 0, file handle = 0x000001CE2B1483F0, eventID = 0036, result = 0x1
Dokan Information: SendAndPullEventInformation() with NTSTATUS 0x0, context 0x2b1483f0, and result object 0x000001CE2B1D7D00 with size 48
###QueryVolumeInfo file handle = 0x000001CE2B1483F0, eventID = 0036, event Info = 0x000001CE2B15A590
[GetVolumeInformation]
Dokan Information: SendAndPullEventInformation() with NTSTATUS 0x0, context 0x2b1483f0, and result object 0x000001CE2B1D7D00 with size 64
###GetFileInfo file handle = 0x000001CE2B1483F0, eventID = 0036, event Info = 0x000001CE2B15A590
	result =  0
	FileAllInformation
	DispatchQueryInformation result =  0
Dokan Information: SendAndPullEventInformation() with NTSTATUS 0x0, context 0x2b1483f0, and result object 0x000001CE2B1D7D00 with size 140
###Cleanup file handle = 0x000001CE2B1483F0, eventID = 0036, event Info = 0x000001CE2B15A590
Dokan Information: SendAndPullEventInformation() with NTSTATUS 0x0, context 0x2b1483f0, and result object 0x000001CE2B1D7D00 with size 48
###Close file handle = 0x000001CE2B1483F0, eventID = 0036, event Info = 0x000001CE2B15A590
[Close] \
###Create file handle = 0x000001CE2B148770, eventID = 0037, event Info = 0x000001CE2B15A750
[ZwCreateFile] \
Dokan Information: DokanEndDispatchCreate() status = 0, file handle = 0x000001CE2B148770, eventID = 0037, result = 0x1
Dokan Information: SendAndPullEventInformation() with NTSTATUS 0x0, context 0x2b148770, and result object 0x000001CE2B1D7D00 with size 48
###QueryVolumeInfo file handle = 0x000001CE2B148770, eventID = 0037, event Info = 0x000001CE2B15A750
[GetVolumeInformation]
Dokan Information: SendAndPullEventInformation() with NTSTATUS 0x0, context 0x2b148770, and result object 0x000001CE2B1D7D00 with size 64
###GetFileInfo file handle = 0x000001CE2B148770, eventID = 0037, event Info = 0x000001CE2B15A750
	result =  0
	FileAllInformation
	DispatchQueryInformation result =  0
Dokan Information: SendAndPullEventInformation() with NTSTATUS 0x0, context 0x2b148770, and result object 0x000001CE2B1D7D00 with size 140
###Cleanup file handle = 0x000001CE2B148770, eventID = 0037, event Info = 0x000001CE2B15A750
Dokan Information: SendAndPullEventInformation() with NTSTATUS 0x0, context 0x2b148770, and result object 0x000001CE2B1D7D00 with size 48
###Close file handle = 0x000001CE2B148770, eventID = 0037, event Info = 0x000001CE2B15A750
[Close] \
###Create file handle = 0x000001CE2B1483F0, eventID = 0038, event Info = 0x000001CE2B15A590
[ZwCreateFile] \
Dokan Information: DokanEndDispatchCreate() status = 0, file handle = 0x000001CE2B1483F0, eventID = 0038, result = 0x1
Dokan Information: SendAndPullEventInformation() with NTSTATUS 0x0, context 0x2b1483f0, and result object 0x000001CE2B1D7D00 with size 48
###QueryVolumeInfo file handle = 0x000001CE2B1483F0, eventID = 0038, event Info = 0x000001CE2B15A590
[GetVolumeInformation]
Dokan Information: SendAndPullEventInformation() with NTSTATUS 0x0, context 0x2b1483f0, and result object 0x000001CE2B1D7D00 with size 64
###GetFileInfo file handle = 0x000001CE2B1483F0, eventID = 0038, event Info = 0x000001CE2B15A590
	result =  0
	FileAllInformation
	DispatchQueryInformation result =  0
Dokan Information: SendAndPullEventInformation() with NTSTATUS 0x0, context 0x2b1483f0, and result object 0x000001CE2B1D7D00 with size 140
###Cleanup file handle = 0x000001CE2B1483F0, eventID = 0038, event Info = 0x000001CE2B15A590
Dokan Information: SendAndPullEventInformation() with NTSTATUS 0x0, context 0x2b1483f0, and result object 0x000001CE2B1D7D00 with size 48
###Close file handle = 0x000001CE2B1483F0, eventID = 0038, event Info = 0x000001CE2B15A590
[Close] \
###Create file handle = 0x000001CE2B1483F0, eventID = 0039, event Info = 0x000001CE2B15A750
[ZwCreateFile] \
Dokan Information: DokanEndDispatchCreate() status = 0, file handle = 0x000001CE2B1483F0, eventID = 0039, result = 0x1
Dokan Information: SendAndPullEventInformation() with NTSTATUS 0x0, context 0x2b1483f0, and result object 0x000001CE2B1D7D00 with size 48
###QueryVolumeInfo file handle = 0x000001CE2B1483F0, eventID = 0039, event Info = 0x000001CE2B15A750
[GetVolumeInformation]
Dokan Information: SendAndPullEventInformation() with NTSTATUS 0x0, context 0x2b1483f0, and result object 0x000001CE2B1D7D00 with size 64
###GetFileInfo file handle = 0x000001CE2B1483F0, eventID = 0039, event Info = 0x000001CE2B15A750
	result =  0
	FileAllInformation
	DispatchQueryInformation result =  0
Dokan Information: SendAndPullEventInformation() with NTSTATUS 0x0, context 0x2b1483f0, and result object 0x000001CE2B1D7D00 with size 140
###Cleanup file handle = 0x000001CE2B1483F0, eventID = 0039, event Info = 0x000001CE2B15A750
Dokan Information: SendAndPullEventInformation() with NTSTATUS 0x0, context 0x2b1483f0, and result object 0x000001CE2B1D7D00 with size 48
###Close file handle = 0x000001CE2B1483F0, eventID = 0039, event Info = 0x000001CE2B15A750
[Close] \
###Create file handle = 0x000001CE2B148770, eventID = 0040, event Info = 0x000001CE2B15A590
[ZwCreateFile] \
Dokan Information: DokanEndDispatchCreate() status = 0, file handle = 0x000001CE2B148770, eventID = 0040, result = 0x1
Dokan Information: SendAndPullEventInformation() with NTSTATUS 0x0, context 0x2b148770, and result object 0x000001CE2B1D7D00 with size 48
###QueryVolumeInfo file handle = 0x000001CE2B148770, eventID = 0040, event Info = 0x000001CE2B15A590
[GetVolumeInformation]
Dokan Information: SendAndPullEventInformation() with NTSTATUS 0x0, context 0x2b148770, and result object 0x000001CE2B1D7D00 with size 64
###GetFileInfo file handle = 0x000001CE2B148770, eventID = 0040, event Info = 0x000001CE2B15A590
	result =  0
	FileAllInformation
	DispatchQueryInformation result =  0
Dokan Information: SendAndPullEventInformation() with NTSTATUS 0x0, context 0x2b148770, and result object 0x000001CE2B1D7D00 with size 140
###Cleanup file handle = 0x000001CE2B148770, eventID = 0040, event Info = 0x000001CE2B15A590
Dokan Information: SendAndPullEventInformation() with NTSTATUS 0x0, context 0x2b148770, and result object 0x000001CE2B1D7D00 with size 48
###Close file handle = 0x000001CE2B148770, eventID = 0040, event Info = 0x000001CE2B15A590
[Close] \
###Create file handle = 0x000001CE2B148770, eventID = 0041, event Info = 0x000001CE2B15A750
[ZwCreateFile] \
Dokan Information: DokanEndDispatchCreate() status = 0, file handle = 0x000001CE2B148770, eventID = 0041, result = 0x1
Dokan Information: SendAndPullEventInformation() with NTSTATUS 0x0, context 0x2b148770, and result object 0x000001CE2B1D7D00 with size 48
###QueryVolumeInfo file handle = 0x000001CE2B148770, eventID = 0041, event Info = 0x000001CE2B15A750
[GetVolumeInformation]
Dokan Information: SendAndPullEventInformation() with NTSTATUS 0x0, context 0x2b148770, and result object 0x000001CE2B1D7D00 with size 64
###GetFileInfo file handle = 0x000001CE2B148770, eventID = 0041, event Info = 0x000001CE2B15A750
	result =  0
	FileAllInformation
	DispatchQueryInformation result =  0
Dokan Information: SendAndPullEventInformation() with NTSTATUS 0x0, context 0x2b148770, and result object 0x000001CE2B1D7D00 with size 140
###Cleanup file handle = 0x000001CE2B148770, eventID = 0041, event Info = 0x000001CE2B15A750
Dokan Information: SendAndPullEventInformation() with NTSTATUS 0x0, context 0x2b148770, and result object 0x000001CE2B1D7D00 with size 48
###Close file handle = 0x000001CE2B148770, eventID = 0041, event Info = 0x000001CE2B15A750
###Create file handle = 0x000001CE2B1483F0, eventID = 0042, event Info = 0x000001CE2B15A590
[Close] \
[ZwCreateFile] \
Dokan Information: DokanEndDispatchCreate() status = 0, file handle = 0x000001CE2B1483F0, eventID = 0042, result = 0x1
Dokan Information: SendAndPullEventInformation() with NTSTATUS 0x0, context 0x2b1483f0, and result object 0x000001CE2B1D7D00 with size 48
###QueryVolumeInfo file handle = 0x000001CE2B1483F0, eventID = 0042, event Info = 0x000001CE2B15A590
[GetVolumeInformation]
Dokan Information: SendAndPullEventInformation() with NTSTATUS 0x0, context 0x2b1483f0, and result object 0x000001CE2B1D7D00 with size 64
###GetFileInfo file handle = 0x000001CE2B1483F0, eventID = 0042, event Info = 0x000001CE2B15A590
	result =  0
	FileAllInformation
	DispatchQueryInformation result =  0
Dokan Information: SendAndPullEventInformation() with NTSTATUS 0x0, context 0x2b1483f0, and result object 0x000001CE2B1D7D00 with size 140
###Cleanup file handle = 0x000001CE2B1483F0, eventID = 0042, event Info = 0x000001CE2B15A590
Dokan Information: SendAndPullEventInformation() with NTSTATUS 0x0, context 0x2b1483f0, and result object 0x000001CE2B1D7D00 with size 48
###Close file handle = 0x000001CE2B1483F0, eventID = 0042, event Info = 0x000001CE2B15A590
[Close] \
###Create file handle = 0x000001CE2B148770, eventID = 0043, event Info = 0x000001CE2B15A750
[ZwCreateFile] \
Dokan Information: DokanEndDispatchCreate() status = 0, file handle = 0x000001CE2B148770, eventID = 0043, result = 0x1
Dokan Information: SendAndPullEventInformation() with NTSTATUS 0x0, context 0x2b148770, and result object 0x000001CE2B1D7D00 with size 48
###QueryVolumeInfo file handle = 0x000001CE2B148770, eventID = 0043, event Info = 0x000001CE2B15A750
[GetVolumeInformation]
Dokan Information: SendAndPullEventInformation() with NTSTATUS 0x0, context 0x2b148770, and result object 0x000001CE2B1D7D00 with size 64
###GetFileInfo file handle = 0x000001CE2B148770, eventID = 0043, event Info = 0x000001CE2B15A750
	result =  0
	FileAllInformation
	DispatchQueryInformation result =  0
Dokan Information: SendAndPullEventInformation() with NTSTATUS 0x0, context 0x2b148770, and result object 0x000001CE2B1D7D00 with size 140
###Cleanup file handle = 0x000001CE2B148770, eventID = 0043, event Info = 0x000001CE2B15A750
Dokan Information: SendAndPullEventInformation() with NTSTATUS 0x0, context 0x2b148770, and result object 0x000001CE2B1D7D00 with size 48
###Close file handle = 0x000001CE2B148770, eventID = 0043, event Info = 0x000001CE2B15A750
[Close] \
###Create file handle = 0x000001CE2B1483F0, eventID = 0044, event Info = 0x000001CE2B15A590
[ZwCreateFile] \
Dokan Information: DokanEndDispatchCreate() status = 0, file handle = 0x000001CE2B1483F0, eventID = 0044, result = 0x1
Dokan Information: SendAndPullEventInformation() with NTSTATUS 0x0, context 0x2b1483f0, and result object 0x000001CE2B1D7D00 with size 48
###QueryVolumeInfo file handle = 0x000001CE2B1483F0, eventID = 0044, event Info = 0x000001CE2B15A590
[GetVolumeInformation]
Dokan Information: SendAndPullEventInformation() with NTSTATUS 0x0, context 0x2b1483f0, and result object 0x000001CE2B1D7D00 with size 64
###GetFileInfo file handle = 0x000001CE2B1483F0, eventID = 0044, event Info = 0x000001CE2B15A590
	result =  0
	FileAllInformation
	DispatchQueryInformation result =  0
Dokan Information: SendAndPullEventInformation() with NTSTATUS 0x0, context 0x2b1483f0, and result object 0x000001CE2B1D7D00 with size 140
###Cleanup file handle = 0x000001CE2B1483F0, eventID = 0044, event Info = 0x000001CE2B15A590
Dokan Information: SendAndPullEventInformation() with NTSTATUS 0x0, context 0x2b1483f0, and result object 0x000001CE2B1D7D00 with size 48
###Close file handle = 0x000001CE2B1483F0, eventID = 0044, event Info = 0x000001CE2B15A590
###Create file handle = 0x000001CE2B148770, eventID = 0045, event Info = 0x000001CE2B15A750
[Close] \
[ZwCreateFile] \
Dokan Information: DokanEndDispatchCreate() status = 0, file handle = 0x000001CE2B148770, eventID = 0045, result = 0x1
Dokan Information: SendAndPullEventInformation() with NTSTATUS 0x0, context 0x2b148770, and result object 0x000001CE2B1D7D00 with size 48
###QueryVolumeInfo file handle = 0x000001CE2B148770, eventID = 0045, event Info = 0x000001CE2B15A750
[GetVolumeInformation]
Dokan Information: SendAndPullEventInformation() with NTSTATUS 0x0, context 0x2b148770, and result object 0x000001CE2B1D7D00 with size 64
###GetFileInfo file handle = 0x000001CE2B148770, eventID = 0045, event Info = 0x000001CE2B15A750
	result =  0
	FileAllInformation
	DispatchQueryInformation result =  0
Dokan Information: SendAndPullEventInformation() with NTSTATUS 0x0, context 0x2b148770, and result object 0x000001CE2B1D7D00 with size 140
###Cleanup file handle = 0x000001CE2B148770, eventID = 0045, event Info = 0x000001CE2B15A750
Dokan Information: SendAndPullEventInformation() with NTSTATUS 0x0, context 0x2b148770, and result object 0x000001CE2B1D7D00 with size 48
###Close file handle = 0x000001CE2B148770, eventID = 0045, event Info = 0x000001CE2B15A750
[Close] \
###Create file handle = 0x000001CE2B1483F0, eventID = 0046, event Info = 0x000001CE2B15A590
[ZwCreateFile] \
Dokan Information: DokanEndDispatchCreate() status = 0, file handle = 0x000001CE2B1483F0, eventID = 0046, result = 0x1
Dokan Information: SendAndPullEventInformation() with NTSTATUS 0x0, context 0x2b1483f0, and result object 0x000001CE2B1D7D00 with size 48
###QueryVolumeInfo file handle = 0x000001CE2B1483F0, eventID = 0046, event Info = 0x000001CE2B15A590
[GetVolumeInformation]
Dokan Information: SendAndPullEventInformation() with NTSTATUS 0x0, context 0x2b1483f0, and result object 0x000001CE2B1D7D00 with size 64
###GetFileInfo file handle = 0x000001CE2B1483F0, eventID = 0046, event Info = 0x000001CE2B15A590
	result =  0
	FileAllInformation
	DispatchQueryInformation result =  0
Dokan Information: SendAndPullEventInformation() with NTSTATUS 0x0, context 0x2b1483f0, and result object 0x000001CE2B1D7D00 with size 140
###Cleanup file handle = 0x000001CE2B1483F0, eventID = 0046, event Info = 0x000001CE2B15A590
Dokan Information: SendAndPullEventInformation() with NTSTATUS 0x0, context 0x2b1483f0, and result object 0x000001CE2B1D7D00 with size 48
###Close file handle = 0x000001CE2B1483F0, eventID = 0046, event Info = 0x000001CE2B15A590
[Close] \
###Create file handle = 0x000001CE2B148770, eventID = 0047, event Info = 0x000001CE2B15A750
[ZwCreateFile] \
Dokan Information: DokanEndDispatchCreate() status = 0, file handle = 0x000001CE2B148770, eventID = 0047, result = 0x1
Dokan Information: SendAndPullEventInformation() with NTSTATUS 0x0, context 0x2b148770, and result object 0x000001CE2B1D7D00 with size 48
###QueryVolumeInfo file handle = 0x000001CE2B148770, eventID = 0047, event Info = 0x000001CE2B15A750
[GetVolumeInformation]
Dokan Information: SendAndPullEventInformation() with NTSTATUS 0x0, context 0x2b148770, and result object 0x000001CE2B1D7D00 with size 64
###GetFileInfo file handle = 0x000001CE2B148770, eventID = 0047, event Info = 0x000001CE2B15A750
	result =  0
	FileAllInformation
	DispatchQueryInformation result =  0
Dokan Information: SendAndPullEventInformation() with NTSTATUS 0x0, context 0x2b148770, and result object 0x000001CE2B1D7D00 with size 140
###Cleanup file handle = 0x000001CE2B148770, eventID = 0047, event Info = 0x000001CE2B15A750
Dokan Information: SendAndPullEventInformation() with NTSTATUS 0x0, context 0x2b148770, and result object 0x000001CE2B1D7D00 with size 48
###Close file handle = 0x000001CE2B148770, eventID = 0047, event Info = 0x000001CE2B15A750
[Close] \
###Create file handle = 0x000001CE2B1483F0, eventID = 0048, event Info = 0x000001CE2B15A590
[ZwCreateFile] \
Dokan Information: DokanEndDispatchCreate() status = 0, file handle = 0x000001CE2B1483F0, eventID = 0048, result = 0x1
Dokan Information: SendAndPullEventInformation() with NTSTATUS 0x0, context 0x2b1483f0, and result object 0x000001CE2B1D7D00 with size 48
###QueryVolumeInfo file handle = 0x000001CE2B1483F0, eventID = 0048, event Info = 0x000001CE2B15A590
[GetVolumeInformation]
Dokan Information: SendAndPullEventInformation() with NTSTATUS 0x0, context 0x2b1483f0, and result object 0x000001CE2B1D7D00 with size 64
###GetFileInfo file handle = 0x000001CE2B1483F0, eventID = 0048, event Info = 0x000001CE2B15A590
	result =  0
	FileAllInformation
	DispatchQueryInformation result =  0
Dokan Information: SendAndPullEventInformation() with NTSTATUS 0x0, context 0x2b1483f0, and result object 0x000001CE2B1D7D00 with size 140
###Cleanup file handle = 0x000001CE2B1483F0, eventID = 0048, event Info = 0x000001CE2B15A590
Dokan Information: SendAndPullEventInformation() with NTSTATUS 0x0, context 0x2b1483f0, and result object 0x000001CE2B1D7D00 with size 48
###Close file handle = 0x000001CE2B1483F0, eventID = 0048, event Info = 0x000001CE2B15A590
[Close] \
###Create file handle = 0x000001CE2B148770, eventID = 0049, event Info = 0x000001CE2B15A750
[ZwCreateFile] \
Dokan Information: DokanEndDispatchCreate() status = 0, file handle = 0x000001CE2B148770, eventID = 0049, result = 0x1
Dokan Information: SendAndPullEventInformation() with NTSTATUS 0x0, context 0x2b148770, and result object 0x000001CE2B1D7D00 with size 48
###QueryVolumeInfo file handle = 0x000001CE2B148770, eventID = 0049, event Info = 0x000001CE2B15A750
[GetVolumeInformation]
Dokan Information: SendAndPullEventInformation() with NTSTATUS 0x0, context 0x2b148770, and result object 0x000001CE2B1D7D00 with size 64
###GetFileInfo file handle = 0x000001CE2B148770, eventID = 0049, event Info = 0x000001CE2B15A750
	result =  0
	FileAllInformation
	DispatchQueryInformation result =  0
Dokan Information: SendAndPullEventInformation() with NTSTATUS 0x0, context 0x2b148770, and result object 0x000001CE2B1D7D00 with size 140
###Cleanup file handle = 0x000001CE2B148770, eventID = 0049, event Info = 0x000001CE2B15A750
Dokan Information: SendAndPullEventInformation() with NTSTATUS 0x0, context 0x2b148770, and result object 0x000001CE2B1D7D00 with size 48
###Close file handle = 0x000001CE2B148770, eventID = 0049, event Info = 0x000001CE2B15A750
[Close] \
###Create file handle = 0x000001CE2B1483F0, eventID = 0050, event Info = 0x000001CE2B15A590
[ZwCreateFile] \
Dokan Information: DokanEndDispatchCreate() status = 0, file handle = 0x000001CE2B1483F0, eventID = 0050, result = 0x1
Dokan Information: SendAndPullEventInformation() with NTSTATUS 0x0, context 0x2b1483f0, and result object 0x000001CE2B1D7D00 with size 48
###QueryVolumeInfo file handle = 0x000001CE2B1483F0, eventID = 0050, event Info = 0x000001CE2B15A590
[GetVolumeInformation]
Dokan Information: SendAndPullEventInformation() with NTSTATUS 0x0, context 0x2b1483f0, and result object 0x000001CE2B1D7D00 with size 64
###GetFileInfo file handle = 0x000001CE2B1483F0, eventID = 0050, event Info = 0x000001CE2B15A590
	result =  0
	FileAllInformation
	DispatchQueryInformation result =  0
Dokan Information: SendAndPullEventInformation() with NTSTATUS 0x0, context 0x2b1483f0, and result object 0x000001CE2B1D7D00 with size 140
###Cleanup file handle = 0x000001CE2B1483F0, eventID = 0050, event Info = 0x000001CE2B15A590
Dokan Information: SendAndPullEventInformation() with NTSTATUS 0x0, context 0x2b1483f0, and result object 0x000001CE2B1D7D00 with size 48
###Close file handle = 0x000001CE2B1483F0, eventID = 0050, event Info = 0x000001CE2B15A590
[Close] \
###Create file handle = 0x000001CE2B148770, eventID = 0051, event Info = 0x000001CE2B15A750
[ZwCreateFile] \
Dokan Information: DokanEndDispatchCreate() status = 0, file handle = 0x000001CE2B148770, eventID = 0051, result = 0x1
Dokan Information: SendAndPullEventInformation() with NTSTATUS 0x0, context 0x2b148770, and result object 0x000001CE2B1D7D00 with size 48
###QueryVolumeInfo file handle = 0x000001CE2B148770, eventID = 0051, event Info = 0x000001CE2B15A750
[GetVolumeInformation]
Dokan Information: SendAndPullEventInformation() with NTSTATUS 0x0, context 0x2b148770, and result object 0x000001CE2B1D7D00 with size 64
###GetFileInfo file handle = 0x000001CE2B148770, eventID = 0051, event Info = 0x000001CE2B15A750
	result =  0
	FileAllInformation
	DispatchQueryInformation result =  0
Dokan Information: SendAndPullEventInformation() with NTSTATUS 0x0, context 0x2b148770, and result object 0x000001CE2B1D7D00 with size 140
###Cleanup file handle = 0x000001CE2B148770, eventID = 0051, event Info = 0x000001CE2B15A750
Dokan Information: SendAndPullEventInformation() with NTSTATUS 0x0, context 0x2b148770, and result object 0x000001CE2B1D7D00 with size 48
###Close file handle = 0x000001CE2B148770, eventID = 0051, event Info = 0x000001CE2B15A750
[Close] \
###Create file handle = 0x000001CE2B1483F0, eventID = 0052, event Info = 0x000001CE2B15A590
[ZwCreateFile] \
Dokan Information: DokanEndDispatchCreate() status = 0, file handle = 0x000001CE2B1483F0, eventID = 0052, result = 0x1
Dokan Information: SendAndPullEventInformation() with NTSTATUS 0x0, context 0x2b1483f0, and result object 0x000001CE2B1D7D00 with size 48
###QueryVolumeInfo file handle = 0x000001CE2B1483F0, eventID = 0052, event Info = 0x000001CE2B15A590
[GetVolumeInformation]
Dokan Information: SendAndPullEventInformation() with NTSTATUS 0x0, context 0x2b1483f0, and result object 0x000001CE2B1D7D00 with size 64
###GetFileInfo file handle = 0x000001CE2B1483F0, eventID = 0052, event Info = 0x000001CE2B15A590
	result =  0
	FileAllInformation
	DispatchQueryInformation result =  0
Dokan Information: SendAndPullEventInformation() with NTSTATUS 0x0, context 0x2b1483f0, and result object 0x000001CE2B1D7D00 with size 140
###Cleanup file handle = 0x000001CE2B1483F0, eventID = 0052, event Info = 0x000001CE2B15A590
Dokan Information: SendAndPullEventInformation() with NTSTATUS 0x0, context 0x2b1483f0, and result object 0x000001CE2B1D7D00 with size 48
###Close file handle = 0x000001CE2B1483F0, eventID = 0052, event Info = 0x000001CE2B15A590
[Close] \
###Create file handle = 0x000001CE2B1483F0, eventID = 0053, event Info = 0x000001CE2B15A590
[ZwCreateFile] \
Dokan Information: DokanEndDispatchCreate() status = 0, file handle = 0x000001CE2B1483F0, eventID = 0053, result = 0x1
Dokan Information: SendAndPullEventInformation() with NTSTATUS 0x0, context 0x2b1483f0, and result object 0x000001CE2B1D7D00 with size 48
###QueryVolumeInfo file handle = 0x000001CE2B1483F0, eventID = 0053, event Info = 0x000001CE2B15A590
[GetVolumeInformation]
Dokan Information: SendAndPullEventInformation() with NTSTATUS 0x0, context 0x2b1483f0, and result object 0x000001CE2B1D7D00 with size 64
###GetFileInfo file handle = 0x000001CE2B1483F0, eventID = 0053, event Info = 0x000001CE2B15A590
	result =  0
	FileAllInformation
	DispatchQueryInformation result =  0
Dokan Information: SendAndPullEventInformation() with NTSTATUS 0x0, context 0x2b1483f0, and result object 0x000001CE2B1D7D00 with size 140
###Cleanup file handle = 0x000001CE2B1483F0, eventID = 0053, event Info = 0x000001CE2B15A590
Dokan Information: SendAndPullEventInformation() with NTSTATUS 0x0, context 0x2b1483f0, and result object 0x000001CE2B1D7D00 with size 48
###Close file handle = 0x000001CE2B1483F0, eventID = 0053, event Info = 0x000001CE2B15A590
###Create file handle = 0x000001CE2B148770, eventID = 0054, event Info = 0x000001CE2B15A750
[Close] \
[ZwCreateFile] \
Dokan Information: DokanEndDispatchCreate() status = 0, file handle = 0x000001CE2B148770, eventID = 0054, result = 0x1
Dokan Information: SendAndPullEventInformation() with NTSTATUS 0x0, context 0x2b148770, and result object 0x000001CE2B1D7D00 with size 48
###QueryVolumeInfo file handle = 0x000001CE2B148770, eventID = 0054, event Info = 0x000001CE2B15A750
[GetVolumeInformation]
Dokan Information: SendAndPullEventInformation() with NTSTATUS 0x0, context 0x2b148770, and result object 0x000001CE2B1D7D00 with size 64
###GetFileInfo file handle = 0x000001CE2B148770, eventID = 0054, event Info = 0x000001CE2B15A750
	result =  0
	FileAllInformation
	DispatchQueryInformation result =  0
Dokan Information: SendAndPullEventInformation() with NTSTATUS 0x0, context 0x2b148770, and result object 0x000001CE2B1D7D00 with size 140
###Cleanup file handle = 0x000001CE2B148770, eventID = 0054, event Info = 0x000001CE2B15A750
Dokan Information: SendAndPullEventInformation() with NTSTATUS 0x0, context 0x2b148770, and result object 0x000001CE2B1D7D00 with size 48
###Close file handle = 0x000001CE2B148770, eventID = 0054, event Info = 0x000001CE2B15A750
[Close] \
###Create file handle = 0x000001CE2B1483F0, eventID = 0055, event Info = 0x000001CE2B15A590
[ZwCreateFile] \
Dokan Information: DokanEndDispatchCreate() status = 0, file handle = 0x000001CE2B1483F0, eventID = 0055, result = 0x1
Dokan Information: SendAndPullEventInformation() with NTSTATUS 0x0, context 0x2b1483f0, and result object 0x000001CE2B1D7D00 with size 48
###QueryVolumeInfo file handle = 0x000001CE2B1483F0, eventID = 0055, event Info = 0x000001CE2B15A590
[GetVolumeInformation]
Dokan Information: SendAndPullEventInformation() with NTSTATUS 0x0, context 0x2b1483f0, and result object 0x000001CE2B1D7D00 with size 64
###GetFileInfo file handle = 0x000001CE2B1483F0, eventID = 0055, event Info = 0x000001CE2B15A590
	result =  0
	FileAllInformation
	DispatchQueryInformation result =  0
Dokan Information: SendAndPullEventInformation() with NTSTATUS 0x0, context 0x2b1483f0, and result object 0x000001CE2B1D7D00 with size 140
###Cleanup file handle = 0x000001CE2B1483F0, eventID = 0055, event Info = 0x000001CE2B15A590
Dokan Information: SendAndPullEventInformation() with NTSTATUS 0x0, context 0x2b1483f0, and result object 0x000001CE2B1D7D00 with size 48
###Close file handle = 0x000001CE2B1483F0, eventID = 0055, event Info = 0x000001CE2B15A590
[Close] \
###Create file handle = 0x000001CE2B148770, eventID = 0056, event Info = 0x000001CE2B15A750
[ZwCreateFile] \
Dokan Information: DokanEndDispatchCreate() status = 0, file handle = 0x000001CE2B148770, eventID = 0056, result = 0x1
Dokan Information: SendAndPullEventInformation() with NTSTATUS 0x0, context 0x2b148770, and result object 0x000001CE2B1D7D00 with size 48
###QueryVolumeInfo file handle = 0x000001CE2B148770, eventID = 0056, event Info = 0x000001CE2B15A750
[GetVolumeInformation]
Dokan Information: SendAndPullEventInformation() with NTSTATUS 0x0, context 0x2b148770, and result object 0x000001CE2B1D7D00 with size 64
###GetFileInfo file handle = 0x000001CE2B148770, eventID = 0056, event Info = 0x000001CE2B15A750
	result =  0
	FileAllInformation
	DispatchQueryInformation result =  0
Dokan Information: SendAndPullEventInformation() with NTSTATUS 0x0, context 0x2b148770, and result object 0x000001CE2B1D7D00 with size 140
###Cleanup file handle = 0x000001CE2B148770, eventID = 0056, event Info = 0x000001CE2B15A750
Dokan Information: SendAndPullEventInformation() with NTSTATUS 0x0, context 0x2b148770, and result object 0x000001CE2B1D7D00 with size 48
###Close file handle = 0x000001CE2B148770, eventID = 0056, event Info = 0x000001CE2B15A750
[Close] \
###Create file handle = 0x000001CE2B1483F0, eventID = 0057, event Info = 0x000001CE2B15A590
[ZwCreateFile] \
Dokan Information: DokanEndDispatchCreate() status = 0, file handle = 0x000001CE2B1483F0, eventID = 0057, result = 0x1
Dokan Information: SendAndPullEventInformation() with NTSTATUS 0x0, context 0x2b1483f0, and result object 0x000001CE2B1D7D00 with size 48
###QueryVolumeInfo file handle = 0x000001CE2B1483F0, eventID = 0057, event Info = 0x000001CE2B15A590
[GetVolumeInformation]
Dokan Information: SendAndPullEventInformation() with NTSTATUS 0x0, context 0x2b1483f0, and result object 0x000001CE2B1D7D00 with size 64
###GetFileInfo file handle = 0x000001CE2B1483F0, eventID = 0057, event Info = 0x000001CE2B15A590
	result =  0
	FileAllInformation
	DispatchQueryInformation result =  0
Dokan Information: SendAndPullEventInformation() with NTSTATUS 0x0, context 0x2b1483f0, and result object 0x000001CE2B1D7D00 with size 140
###Cleanup file handle = 0x000001CE2B1483F0, eventID = 0057, event Info = 0x000001CE2B15A590
Dokan Information: SendAndPullEventInformation() with NTSTATUS 0x0, context 0x2b1483f0, and result object 0x000001CE2B1D7D00 with size 48
###Close file handle = 0x000001CE2B1483F0, eventID = 0057, event Info = 0x000001CE2B15A590
[Close] \
###Create file handle = 0x000001CE2B148770, eventID = 0058, event Info = 0x000001CE2B15A750
[ZwCreateFile] \
Dokan Information: DokanEndDispatchCreate() status = 0, file handle = 0x000001CE2B148770, eventID = 0058, result = 0x1
Dokan Information: SendAndPullEventInformation() with NTSTATUS 0x0, context 0x2b148770, and result object 0x000001CE2B1D7D00 with size 48
###QueryVolumeInfo file handle = 0x000001CE2B148770, eventID = 0058, event Info = 0x000001CE2B15A750
[GetVolumeInformation]
Dokan Information: SendAndPullEventInformation() with NTSTATUS 0x0, context 0x2b148770, and result object 0x000001CE2B1D7D00 with size 64
###GetFileInfo file handle = 0x000001CE2B148770, eventID = 0058, event Info = 0x000001CE2B15A750
	result =  0
	FileAllInformation
	DispatchQueryInformation result =  0
Dokan Information: SendAndPullEventInformation() with NTSTATUS 0x0, context 0x2b148770, and result object 0x000001CE2B1D7D00 with size 140
###Cleanup file handle = 0x000001CE2B148770, eventID = 0058, event Info = 0x000001CE2B15A750
Dokan Information: SendAndPullEventInformation() with NTSTATUS 0x0, context 0x2b148770, and result object 0x000001CE2B1D7D00 with size 48
###Close file handle = 0x000001CE2B148770, eventID = 0058, event Info = 0x000001CE2B15A750
[Close] \
###Create file handle = 0x000001CE2B1483F0, eventID = 0059, event Info = 0x000001CE2B15A590
[ZwCreateFile] \
Dokan Information: DokanEndDispatchCreate() status = 0, file handle = 0x000001CE2B1483F0, eventID = 0059, result = 0x1
Dokan Information: SendAndPullEventInformation() with NTSTATUS 0x0, context 0x2b1483f0, and result object 0x000001CE2B1D7D00 with size 48
###QueryVolumeInfo file handle = 0x000001CE2B1483F0, eventID = 0059, event Info = 0x000001CE2B15A590
[GetVolumeInformation]
Dokan Information: SendAndPullEventInformation() with NTSTATUS 0x0, context 0x2b1483f0, and result object 0x000001CE2B1D7D00 with size 64
###GetFileInfo file handle = 0x000001CE2B1483F0, eventID = 0059, event Info = 0x000001CE2B15A590
	result =  0
	FileAllInformation
	DispatchQueryInformation result =  0
Dokan Information: SendAndPullEventInformation() with NTSTATUS 0x0, context 0x2b1483f0, and result object 0x000001CE2B1D7D00 with size 140
###Cleanup file handle = 0x000001CE2B1483F0, eventID = 0059, event Info = 0x000001CE2B15A590
Dokan Information: SendAndPullEventInformation() with NTSTATUS 0x0, context 0x2b1483f0, and result object 0x000001CE2B1D7D00 with size 48
###Close file handle = 0x000001CE2B1483F0, eventID = 0059, event Info = 0x000001CE2B15A590
[Close] \
###Create file handle = 0x000001CE2B148770, eventID = 0060, event Info = 0x000001CE2B15A750
[ZwCreateFile] \
Dokan Information: DokanEndDispatchCreate() status = 0, file handle = 0x000001CE2B148770, eventID = 0060, result = 0x1
Dokan Information: SendAndPullEventInformation() with NTSTATUS 0x0, context 0x2b148770, and result object 0x000001CE2B1D7D00 with size 48
###QueryVolumeInfo file handle = 0x000001CE2B148770, eventID = 0060, event Info = 0x000001CE2B15A750
[GetVolumeInformation]
Dokan Information: SendAndPullEventInformation() with NTSTATUS 0x0, context 0x2b148770, and result object 0x000001CE2B1D7D00 with size 64
###GetFileInfo file handle = 0x000001CE2B148770, eventID = 0060, event Info = 0x000001CE2B15A750
	result =  0
	FileAllInformation
	DispatchQueryInformation result =  0
Dokan Information: SendAndPullEventInformation() with NTSTATUS 0x0, context 0x2b148770, and result object 0x000001CE2B1D7D00 with size 140
###Cleanup file handle = 0x000001CE2B148770, eventID = 0060, event Info = 0x000001CE2B15A750
Dokan Information: SendAndPullEventInformation() with NTSTATUS 0x0, context 0x2b148770, and result object 0x000001CE2B1D7D00 with size 48
###Close file handle = 0x000001CE2B148770, eventID = 0060, event Info = 0x000001CE2B15A750
[Close] \
###Create file handle = 0x000001CE2B1483F0, eventID = 0061, event Info = 0x000001CE2B15A590
[ZwCreateFile] \
Dokan Information: DokanEndDispatchCreate() status = 0, file handle = 0x000001CE2B1483F0, eventID = 0061, result = 0x1
Dokan Information: SendAndPullEventInformation() with NTSTATUS 0x0, context 0x2b1483f0, and result object 0x000001CE2B1D7D00 with size 48
###QueryVolumeInfo file handle = 0x000001CE2B1483F0, eventID = 0061, event Info = 0x000001CE2B15A590
[GetVolumeInformation]
Dokan Information: SendAndPullEventInformation() with NTSTATUS 0x0, context 0x2b1483f0, and result object 0x000001CE2B1D7D00 with size 64
###GetFileInfo file handle = 0x000001CE2B1483F0, eventID = 0061, event Info = 0x000001CE2B15A590
	result =  0
	FileAllInformation
	DispatchQueryInformation result =  0
Dokan Information: SendAndPullEventInformation() with NTSTATUS 0x0, context 0x2b1483f0, and result object 0x000001CE2B1D7D00 with size 140
###Cleanup file handle = 0x000001CE2B1483F0, eventID = 0061, event Info = 0x000001CE2B15A590
Dokan Information: SendAndPullEventInformation() with NTSTATUS 0x0, context 0x2b1483f0, and result object 0x000001CE2B1D7D00 with size 48
###Close file handle = 0x000001CE2B1483F0, eventID = 0061, event Info = 0x000001CE2B15A590
[Close] \
###Create file handle = 0x000001CE2B148770, eventID = 0062, event Info = 0x000001CE2B15A750
[ZwCreateFile] \
Dokan Information: DokanEndDispatchCreate() status = 0, file handle = 0x000001CE2B148770, eventID = 0062, result = 0x1
Dokan Information: SendAndPullEventInformation() with NTSTATUS 0x0, context 0x2b148770, and result object 0x000001CE2B1D7D00 with size 48
###QueryVolumeInfo file handle = 0x000001CE2B148770, eventID = 0062, event Info = 0x000001CE2B15A750
[GetVolumeInformation]
Dokan Information: SendAndPullEventInformation() with NTSTATUS 0x0, context 0x2b148770, and result object 0x000001CE2B1D7D00 with size 64
###GetFileInfo file handle = 0x000001CE2B148770, eventID = 0062, event Info = 0x000001CE2B15A750
	result =  0
	FileAllInformation
	DispatchQueryInformation result =  0
Dokan Information: SendAndPullEventInformation() with NTSTATUS 0x0, context 0x2b148770, and result object 0x000001CE2B1D7D00 with size 140
###Cleanup file handle = 0x000001CE2B148770, eventID = 0062, event Info = 0x000001CE2B15A750
Dokan Information: SendAndPullEventInformation() with NTSTATUS 0x0, context 0x2b148770, and result object 0x000001CE2B1D7D00 with size 48
###Close file handle = 0x000001CE2B148770, eventID = 0062, event Info = 0x000001CE2B15A750
[Close] \
###Create file handle = 0x000001CE2B1483F0, eventID = 0063, event Info = 0x000001CE2B15A590
[ZwCreateFile] \
Dokan Information: DokanEndDispatchCreate() status = 0, file handle = 0x000001CE2B1483F0, eventID = 0063, result = 0x1
Dokan Information: SendAndPullEventInformation() with NTSTATUS 0x0, context 0x2b1483f0, and result object 0x000001CE2B1D7D00 with size 48
###QueryVolumeInfo file handle = 0x000001CE2B1483F0, eventID = 0063, event Info = 0x000001CE2B15A590
[GetVolumeInformation]
Dokan Information: SendAndPullEventInformation() with NTSTATUS 0x0, context 0x2b1483f0, and result object 0x000001CE2B1D7D00 with size 64
###GetFileInfo file handle = 0x000001CE2B1483F0, eventID = 0063, event Info = 0x000001CE2B15A590
	result =  0
	FileAllInformation
	DispatchQueryInformation result =  0
Dokan Information: SendAndPullEventInformation() with NTSTATUS 0x0, context 0x2b1483f0, and result object 0x000001CE2B1D7D00 with size 140
###Cleanup file handle = 0x000001CE2B1483F0, eventID = 0063, event Info = 0x000001CE2B15A590
Dokan Information: SendAndPullEventInformation() with NTSTATUS 0x0, context 0x2b1483f0, and result object 0x000001CE2B1D7D00 with size 48
###Close file handle = 0x000001CE2B1483F0, eventID = 0063, event Info = 0x000001CE2B15A590
[Close] \
###Create file handle = 0x000001CE2B148770, eventID = 0064, event Info = 0x000001CE2B15A750
[ZwCreateFile] \
Dokan Information: DokanEndDispatchCreate() status = 0, file handle = 0x000001CE2B148770, eventID = 0064, result = 0x1
Dokan Information: SendAndPullEventInformation() with NTSTATUS 0x0, context 0x2b148770, and result object 0x000001CE2B1D7D00 with size 48
###QueryVolumeInfo file handle = 0x000001CE2B148770, eventID = 0064, event Info = 0x000001CE2B15A750
[GetVolumeInformation]
Dokan Information: SendAndPullEventInformation() with NTSTATUS 0x0, context 0x2b148770, and result object 0x000001CE2B1D7D00 with size 64
###GetFileInfo file handle = 0x000001CE2B148770, eventID = 0064, event Info = 0x000001CE2B15A750
	result =  0
	FileAllInformation
	DispatchQueryInformation result =  0
Dokan Information: SendAndPullEventInformation() with NTSTATUS 0x0, context 0x2b148770, and result object 0x000001CE2B1D7D00 with size 140
###Cleanup file handle = 0x000001CE2B148770, eventID = 0064, event Info = 0x000001CE2B15A750
Dokan Information: SendAndPullEventInformation() with NTSTATUS 0x0, context 0x2b148770, and result object 0x000001CE2B1D7D00 with size 48
###Close file handle = 0x000001CE2B148770, eventID = 0064, event Info = 0x000001CE2B15A750
[Close] \
###Create file handle = 0x000001CE2B1483F0, eventID = 0065, event Info = 0x000001CE2B15A590
[ZwCreateFile] \
Dokan Information: DokanEndDispatchCreate() status = 0, file handle = 0x000001CE2B1483F0, eventID = 0065, result = 0x1
Dokan Information: SendAndPullEventInformation() with NTSTATUS 0x0, context 0x2b1483f0, and result object 0x000001CE2B1D7D00 with size 48
###QueryVolumeInfo file handle = 0x000001CE2B1483F0, eventID = 0065, event Info = 0x000001CE2B15A590
[GetVolumeInformation]
Dokan Information: SendAndPullEventInformation() with NTSTATUS 0x0, context 0x2b1483f0, and result object 0x000001CE2B1D7D00 with size 64
###GetFileInfo file handle = 0x000001CE2B1483F0, eventID = 0065, event Info = 0x000001CE2B15A590
	result =  0
	FileAllInformation
	DispatchQueryInformation result =  0
Dokan Information: SendAndPullEventInformation() with NTSTATUS 0x0, context 0x2b1483f0, and result object 0x000001CE2B1D7D00 with size 140
###Cleanup file handle = 0x000001CE2B1483F0, eventID = 0065, event Info = 0x000001CE2B15A590
Dokan Information: SendAndPullEventInformation() with NTSTATUS 0x0, context 0x2b1483f0, and result object 0x000001CE2B1D7D00 with size 48
###Close file handle = 0x000001CE2B1483F0, eventID = 0065, event Info = 0x000001CE2B15A590
[Close] \
###Create file handle = 0x000001CE2B1483F0, eventID = 0066, event Info = 0x000001CE2B15A590
[ZwCreateFile] \
Dokan Information: DokanEndDispatchCreate() status = 0, file handle = 0x000001CE2B1483F0, eventID = 0066, result = 0x1
Dokan Information: SendAndPullEventInformation() with NTSTATUS 0x0, context 0x2b1483f0, and result object 0x000001CE2B1D7D00 with size 48
###GetFileInfo file handle = 0x000001CE2B1483F0, eventID = 0066, event Info = 0x000001CE2B15A590
	result =  0
	FileStandardInformation
	DispatchQueryInformation result =  0
Dokan Information: SendAndPullEventInformation() with NTSTATUS 0x0, context 0x2b1483f0, and result object 0x000001CE2B1D7D00 with size 64
###QueryVolumeInfo file handle = 0x000001CE2B1483F0, eventID = 0066, event Info = 0x000001CE2B15A590
[GetVolumeInformation]
Dokan Information: SendAndPullEventInformation() with NTSTATUS 0x0, context 0x2b1483f0, and result object 0x000001CE2B1D7D00 with size 74
###QueryVolumeInfo file handle = 0x000001CE2B1483F0, eventID = 0066, event Info = 0x000001CE2B15A590
[GetVolumeInformation]
Dokan Information: SendAndPullEventInformation() with NTSTATUS 0x0, context 0x2b1483f0, and result object 0x000001CE2B1D7D00 with size 68
###Cleanup file handle = 0x000001CE2B1483F0, eventID = 0066, event Info = 0x000001CE2B15A590
Dokan Information: SendAndPullEventInformation() with NTSTATUS 0x0, context 0x2b1483f0, and result object 0x000001CE2B1D7D00 with size 48
###Close file handle = 0x000001CE2B1483F0, eventID = 0066, event Info = 0x000001CE2B15A590
[Close] \
###Create file handle = 0x000001CE2B148770, eventID = 0067, event Info = 0x000001CE2B15A750
[ZwCreateFile] \
Dokan Information: DokanEndDispatchCreate() status = 0, file handle = 0x000001CE2B148770, eventID = 0067, result = 0x1
Dokan Information: SendAndPullEventInformation() with NTSTATUS 0x0, context 0x2b148770, and result object 0x000001CE2B1D7D00 with size 48
###GetFileInfo file handle = 0x000001CE2B148770, eventID = 0067, event Info = 0x000001CE2B15A750
	result =  0
	FileNetworkOpenInformation
	DispatchQueryInformation result =  0
Dokan Information: SendAndPullEventInformation() with NTSTATUS 0x0, context 0x2b148770, and result object 0x000001CE2B1D7D00 with size 96
###Cleanup file handle = 0x000001CE2B148770, eventID = 0067, event Info = 0x000001CE2B15A750
Dokan Information: SendAndPullEventInformation() with NTSTATUS 0x0, context 0x2b148770, and result object 0x000001CE2B1D7D00 with size 48
###Close file handle = 0x000001CE2B148770, eventID = 0067, event Info = 0x000001CE2B15A750
[Close] \
###Create file handle = 0x000001CE2B148770, eventID = 0068, event Info = 0x000001CE2B15A750
[ZwCreateFile] \
Dokan Information: DokanEndDispatchCreate() status = 0, file handle = 0x000001CE2B148770, eventID = 0068, result = 0x1
Dokan Information: SendAndPullEventInformation() with NTSTATUS 0x0, context 0x2b148770, and result object 0x000001CE2B1D7D00 with size 48
###GetFileInfo file handle = 0x000001CE2B148770, eventID = 0068, event Info = 0x000001CE2B15A750
	result =  0
	FileBasicInformation
	DispatchQueryInformation result =  0
Dokan Information: SendAndPullEventInformation() with NTSTATUS 0x0, context 0x2b148770, and result object 0x000001CE2B1D7D00 with size 80
###Cleanup file handle = 0x000001CE2B148770, eventID = 0068, event Info = 0x000001CE2B15A750
Dokan Information: SendAndPullEventInformation() with NTSTATUS 0x0, context 0x2b148770, and result object 0x000001CE2B1D7D00 with size 48
###Close file handle = 0x000001CE2B148770, eventID = 0068, event Info = 0x000001CE2B15A750
[Close] \
###Create file handle = 0x000001CE2B148770, eventID = 0069, event Info = 0x000001CE2B15A750
[ZwCreateFile] \proj
Dokan Information: DokanEndDispatchCreate() status = c0000034, file handle = 0x0000000000000000, eventID = -001, result = 0x5
Dokan Information: SendAndPullEventInformation() with NTSTATUS 0xc0000034, context 0x0, and result object 0x000001CE2B1D7D00 with size 48
###Create file handle = 0x000001CE2B148770, eventID = 0070, event Info = 0x000001CE2B15A750
[ZwCreateFile] \proj
Dokan Information: DokanEndDispatchCreate() status = c0000034, file handle = 0x0000000000000000, eventID = -001, result = 0x5
Dokan Information: SendAndPullEventInformation() with NTSTATUS 0xc0000034, context 0x0, and result object 0x000001CE2B1D7D00 with size 48
###Create file handle = 0x000001CE2B148770, eventID = 0071, event Info = 0x000001CE2B15A750
[ZwCreateFile] \proj
Dokan Information: DokanEndDispatchCreate() status = c0000034, file handle = 0x0000000000000000, eventID = -001, result = 0x5
Dokan Information: SendAndPullEventInformation() with NTSTATUS 0xc0000034, context 0x0, and result object 0x000001CE2B1D7D00 with size 48
###Create file handle = 0x000001CE2B148770, eventID = 0072, event Info = 0x000001CE2B15A750
[ZwCreateFile] \
Dokan Information: DokanEndDispatchCreate() status = 0, file handle = 0x000001CE2B148770, eventID = 0072, result = 0x1
Dokan Information: SendAndPullEventInformation() with NTSTATUS 0x0, context 0x2b148770, and result object 0x000001CE2B1D7D00 with size 48
###FindFiles file handle = 0x000001CE2B148770, eventID = 0072, event Info = 0x000001CE2B15A750
WriteDirectoryResults() New directory index is -1.
  STATUS_NO_SUCH_FILE
Dokan Information: SendAndPullEventInformation() with NTSTATUS 0xc000000f, context 0x2b148770, and result object 0x000001CE2B1D7D00 with size 48
###Cleanup file handle = 0x000001CE2B148770, eventID = 0072, event Info = 0x000001CE2B15A750
Dokan Information: SendAndPullEventInformation() with NTSTATUS 0x0, context 0x2b148770, and result object 0x000001CE2B1D7D00 with size 48
###Close file handle = 0x000001CE2B148770, eventID = 0072, event Info = 0x000001CE2B15A750
[Close] \
###Create file handle = 0x000001CE2B1483F0, eventID = 0073, event Info = 0x000001CE2B15A590
[ZwCreateFile] \proj
Dokan Information: DokanEndDispatchCreate() status = 0, file handle = 0x000001CE2B1483F0, eventID = 0073, result = 0x2
Dokan Information: SendAndPullEventInformation() with NTSTATUS 0x0, context 0x2b1483f0, and result object 0x000001CE2B1D7D00 with size 48
###GetFileInfo file handle = 0x000001CE2B1483F0, eventID = 0073, event Info = 0x000001CE2B15A590
	result =  0
	FileStandardInformation
	DispatchQueryInformation result =  0
Dokan Information: SendAndPullEventInformation() with NTSTATUS 0x0, context 0x2b1483f0, and result object 0x000001CE2B1D7D00 with size 64
###GetFileInfo file handle = 0x000001CE2B1483F0, eventID = 0073, event Info = 0x000001CE2B15A590
	result =  0
	FileBasicInformation
	DispatchQueryInformation result =  0
Dokan Information: SendAndPullEventInformation() with NTSTATUS 0x0, context 0x2b1483f0, and result object 0x000001CE2B1D7D00 with size 80
###Cleanup file handle = 0x000001CE2B1483F0, eventID = 0073, event Info = 0x000001CE2B15A590
Dokan Information: SendAndPullEventInformation() with NTSTATUS 0x0, context 0x2b1483f0, and result object 0x000001CE2B1D7D00 with size 48
###Close file handle = 0x000001CE2B1483F0, eventID = 0073, event Info = 0x000001CE2B15A590
[Close] \proj
###Create file handle = 0x000001CE2B148770, eventID = 0074, event Info = 0x000001CE2B15A750
[ZwCreateFile] \proj\src
Dokan Information: DokanEndDispatchCreate() status = c0000034, file handle = 0x0000000000000000, eventID = -001, result = 0x5
Dokan Information: SendAndPullEventInformation() with NTSTATUS 0xc0000034, context 0x0, and result object 0x000001CE2B1D7D00 with size 48
###Create file handle = 0x000001CE2B148770, eventID = 0075, event Info = 0x000001CE2B15A750
[ZwCreateFile] \proj\src
Dokan Information: DokanEndDispatchCreate() status = c0000034, file handle = 0x0000000000000000, eventID = -001, result = 0x5
Dokan Information: SendAndPullEventInformation() with NTSTATUS 0xc0000034, context 0x0, and result object 0x000001CE2B1D7D00 with size 48
###Create file handle = 0x000001CE2B148770, eventID = 0076, event Info = 0x000001CE2B15A750
[ZwCreateFile] \proj
Dokan Information: DokanEndDispatchCreate() status = 0, file handle = 0x000001CE2B148770, eventID = 0076, result = 0x1
Dokan Information: SendAndPullEventInformation() with NTSTATUS 0x0, context 0x2b148770, and result object 0x000001CE2B1D7D00 with size 48
###GetFileInfo file handle = 0x000001CE2B148770, eventID = 0076, event Info = 0x000001CE2B15A750
	result =  0
	FileNetworkOpenInformation
	DispatchQueryInformation result =  0
Dokan Information: SendAndPullEventInformation() with NTSTATUS 0x0, context 0x2b148770, and result object 0x000001CE2B1D7D00 with size 96
###Cleanup file handle = 0x000001CE2B148770, eventID = 0076, event Info = 0x000001CE2B15A750
Dokan Information: SendAndPullEventInformation() with NTSTATUS 0x0, context 0x2b148770, and result object 0x000001CE2B1D7D00 with size 48
###Close file handle = 0x000001CE2B148770, eventID = 0076, event Info = 0x000001CE2B15A750
[Close] \proj
###Create file handle = 0x000001CE2B1483F0, eventID = 0077, event Info = 0x000001CE2B15A590
[ZwCreateFile] \proj
Dokan Information: DokanEndDispatchCreate() status = 0, file handle = 0x000001CE2B1483F0, eventID = 0077, result = 0x1
Dokan Information: SendAndPullEventInformation() with NTSTATUS 0x0, context 0x2b1483f0, and result object 0x000001CE2B1D7D00 with size 48
###FindFiles file handle = 0x000001CE2B1483F0, eventID = 0077, event Info = 0x000001CE2B15A590
WriteDirectoryResults() New directory index is -1.
  STATUS_NO_SUCH_FILE
Dokan Information: SendAndPullEventInformation() with NTSTATUS 0xc000000f, context 0x2b1483f0, and result object 0x000001CE2B1D7D00 with size 48
###Cleanup file handle = 0x000001CE2B1483F0, eventID = 0077, event Info = 0x000001CE2B15A590
Dokan Information: SendAndPullEventInformation() with NTSTATUS 0x0, context 0x2b1483f0, and result object 0x000001CE2B1D7D00 with size 48
###Close file handle = 0x000001CE2B1483F0, eventID = 0077, event Info = 0x000001CE2B15A590
###Create file handle = 0x000001CE2B148770, eventID = 0078, event Info = 0x000001CE2B15A750
[Close] \proj
[ZwCreateFile] \proj\src
Dokan Information: DokanEndDispatchCreate() status = 0, file handle = 0x000001CE2B148770, eventID = 0078, result = 0x2
Dokan Information: SendAndPullEventInformation() with NTSTATUS 0x0, context 0x2b148770, and result object 0x000001CE2B1D7D00 with size 48
###GetFileInfo file handle = 0x000001CE2B148770, eventID = 0078, event Info = 0x000001CE2B15A750
	result =  0
	FileStandardInformation
	DispatchQueryInformation result =  0
Dokan Information: SendAndPullEventInformation() with NTSTATUS 0x0, context 0x2b148770, and result object 0x000001CE2B1D7D00 with size 64
###GetFileInfo file handle = 0x000001CE2B148770, eventID = 0078, event Info = 0x000001CE2B15A750
	result =  0
	FileBasicInformation
	DispatchQueryInformation result =  0
Dokan Information: SendAndPullEventInformation() with NTSTATUS 0x0, context 0x2b148770, and result object 0x000001CE2B1D7D00 with size 80
###Cleanup file handle = 0x000001CE2B148770, eventID = 0078, event Info = 0x000001CE2B15A750
Dokan Information: SendAndPullEventInformation() with NTSTATUS 0x0, context 0x2b148770, and result object 0x000001CE2B1D7D00 with size 48
###Close file handle = 0x000001CE2B148770, eventID = 0078, event Info = 0x000001CE2B15A750
[Close] \proj\src
###Create file handle = 0x000001CE2B148770, eventID = 0079, event Info = 0x000001CE2B15A750
[ZwCreateFile] \proj\src\main.c
Dokan Information: DokanEndDispatchCreate() status = c0000034, file handle = 0x0000000000000000, eventID = -001, result = 0x5
Dokan Information: SendAndPullEventInformation() with NTSTATUS 0xc0000034, context 0x0, and result object 0x000001CE2B1D7D00 with size 48
###Create file handle = 0x000001CE2B148770, eventID = 0080, event Info = 0x000001CE2B15A750
[ZwCreateFile] \proj\src\main.c
Dokan Information: DokanEndDispatchCreate() status = c0000034, file handle = 0x0000000000000000, eventID = -001, result = 0x5
Dokan Information: SendAndPullEventInformation() with NTSTATUS 0xc0000034, context 0x0, and result object 0x000001CE2B1D7D00 with size 48
###Create file handle = 0x000001CE2B148770, eventID = 0081, event Info = 0x000001CE2B15A750
[ZwCreateFile] \proj\src\main.c
Dokan Information: DokanEndDispatchCreate() status = c0000034, file handle = 0x0000000000000000, eventID = -001, result = 0x5
Dokan Information: SendAndPullEventInformation() with NTSTATUS 0xc0000034, context 0x0, and result object 0x000001CE2B1D7D00 with size 48
###Create file handle = 0x000001CE2B148770, eventID = 0082, event Info = 0x000001CE2B15A750
[ZwCreateFile] \proj\src\main.c
Dokan Information: DokanEndDispatchCreate() status = c0000034, file handle = 0x0000000000000000, eventID = -001, result = 0x5
Dokan Information: SendAndPullEventInformation() with NTSTATUS 0xc0000034, context 0x0, and result object 0x000001CE2B1D7D00 with size 48
###Create file handle = 0x000001CE2B148770, eventID = 0083, event Info = 0x000001CE2B15A750
[ZwCreateFile] \proj\src
Dokan Information: DokanEndDispatchCreate() status = 0, file handle = 0x000001CE2B148770, eventID = 0083, result = 0x1
Dokan Information: SendAndPullEventInformation() with NTSTATUS 0x0, context 0x2b148770, and result object 0x000001CE2B1D7D00 with size 48
###FindFiles file handle = 0x000001CE2B148770, eventID = 0083, event Info = 0x000001CE2B15A750
WriteDirectoryResults() New directory index is -1.
  STATUS_NO_SUCH_FILE
Dokan Information: SendAndPullEventInformation() with NTSTATUS 0xc000000f, context 0x2b148770, and result object 0x000001CE2B1D7D00 with size 48
###Cleanup file handle = 0x000001CE2B148770, eventID = 0083, event Info = 0x000001CE2B15A750
Dokan Information: SendAndPullEventInformation() with NTSTATUS 0x0, context 0x2b148770, and result object 0x000001CE2B1D7D00 with size 48
###Close file handle = 0x000001CE2B148770, eventID = 0083, event Info = 0x000001CE2B15A750
[Close] \proj\src
###Create file handle = 0x000001CE2B1483F0, eventID = 0084, event Info = 0x000001CE2B15A590
[ZwCreateFile] \proj\src\main.c
Dokan Information: DokanEndDispatchCreate() status = 0, file handle = 0x000001CE2B1483F0, eventID = 0084, result = 0x2
Dokan Information: SendAndPullEventInformation() with NTSTATUS 0x0, context 0x2b1483f0, and result object 0x000001CE2B1D7D00 with size 48
###GetFileInfo file handle = 0x000001CE2B1483F0, eventID = 0084, event Info = 0x000001CE2B15A590
	result =  c0000034
	DispatchQueryInformation result =  c0000034
Dokan Information: SendAndPullEventInformation() with NTSTATUS 0xc000000d, context 0x2b1483f0, and result object 0x000001CE2B1D7D00 with size 48
###GetFileInfo file handle = 0x000001CE2B1483F0, eventID = 0084, event Info = 0x000001CE2B15A590
	result =  c0000034
	DispatchQueryInformation result =  c0000034
Dokan Information: SendAndPullEventInformation() with NTSTATUS 0xc000000d, context 0x2b1483f0, and result object 0x000001CE2B1D7D00 with size 48
###GetFileInfo file handle = 0x000001CE2B1483F0, eventID = 0084, event Info = 0x000001CE2B15A590
	result =  c0000034
	DispatchQueryInformation result =  c0000034
Dokan Information: SendAndPullEventInformation() with NTSTATUS 0xc000000d, context 0x2b1483f0, and result object 0x000001CE2B1D7D00 with size 48
###GetFileInfo file handle = 0x000001CE2B1483F0, eventID = 0084, event Info = 0x000001CE2B15A590
	result =  c0000034
	DispatchQueryInformation result =  c0000034
Dokan Information: SendAndPullEventInformation() with NTSTATUS 0xc000000d, context 0x2b1483f0, and result object 0x000001CE2B1D7D00 with size 48
###GetFileInfo file handle = 0x000001CE2B1483F0, eventID = 0084, event Info = 0x000001CE2B15A590
	result =  c0000034
	DispatchQueryInformation result =  c0000034
Dokan Information: SendAndPullEventInformation() with NTSTATUS 0xc000000d, context 0x2b1483f0, and result object 0x000001CE2B1D7D00 with size 48
###Create file handle = 0x000001CE2B148770, eventID = 0085, event Info = 0x000001CE2B15A590
[ZwCreateFile] \proj\src\util.c
Dokan Information: DokanEndDispatchCreate() status = c0000034, file handle = 0x0000000000000000, eventID = -001, result = 0x5
Dokan Information: SendAndPullEventInformation() with NTSTATUS 0xc0000034, context 0x0, and result object 0x000001CE2B1D7D00 with size 48
###Create file handle = 0x000001CE2B148770, eventID = 0086, event Info = 0x000001CE2B15A590
[ZwCreateFile] \proj\src\util.c
Dokan Information: DokanEndDispatchCreate() status = c0000034, file handle = 0x0000000000000000, eventID = -001, result = 0x5
Dokan Information: SendAndPullEventInformation() with NTSTATUS 0xc0000034, context 0x0, and result object 0x000001CE2B1D7D00 with size 48
###Create file handle = 0x000001CE2B148770, eventID = 0087, event Info = 0x000001CE2B15A590
[ZwCreateFile] \proj\src\util.c
Dokan Information: DokanEndDispatchCreate() status = c0000034, file handle = 0x0000000000000000, eventID = -001, result = 0x5
Dokan Information: SendAndPullEventInformation() with NTSTATUS 0xc0000034, context 0x0, and result object 0x000001CE2B1D7D00 with size 48
###Create file handle = 0x000001CE2B148770, eventID = 0088, event Info = 0x000001CE2B15A590
[ZwCreateFile] \proj\src\util.c
Dokan Information: DokanEndDispatchCreate() status = c0000034, file handle = 0x0000000000000000, eventID = -001, result = 0x5
Dokan Information: SendAndPullEventInformation() with NTSTATUS 0xc0000034, context 0x0, and result object 0x000001CE2B1D7D00 with size 48
###Create file handle = 0x000001CE2B148770, eventID = 0089, event Info = 0x000001CE2B15A590
[ZwCreateFile] \proj\src
Dokan Information: DokanEndDispatchCreate() status = 0, file handle = 0x000001CE2B148770, eventID = 0089, result = 0x1
Dokan Information: SendAndPullEventInformation() with NTSTATUS 0x0, context 0x2b148770, and result object 0x000001CE2B1D7D00 with size 48
###FindFiles file handle = 0x000001CE2B148770, eventID = 0089, event Info = 0x000001CE2B15A590
WriteDirectoryResults() New directory index is -1.
  STATUS_NO_SUCH_FILE
Dokan Information: SendAndPullEventInformation() with NTSTATUS 0xc000000f, context 0x2b148770, and result object 0x000001CE2B1D7D00 with size 48
###Cleanup file handle = 0x000001CE2B148770, eventID = 0089, event Info = 0x000001CE2B15A590
Dokan Information: SendAndPullEventInformation() with NTSTATUS 0x0, context 0x2b148770, and result object 0x000001CE2B1D7D00 with size 48
###Close file handle = 0x000001CE2B148770, eventID = 0089, event Info = 0x000001CE2B15A590
[Close] \proj\src
###Create file handle = 0x000001CE2B147C70, eventID = 0090, event Info = 0x000001CE2B15A750
[ZwCreateFile] \proj\src\util.c
Dokan Information: DokanEndDispatchCreate() status = 0, file handle = 0x000001CE2B147C70, eventID = 0090, result = 0x2
Dokan Information: SendAndPullEventInformation() with NTSTATUS 0x0, context 0x2b147c70, and result object 0x000001CE2B1D7D00 with size 48
###GetFileInfo file handle = 0x000001CE2B147C70, eventID = 0090, event Info = 0x000001CE2B15A750
	result =  c0000034
	DispatchQueryInformation result =  c0000034
Dokan Information: SendAndPullEventInformation() with NTSTATUS 0xc000000d, context 0x2b147c70, and result object 0x000001CE2B1D7D00 with size 48
###GetFileInfo file handle = 0x000001CE2B147C70, eventID = 0090, event Info = 0x000001CE2B15A750
	result =  c0000034
	DispatchQueryInformation result =  c0000034
Dokan Information: SendAndPullEventInformation() with NTSTATUS 0xc000000d, context 0x2b147c70, and result object 0x000001CE2B1D7D00 with size 48
###GetFileInfo file handle = 0x000001CE2B147C70, eventID = 0090, event Info = 0x000001CE2B15A750
	result =  c0000034
	DispatchQueryInformation result =  c0000034
Dokan Information: SendAndPullEventInformation() with NTSTATUS 0xc000000d, context 0x2b147c70, and result object 0x000001CE2B1D7D00 with size 48
###GetFileInfo file handle = 0x000001CE2B147C70, eventID = 0090, event Info = 0x000001CE2B15A750
	result =  c0000034
	DispatchQueryInformation result =  c0000034
Dokan Information: SendAndPullEventInformation() with NTSTATUS 0xc000000d, context 0x2b147c70, and result object 0x000001CE2B1D7D00 with size 48
###GetFileInfo file handle = 0x000001CE2B147C70, eventID = 0090, event Info = 0x000001CE2B15A750
	result =  c0000034
	DispatchQueryInformation result =  c0000034
Dokan Information: SendAndPullEventInformation() with NTSTATUS 0xc000000d, context 0x2b147c70, and result object 0x000001CE2B1D7D00 with size 48
###Cleanup file handle = 0x000001CE2B147C70, eventID = 0090, event Info = 0x000001CE2B15A750
Dokan Information: SendAndPullEventInformation() with NTSTATUS 0x0, context 0x2b147c70, and result object 0x000001CE2B1D7D00 with size 48
###Close file handle = 0x000001CE2B147C70, eventID = 0090, event Info = 0x000001CE2B15A750
###Cleanup file handle = 0x000001CE2B1483F0, eventID = 0084, event Info = 0x000001CE2B15A590
[Close] \proj\src\util.c
Dokan Information: SendAndPullEventInformation() with NTSTATUS 0x0, context 0x2b1483f0, and result object 0x000001CE2B1D7D00 with size 48
###Close file handle = 0x000001CE2B1483F0, eventID = 0084, event Info = 0x000001CE2B15A590
[Close] \proj\src\main.c
###Create file handle = 0x000001CE2B1483F0, eventID = 0091, event Info = 0x000001CE2B15A590
[ZwCreateFile] \
Dokan Information: DokanEndDispatchCreate() status = 0, file handle = 0x000001CE2B1483F0, eventID = 0091, result = 0x1
Dokan Information: SendAndPullEventInformation() with NTSTATUS 0x0, context 0x2b1483f0, and result object 0x000001CE2B1D7D00 with size 48
###QueryVolumeInfo file handle = 0x000001CE2B1483F0, eventID = 0091, event Info = 0x000001CE2B15A590
[GetVolumeInformation]
Dokan Information: SendAndPullEventInformation() with NTSTATUS 0x0, context 0x2b1483f0, and result object 0x000001CE2B1D7D00 with size 74
###QueryVolumeInfo file handle = 0x000001CE2B1483F0, eventID = 0091, event Info = 0x000001CE2B15A590
[GetVolumeInformation]
Dokan Information: SendAndPullEventInformation() with NTSTATUS 0x0, context 0x2b1483f0, and result object 0x000001CE2B1D7D00 with size 68
###Cleanup file handle = 0x000001CE2B1483F0, eventID = 0091, event Info = 0x000001CE2B15A590
Dokan Information: SendAndPullEventInformation() with NTSTATUS 0x0, context 0x2b1483f0, and result object 0x000001CE2B1D7D00 with size 48
###Close file handle = 0x000001CE2B1483F0, eventID = 0091, event Info = 0x000001CE2B15A590
[Close] \
###Create file handle = 0x000001CE2B147C70, eventID = 0092, event Info = 0x000001CE2B15A750
[ZwCreateFile] \
Dokan Information: DokanEndDispatchCreate() status = 0, file handle = 0x000001CE2B147C70, eventID = 0092, result = 0x1
Dokan Information: SendAndPullEventInformation() with NTSTATUS 0x0, context 0x2b147c70, and result object 0x000001CE2B1D7D00 with size 48
###GetFileInfo file handle = 0x000001CE2B147C70, eventID = 0092, event Info = 0x000001CE2B15A750
	result =  0
	FileNetworkOpenInformation
	DispatchQueryInformation result =  0
Dokan Information: SendAndPullEventInformation() with NTSTATUS 0x0, context 0x2b147c70, and result object 0x000001CE2B1D7D00 with size 96
###Cleanup file handle = 0x000001CE2B147C70, eventID = 0092, event Info = 0x000001CE2B15A750
Dokan Information: SendAndPullEventInformation() with NTSTATUS 0x0, context 0x2b147c70, and result object 0x000001CE2B1D7D00 with size 48
###Close file handle = 0x000001CE2B147C70, eventID = 0092, event Info = 0x000001CE2B15A750
[Close] \
###Create file handle = 0x000001CE2B147C70, eventID = 0093, event Info = 0x000001CE2B15A750
[ZwCreateFile] \
Dokan Information: DokanEndDispatchCreate() status = 0, file handle = 0x000001CE2B147C70, eventID = 0093, result = 0x1
Dokan Information: SendAndPullEventInformation() with NTSTATUS 0x0, context 0x2b147c70, and result object 0x000001CE2B1D7D00 with size 48
###GetFileInfo file handle = 0x000001CE2B147C70, eventID = 0093, event Info = 0x000001CE2B15A750
	result =  0
	FileBasicInformation
	DispatchQueryInformation result =  0
Dokan Information: SendAndPullEventInformation() with NTSTATUS 0x0, context 0x2b147c70, and result object 0x000001CE2B1D7D00 with size 80
###Cleanup file handle = 0x000001CE2B147C70, eventID = 0093, event Info = 0x000001CE2B15A750
Dokan Information: SendAndPullEventInformation() with NTSTATUS 0x0, context 0x2b147c70, and result object 0x000001CE2B1D7D00 with size 48
###Close file handle = 0x000001CE2B147C70, eventID = 0093, event Info = 0x000001CE2B15A750
[Close] \
###Create file handle = 0x000001CE2B147C70, eventID = 0094, event Info = 0x000001CE2B15A750
[ZwCreateFile] \proj
Dokan Information: DokanEndDispatchCreate() status = 0, file handle = 0x000001CE2B147C70, eventID = 0094, result = 0x1
Dokan Information: SendAndPullEventInformation() with NTSTATUS 0x0, context 0x2b147c70, and result object 0x000001CE2B1D7D00 with size 48
###GetFileInfo file handle = 0x000001CE2B147C70, eventID = 0094, event Info = 0x000001CE2B15A750
	result =  0
	FileStandardInformation
	DispatchQueryInformation result =  0
Dokan Information: SendAndPullEventInformation() with NTSTATUS 0x0, context 0x2b147c70, and result object 0x000001CE2B1D7D00 with size 64
###GetFileInfo file handle = 0x000001CE2B147C70, eventID = 0094, event Info = 0x000001CE2B15A750
	result =  0
	FileBasicInformation
	DispatchQueryInformation result =  0
Dokan Information: SendAndPullEventInformation() with NTSTATUS 0x0, context 0x2b147c70, and result object 0x000001CE2B1D7D00 with size 80
###Cleanup file handle = 0x000001CE2B147C70, eventID = 0094, event Info = 0x000001CE2B15A750
Dokan Information: SendAndPullEventInformation() with NTSTATUS 0x0, context 0x2b147c70, and result object 0x000001CE2B1D7D00 with size 48
###Close file handle = 0x000001CE2B147C70, eventID = 0094, event Info = 0x000001CE2B15A750
[Close] \proj
###Create file handle = 0x000001CE2B1483F0, eventID = 0095, event Info = 0x000001CE2B15A590
[ZwCreateFile] \proj
Dokan Information: DokanEndDispatchCreate() status = 0, file handle = 0x000001CE2B1483F0, eventID = 0095, result = 0x1
Dokan Information: SendAndPullEventInformation() with NTSTATUS 0x0, context 0x2b1483f0, and result object 0x000001CE2B1D7D00 with size 48
###GetFileInfo file handle = 0x000001CE2B1483F0, eventID = 0095, event Info = 0x000001CE2B15A590
	result =  0
	FileBasicInformation
	DispatchQueryInformation result =  0
Dokan Information: SendAndPullEventInformation() with NTSTATUS 0x0, context 0x2b1483f0, and result object 0x000001CE2B1D7D00 with size 80
###Cleanup file handle = 0x000001CE2B1483F0, eventID = 0095, event Info = 0x000001CE2B15A590
Dokan Information: SendAndPullEventInformation() with NTSTATUS 0x0, context 0x2b1483f0, and result object 0x000001CE2B1D7D00 with size 48
###Close file handle = 0x000001CE2B1483F0, eventID = 0095, event Info = 0x000001CE2B15A590
###Create file handle = 0x000001CE2B147C70, eventID = 0096, event Info = 0x000001CE2B15A750
[Close] \proj
[ZwCreateFile] \proj
Dokan Information: DokanEndDispatchCreate() status = 0, file handle = 0x000001CE2B147C70, eventID = 0096, result = 0x1
Dokan Information: SendAndPullEventInformation() with NTSTATUS 0x0, context 0x2b147c70, and result object 0x000001CE2B1D7D00 with size 48
###GetFileInfo file handle = 0x000001CE2B147C70, eventID = 0096, event Info = 0x000001CE2B15A750
	result =  0
	FileBasicInformation
	DispatchQueryInformation result =  0
Dokan Information: SendAndPullEventInformation() with NTSTATUS 0x0, context 0x2b147c70, and result object 0x000001CE2B1D7D00 with size 80
###Cleanup file handle = 0x000001CE2B147C70, eventID = 0096, event Info = 0x000001CE2B15A750
Dokan Information: SendAndPullEventInformation() with NTSTATUS 0x0, context 0x2b147c70, and result object 0x000001CE2B1D7D00 with size 48
###Close file handle = 0x000001CE2B147C70, eventID = 0096, event Info = 0x000001CE2B15A750
[Close] \proj
###Create file handle = 0x000001CE2B1483F0, eventID = 0097, event Info = 0x000001CE2B15A590
[ZwCreateFile] \proj
Dokan Information: DokanEndDispatchCreate() status = 0, file handle = 0x000001CE2B1483F0, eventID = 0097, result = 0x1
Dokan Information: SendAndPullEventInformation() with NTSTATUS 0x0, context 0x2b1483f0, and result object 0x000001CE2B1D7D00 with size 48
###GetFileInfo file handle = 0x000001CE2B1483F0, eventID = 0097, event Info = 0x000001CE2B15A590
	result =  0
	FileBasicInformation
	DispatchQueryInformation result =  0
Dokan Information: SendAndPullEventInformation() with NTSTATUS 0x0, context 0x2b1483f0, and result object 0x000001CE2B1D7D00 with size 80
###Cleanup file handle = 0x000001CE2B1483F0, eventID = 0097, event Info = 0x000001CE2B15A590
Dokan Information: SendAndPullEventInformation() with NTSTATUS 0x0, context 0x2b1483f0, and result object 0x000001CE2B1D7D00 with size 48
###Close file handle = 0x000001CE2B1483F0, eventID = 0097, event Info = 0x000001CE2B15A590
[Close] \proj
###Create file handle = 0x000001CE2B1483F0, eventID = 0098, event Info = 0x000001CE2B15A750
[ZwCreateFile] \proj
Dokan Information: DokanEndDispatchCreate() status = 0, file handle = 0x000001CE2B1483F0, eventID = 0098, result = 0x1
Dokan Information: SendAndPullEventInformation() with NTSTATUS 0x0, context 0x2b1483f0, and result object 0x000001CE2B1D7D00 with size 48
###GetFileInfo file handle = 0x000001CE2B1483F0, eventID = 0098, event Info = 0x000001CE2B15A750
	result =  0
	FileBasicInformation
	DispatchQueryInformation result =  0
Dokan Information: SendAndPullEventInformation() with NTSTATUS 0x0, context 0x2b1483f0, and result object 0x000001CE2B1D7D00 with size 80
###FindFiles file handle = 0x000001CE2B1483F0, eventID = 0098, event Info = 0x000001CE2B15A750
FileMatch? : . (*,0,0)
  =>return single entry
WriteDirectoryResults() New directory index is 1.
index to 1
Dokan Information: SendAndPullEventInformation() with NTSTATUS 0x0, context 0x2b1483f0, and result object 0x000001CE2B1D7D00 with size 144
###Create file handle = 0x000001CE2B147C70, eventID = 0099, event Info = 0x000001CE2B15A750
[ZwCreateFile] \proj
Dokan Information: DokanEndDispatchCreate() status = 0, file handle = 0x000001CE2B147C70, eventID = 0099, result = 0x1
Dokan Information: SendAndPullEventInformation() with NTSTATUS 0x0, context 0x2b147c70, and result object 0x000001CE2B1D7D00 with size 48
###GetFileInfo file handle = 0x000001CE2B147C70, eventID = 0099, event Info = 0x000001CE2B15A750
	result =  0
	FileBasicInformation
	DispatchQueryInformation result =  0
Dokan Information: SendAndPullEventInformation() with NTSTATUS 0x0, context 0x2b147c70, and result object 0x000001CE2B1D7D00 with size 80
###FindFiles file handle = 0x000001CE2B147C70, eventID = 0099, event Info = 0x000001CE2B15A750
FileMatch? : . (*,0,0)
  =>return single entry
WriteDirectoryResults() New directory index is 1.
index to 1
Dokan Information: SendAndPullEventInformation() with NTSTATUS 0x0, context 0x2b147c70, and result object 0x000001CE2B1D7D00 with size 144
###FindFiles file handle = 0x000001CE2B1483F0, eventID = 0098, event Info = 0x000001CE2B15A750
FileMatch? : . (*,1,0)
FileMatch? : .. (*,1,1)
  =>return
WriteDirectoryResults() New directory index is 2.
index to 2
Dokan Information: SendAndPullEventInformation() with NTSTATUS 0x0, context 0x2b1483f0, and result object 0x000001CE2B1D7D00 with size 144
###FindFiles file handle = 0x000001CE2B1483F0, eventID = 0098, event Info = 0x000001CE2B15A750
FileMatch? : . (*,2,0)
FileMatch? : .. (*,2,1)
WriteDirectoryResults() New directory index is -1.
  STATUS_NO_MORE_FILES
Dokan Information: SendAndPullEventInformation() with NTSTATUS 0x80000006, context 0x2b1483f0, and result object 0x000001CE2B1D7D00 with size 48
###Cleanup file handle = 0x000001CE2B1483F0, eventID = 0098, event Info = 0x000001CE2B15A750
Dokan Information: SendAndPullEventInformation() with NTSTATUS 0x0, context 0x2b1483f0, and result object 0x000001CE2B1D7D00 with size 48
###Close file handle = 0x000001CE2B1483F0, eventID = 0098, event Info = 0x000001CE2B15A750
###FindFiles file handle = 0x000001CE2B147C70, eventID = 0099, event Info = 0x000001CE2B15A590
[Close] \proj
FileMatch? : . (*,1,0)
FileMatch? : .. (*,1,1)
  =>return
WriteDirectoryResults() New directory index is 2.
index to 2
Dokan Information: SendAndPullEventInformation() with NTSTATUS 0x0, context 0x2b147c70, and result object 0x000001CE2B1D7D00 with size 144
###FindFiles file handle = 0x000001CE2B147C70, eventID = 0099, event Info = 0x000001CE2B15A590
FileMatch? : . (*,2,0)
FileMatch? : .. (*,2,1)
WriteDirectoryResults() New directory index is -1.
  STATUS_NO_MORE_FILES
Dokan Information: SendAndPullEventInformation() with NTSTATUS 0x80000006, context 0x2b147c70, and result object 0x000001CE2B1D7D00 with size 48
###Cleanup file handle = 0x000001CE2B147C70, eventID = 0099, event Info = 0x000001CE2B15A590
Dokan Information: SendAndPullEventInformation() with NTSTATUS 0x0, context 0x2b147c70, and result object 0x000001CE2B1D7D00 with size 48
###Close file handle = 0x000001CE2B147C70, eventID = 0099, event Info = 0x000001CE2B15A590
[Close] \proj
###Create file handle = 0x000001CE2B1483F0, eventID = 0100, event Info = 0x000001CE2B15A750
[ZwCreateFile] \proj
Dokan Information: DokanEndDispatchCreate() status = 0, file handle = 0x000001CE2B1483F0, eventID = 0100, result = 0x1
Dokan Information: SendAndPullEventInformation() with NTSTATUS 0x0, context 0x2b1483f0, and result object 0x000001CE2B1D7D00 with size 48
###GetFileInfo file handle = 0x000001CE2B1483F0, eventID = 0100, event Info = 0x000001CE2B15A750
	result =  0
	FileBasicInformation
	DispatchQueryInformation result =  0
Dokan Information: SendAndPullEventInformation() with NTSTATUS 0x0, context 0x2b1483f0, and result object 0x000001CE2B1D7D00 with size 80
###FindFiles file handle = 0x000001CE2B1483F0, eventID = 0100, event Info = 0x000001CE2B15A750
FileMatch? : . (*,0,0)
  =>return single entry
WriteDirectoryResults() New directory index is 1.
index to 1
Dokan Information: SendAndPullEventInformation() with NTSTATUS 0x0, context 0x2b1483f0, and result object 0x000001CE2B1D7D00 with size 144
###FindFiles file handle = 0x000001CE2B1483F0, eventID = 0100, event Info = 0x000001CE2B15A750
FileMatch? : . (*,1,0)
FileMatch? : .. (*,1,1)
  =>return
WriteDirectoryResults() New directory index is 2.
index to 2
Dokan Information: SendAndPullEventInformation() with NTSTATUS 0x0, context 0x2b1483f0, and result object 0x000001CE2B1D7D00 with size 144
###FindFiles file handle = 0x000001CE2B1483F0, eventID = 0100, event Info = 0x000001CE2B15A750
FileMatch? : . (*,2,0)
FileMatch? : .. (*,2,1)
WriteDirectoryResults() New directory index is -1.
  STATUS_NO_MORE_FILES
Dokan Information: SendAndPullEventInformation() with NTSTATUS 0x80000006, context 0x2b1483f0, and result object 0x000001CE2B1D7D00 with size 48
###Cleanup file handle = 0x000001CE2B1483F0, eventID = 0100, event Info = 0x000001CE2B15A750
Dokan Information: SendAndPullEventInformation() with NTSTATUS 0x0, context 0x2b1483f0, and result object 0x000001CE2B1D7D00 with size 48
###Close file handle = 0x000001CE2B1483F0, eventID = 0100, event Info = 0x000001CE2B15A750
[Close] \proj
###Create file handle = 0x000001CE2B1483F0, eventID = 0101, event Info = 0x000001CE2B15A750
[ZwCreateFile] \
Dokan Information: DokanEndDispatchCreate() status = 0, file handle = 0x000001CE2B1483F0, eventID = 0101, result = 0x1
Dokan Information: SendAndPullEventInformation() with NTSTATUS 0x0, context 0x2b1483f0, and result object 0x000001CE2B1D7D00 with size 48
###GetFileInfo file handle = 0x000001CE2B1483F0, eventID = 0101, event Info = 0x000001CE2B15A750
	result =  0
	FileStandardInformation
	DispatchQueryInformation result =  0
Dokan Information: SendAndPullEventInformation() with NTSTATUS 0x0, context 0x2b1483f0, and result object 0x000001CE2B1D7D00 with size 64
###QueryVolumeInfo file handle = 0x000001CE2B1483F0, eventID = 0101, event Info = 0x000001CE2B15A750
[GetVolumeInformation]
Dokan Information: SendAndPullEventInformation() with NTSTATUS 0x0, context 0x2b1483f0, and result object 0x000001CE2B1D7D00 with size 74
###QueryVolumeInfo file handle = 0x000001CE2B1483F0, eventID = 0101, event Info = 0x000001CE2B15A750
[GetVolumeInformation]
Dokan Information: SendAndPullEventInformation() with NTSTATUS 0x0, context 0x2b1483f0, and result object 0x000001CE2B1D7D00 with size 68
###Cleanup file handle = 0x000001CE2B1483F0, eventID = 0101, event Info = 0x000001CE2B15A750
Dokan Information: SendAndPullEventInformation() with NTSTATUS 0x0, context 0x2b1483f0, and result object 0x000001CE2B1D7D00 with size 48
###Close file handle = 0x000001CE2B1483F0, eventID = 0101, event Info = 0x000001CE2B15A750
[Close] \
###Create file handle = 0x000001CE2B147C70, eventID = 0102, event Info = 0x000001CE2B15A590
[ZwCreateFile] \
Dokan Information: DokanEndDispatchCreate() status = 0, file handle = 0x000001CE2B147C70, eventID = 0102, result = 0x1
Dokan Information: SendAndPullEventInformation() with NTSTATUS 0x0, context 0x2b147c70, and result object 0x000001CE2B1D7D00 with size 48
###GetFileInfo file handle = 0x000001CE2B147C70, eventID = 0102, event Info = 0x000001CE2B15A590
	result =  0
	FileStandardInformation
	DispatchQueryInformation result =  0
Dokan Information: SendAndPullEventInformation() with NTSTATUS 0x0, context 0x2b147c70, and result object 0x000001CE2B1D7D00 with size 64
###GetFileInfo file handle = 0x000001CE2B147C70, eventID = 0102, event Info = 0x000001CE2B15A590
	result =  0
	FileNetworkOpenInformation
	DispatchQueryInformation result =  0
Dokan Information: SendAndPullEventInformation() with NTSTATUS 0x0, context 0x2b147c70, and result object 0x000001CE2B1D7D00 with size 96
###Cleanup file handle = 0x000001CE2B147C70, eventID = 0102, event Info = 0x000001CE2B15A590
Dokan Information: SendAndPullEventInformation() with NTSTATUS 0x0, context 0x2b147c70, and result object 0x000001CE2B1D7D00 with size 48
###Close file handle = 0x000001CE2B147C70, eventID = 0102, event Info = 0x000001CE2B15A590
[Close] \
###Create file handle = 0x000001CE2B147C70, eventID = 0103, event Info = 0x000001CE2B15A590
[ZwCreateFile] \
Dokan Information: DokanEndDispatchCreate() status = 0, file handle = 0x000001CE2B147C70, eventID = 0103, result = 0x1
Dokan Information: SendAndPullEventInformation() with NTSTATUS 0x0, context 0x2b147c70, and result object 0x000001CE2B1D7D00 with size 48
###GetFileInfo file handle = 0x000001CE2B147C70, eventID = 0103, event Info = 0x000001CE2B15A590
	result =  0
	FileBasicInformation
	DispatchQueryInformation result =  0
Dokan Information: SendAndPullEventInformation() with NTSTATUS 0x0, context 0x2b147c70, and result object 0x000001CE2B1D7D00 with size 80
###Cleanup file handle = 0x000001CE2B147C70, eventID = 0103, event Info = 0x000001CE2B15A590
Dokan Information: SendAndPullEventInformation() with NTSTATUS 0x0, context 0x2b147c70, and result object 0x000001CE2B1D7D00 with size 48
###Close file handle = 0x000001CE2B147C70, eventID = 0103, event Info = 0x000001CE2B15A590
[Close] \
###Create file handle = 0x000001CE2B147C70, eventID = 0104, event Info = 0x000001CE2B15A590
[ZwCreateFile] \proj
Dokan Information: DokanEndDispatchCreate() status = 0, file handle = 0x000001CE2B147C70, eventID = 0104, result = 0x1
Dokan Information: SendAndPullEventInformation() with NTSTATUS 0x0, context 0x2b147c70, and result object 0x000001CE2B1D7D00 with size 48
###GetFileInfo file handle = 0x000001CE2B147C70, eventID = 0104, event Info = 0x000001CE2B15A590
	result =  0
	FileStandardInformation
	DispatchQueryInformation result =  0
Dokan Information: SendAndPullEventInformation() with NTSTATUS 0x0, context 0x2b147c70, and result object 0x000001CE2B1D7D00 with size 64
###GetFileInfo file handle = 0x000001CE2B147C70, eventID = 0104, event Info = 0x000001CE2B15A590
	result =  0
	FileBasicInformation
	DispatchQueryInformation result =  0
Dokan Information: SendAndPullEventInformation() with NTSTATUS 0x0, context 0x2b147c70, and result object 0x000001CE2B1D7D00 with size 80
###Cleanup file handle = 0x000001CE2B147C70, eventID = 0104, event Info = 0x000001CE2B15A590
Dokan Information: SendAndPullEventInformation() with NTSTATUS 0x0, context 0x2b147c70, and result object 0x000001CE2B1D7D00 with size 48
###Close file handle = 0x000001CE2B147C70, eventID = 0104, event Info = 0x000001CE2B15A590
[Close] \proj
###Create file handle = 0x000001CE2B1483F0, eventID = 0105, event Info = 0x000001CE2B15A750
[ZwCreateFile] \proj
Dokan Information: DokanEndDispatchCreate() status = 0, file handle = 0x000001CE2B1483F0, eventID = 0105, result = 0x1
Dokan Information: SendAndPullEventInformation() with NTSTATUS 0x0, context 0x2b1483f0, and result object 0x000001CE2B1D7D00 with size 48
###GetFileInfo file handle = 0x000001CE2B1483F0, eventID = 0105, event Info = 0x000001CE2B15A750
	result =  0
	FileBasicInformation
	DispatchQueryInformation result =  0
Dokan Information: SendAndPullEventInformation() with NTSTATUS 0x0, context 0x2b1483f0, and result object 0x000001CE2B1D7D00 with size 80
###Cleanup file handle = 0x000001CE2B1483F0, eventID = 0105, event Info = 0x000001CE2B15A750
Dokan Information: SendAndPullEventInformation() with NTSTATUS 0x0, context 0x2b1483f0, and result object 0x000001CE2B1D7D00 with size 48
###Close file handle = 0x000001CE2B1483F0, eventID = 0105, event Info = 0x000001CE2B15A750
[Close] \proj
###Create file handle = 0x000001CE2B147C70, eventID = 0106, event Info = 0x000001CE2B15A590
[ZwCreateFile] \proj
Dokan Information: DokanEndDispatchCreate() status = 0, file handle = 0x000001CE2B147C70, eventID = 0106, result = 0x1
Dokan Information: SendAndPullEventInformation() with NTSTATUS 0x0, context 0x2b147c70, and result object 0x000001CE2B1D7D00 with size 48
###GetFileInfo file handle = 0x000001CE2B147C70, eventID = 0106, event Info = 0x000001CE2B15A590
	result =  0
	FileBasicInformation
	DispatchQueryInformation result =  0
Dokan Information: SendAndPullEventInformation() with NTSTATUS 0x0, context 0x2b147c70, and result object 0x000001CE2B1D7D00 with size 80
###Cleanup file handle = 0x000001CE2B147C70, eventID = 0106, event Info = 0x000001CE2B15A590
Dokan Information: SendAndPullEventInformation() with NTSTATUS 0x0, context 0x2b147c70, and result object 0x000001CE2B1D7D00 with size 48
###Close file handle = 0x000001CE2B147C70, eventID = 0106, event Info = 0x000001CE2B15A590
[Close] \proj
###Create file handle = 0x000001CE2B1483F0, eventID = 0107, event Info = 0x000001CE2B15A750
[ZwCreateFile] \proj
Dokan Information: DokanEndDispatchCreate() status = 0, file handle = 0x000001CE2B1483F0, eventID = 0107, result = 0x1
Dokan Information: SendAndPullEventInformation() with NTSTATUS 0x0, context 0x2b1483f0, and result object 0x000001CE2B1D7D00 with size 48
###GetFileInfo file handle = 0x000001CE2B1483F0, eventID = 0107, event Info = 0x000001CE2B15A750
	result =  0
	FileBasicInformation
	DispatchQueryInformation result =  0
Dokan Information: SendAndPullEventInformation() with NTSTATUS 0x0, context 0x2b1483f0, and result object 0x000001CE2B1D7D00 with size 80
###Cleanup file handle = 0x000001CE2B1483F0, eventID = 0107, event Info = 0x000001CE2B15A750
Dokan Information: SendAndPullEventInformation() with NTSTATUS 0x0, context 0x2b1483f0, and result object 0x000001CE2B1D7D00 with size 48
###Close file handle = 0x000001CE2B1483F0, eventID = 0107, event Info = 0x000001CE2B15A750
[Close] \proj
###Create file handle = 0x000001CE2B1483F0, eventID = 0108, event Info = 0x000001CE2B15A590
[ZwCreateFile] \proj
Dokan Information: DokanEndDispatchCreate() status = 0, file handle = 0x000001CE2B1483F0, eventID = 0108, result = 0x1
Dokan Information: SendAndPullEventInformation() with NTSTATUS 0x0, context 0x2b1483f0, and result object 0x000001CE2B1D7D00 with size 48
###GetFileInfo file handle = 0x000001CE2B1483F0, eventID = 0108, event Info = 0x000001CE2B15A590
	result =  0
	FileBasicInformation
	DispatchQueryInformation result =  0
Dokan Information: SendAndPullEventInformation() with NTSTATUS 0x0, context 0x2b1483f0, and result object 0x000001CE2B1D7D00 with size 80
###FindFiles file handle = 0x000001CE2B1483F0, eventID = 0108, event Info = 0x000001CE2B15A590
FileMatch? : . (*,0,0)
  =>return single entry
WriteDirectoryResults() New directory index is 1.
index to 1
Dokan Information: SendAndPullEventInformation() with NTSTATUS 0x0, context 0x2b1483f0, and result object 0x000001CE2B1D7D00 with size 144
###Create file handle = 0x000001CE2B147C70, eventID = 0109, event Info = 0x000001CE2B15A590
[ZwCreateFile] \proj
Dokan Information: DokanEndDispatchCreate() status = 0, file handle = 0x000001CE2B147C70, eventID = 0109, result = 0x1
Dokan Information: SendAndPullEventInformation() with NTSTATUS 0x0, context 0x2b147c70, and result object 0x000001CE2B1D7D00 with size 48
###GetFileInfo file handle = 0x000001CE2B147C70, eventID = 0109, event Info = 0x000001CE2B15A590
	result =  0
	FileBasicInformation
	DispatchQueryInformation result =  0
Dokan Information: SendAndPullEventInformation() with NTSTATUS 0x0, context 0x2b147c70, and result object 0x000001CE2B1D7D00 with size 80
###FindFiles file handle = 0x000001CE2B147C70, eventID = 0109, event Info = 0x000001CE2B15A590
FileMatch? : . (*,0,0)
  =>return single entry
WriteDirectoryResults() New directory index is 1.
index to 1
Dokan Information: SendAndPullEventInformation() with NTSTATUS 0x0, context 0x2b147c70, and result object 0x000001CE2B1D7D00 with size 144
###FindFiles file handle = 0x000001CE2B1483F0, eventID = 0108, event Info = 0x000001CE2B15A590
FileMatch? : . (*,1,0)
FileMatch? : .. (*,1,1)
  =>return
WriteDirectoryResults() New directory index is 2.
index to 2
Dokan Information: SendAndPullEventInformation() with NTSTATUS 0x0, context 0x2b1483f0, and result object 0x000001CE2B1D7D00 with size 144
###FindFiles file handle = 0x000001CE2B1483F0, eventID = 0108, event Info = 0x000001CE2B15A590
FileMatch? : . (*,2,0)
FileMatch? : .. (*,2,1)
WriteDirectoryResults() New directory index is -1.
  STATUS_NO_MORE_FILES
Dokan Information: SendAndPullEventInformation() with NTSTATUS 0x80000006, context 0x2b1483f0, and result object 0x000001CE2B1D7D00 with size 48
###Cleanup file handle = 0x000001CE2B1483F0, eventID = 0108, event Info = 0x000001CE2B15A590
Dokan Information: SendAndPullEventInformation() with NTSTATUS 0x0, context 0x2b1483f0, and result object 0x000001CE2B1D7D00 with size 48
###Close file handle = 0x000001CE2B1483F0, eventID = 0108, event Info = 0x000001CE2B15A590
[Close] \proj
###FindFiles file handle = 0x000001CE2B147C70, eventID = 0109, event Info = 0x000001CE2B15A750
FileMatch? : . (*,1,0)
FileMatch? : .. (*,1,1)
  =>return
WriteDirectoryResults() New directory index is 2.
index to 2
Dokan Information: SendAndPullEventInformation() with NTSTATUS 0x0, context 0x2b147c70, and result object 0x000001CE2B1D7D00 with size 144
###FindFiles file handle = 0x000001CE2B147C70, eventID = 0109, event Info = 0x000001CE2B15A750
FileMatch? : . (*,2,0)
FileMatch? : .. (*,2,1)
WriteDirectoryResults() New directory index is -1.
  STATUS_NO_MORE_FILES
Dokan Information: SendAndPullEventInformation() with NTSTATUS 0x80000006, context 0x2b147c70, and result object 0x000001CE2B1D7D00 with size 48
###Cleanup file handle = 0x000001CE2B147C70, eventID = 0109, event Info = 0x000001CE2B15A750
Dokan Information: SendAndPullEventInformation() with NTSTATUS 0x0, context 0x2b147c70, and result object 0x000001CE2B1D7D00 with size 48
###Close file handle = 0x000001CE2B147C70, eventID = 0109, event Info = 0x000001CE2B15A750
[Close] \proj
###Create file handle = 0x000001CE2B1483F0, eventID = 0110, event Info = 0x000001CE2B15A590
[ZwCreateFile] \proj
Dokan Information: DokanEndDispatchCreate() status = 0, file handle = 0x000001CE2B1483F0, eventID = 0110, result = 0x1
Dokan Information: SendAndPullEventInformation() with NTSTATUS 0x0, context 0x2b1483f0, and result object 0x000001CE2B1D7D00 with size 48
###GetFileInfo file handle = 0x000001CE2B1483F0, eventID = 0110, event Info = 0x000001CE2B15A590
	result =  0
	FileBasicInformation
	DispatchQueryInformation result =  0
Dokan Information: SendAndPullEventInformation() with NTSTATUS 0x0, context 0x2b1483f0, and result object 0x000001CE2B1D7D00 with size 80
###FindFiles file handle = 0x000001CE2B1483F0, eventID = 0110, event Info = 0x000001CE2B15A590
FileMatch? : . (*,0,0)
  =>return single entry
WriteDirectoryResults() New directory index is 1.
index to 1
Dokan Information: SendAndPullEventInformation() with NTSTATUS 0x0, context 0x2b1483f0, and result object 0x000001CE2B1D7D00 with size 144
###FindFiles file handle = 0x000001CE2B1483F0, eventID = 0110, event Info = 0x000001CE2B15A590
FileMatch? : . (*,1,0)
FileMatch? : .. (*,1,1)
  =>return
WriteDirectoryResults() New directory index is 2.
index to 2
Dokan Information: SendAndPullEventInformation() with NTSTATUS 0x0, context 0x2b1483f0, and result object 0x000001CE2B1D7D00 with size 144
###FindFiles file handle = 0x000001CE2B1483F0, eventID = 0110, event Info = 0x000001CE2B15A590
FileMatch? : . (*,2,0)
FileMatch? : .. (*,2,1)
WriteDirectoryResults() New directory index is -1.
  STATUS_NO_MORE_FILES
Dokan Information: SendAndPullEventInformation() with NTSTATUS 0x80000006, context 0x2b1483f0, and result object 0x000001CE2B1D7D00 with size 48
###Cleanup file handle = 0x000001CE2B1483F0, eventID = 0110, event Info = 0x000001CE2B15A590
Dokan Information: SendAndPullEventInformation() with NTSTATUS 0x0, context 0x2b1483f0, and result object 0x000001CE2B1D7D00 with size 48
###Close file handle = 0x000001CE2B1483F0, eventID = 0110, event Info = 0x000001CE2B15A590
[Close] \proj
###Create file handle = 0x000001CE2B1483F0, eventID = 0111, event Info = 0x000001CE2B15A590
[ZwCreateFile] \
Dokan Information: DokanEndDispatchCreate() status = 0, file handle = 0x000001CE2B1483F0, eventID = 0111, result = 0x1
Dokan Information: SendAndPullEventInformation() with NTSTATUS 0x0, context 0x2b1483f0, and result object 0x000001CE2B1D7D00 with size 48
###GetFileInfo file handle = 0x000001CE2B1483F0, eventID = 0111, event Info = 0x000001CE2B15A590
	result =  0
	FileStandardInformation
	DispatchQueryInformation result =  0
Dokan Information: SendAndPullEventInformation() with NTSTATUS 0x0, context 0x2b1483f0, and result object 0x000001CE2B1D7D00 with size 64
###QueryVolumeInfo file handle = 0x000001CE2B1483F0, eventID = 0111, event Info = 0x000001CE2B15A590
[GetVolumeInformation]
Dokan Information: SendAndPullEventInformation() with NTSTATUS 0x0, context 0x2b1483f0, and result object 0x000001CE2B1D7D00 with size 74
###QueryVolumeInfo file handle = 0x000001CE2B1483F0, eventID = 0111, event Info = 0x000001CE2B15A590
[GetVolumeInformation]
Dokan Information: SendAndPullEventInformation() with NTSTATUS 0x0, context 0x2b1483f0, and result object 0x000001CE2B1D7D00 with size 68
###Cleanup file handle = 0x000001CE2B1483F0, eventID = 0111, event Info = 0x000001CE2B15A590
Dokan Information: SendAndPullEventInformation() with NTSTATUS 0x0, context 0x2b1483f0, and result object 0x000001CE2B1D7D00 with size 48
###Close file handle = 0x000001CE2B1483F0, eventID = 0111, event Info = 0x000001CE2B15A590
[Close] \
###Create file handle = 0x000001CE2B147C70, eventID = 0112, event Info = 0x000001CE2B15A750
[ZwCreateFile] \
Dokan Information: DokanEndDispatchCreate() status = 0, file handle = 0x000001CE2B147C70, eventID = 0112, result = 0x1
Dokan Information: SendAndPullEventInformation() with NTSTATUS 0x0, context 0x2b147c70, and result object 0x000001CE2B1D7D00 with size 48
###GetFileInfo file handle = 0x000001CE2B147C70, eventID = 0112, event Info = 0x000001CE2B15A750
	result =  0
	FileStandardInformation
	DispatchQueryInformation result =  0
Dokan Information: SendAndPullEventInformation() with NTSTATUS 0x0, context 0x2b147c70, and result object 0x000001CE2B1D7D00 with size 64
###GetFileInfo file handle = 0x000001CE2B147C70, eventID = 0112, event Info = 0x000001CE2B15A750
	result =  0
	FileNetworkOpenInformation
	DispatchQueryInformation result =  0
Dokan Information: SendAndPullEventInformation() with NTSTATUS 0x0, context 0x2b147c70, and result object 0x000001CE2B1D7D00 with size 96
###Cleanup file handle = 0x000001CE2B147C70, eventID = 0112, event Info = 0x000001CE2B15A750
Dokan Information: SendAndPullEventInformation() with NTSTATUS 0x0, context 0x2b147c70, and result object 0x000001CE2B1D7D00 with size 48
###Close file handle = 0x000001CE2B147C70, eventID = 0112, event Info = 0x000001CE2B15A750
[Close] \
###Create file handle = 0x000001CE2B147C70, eventID = 0113, event Info = 0x000001CE2B15A750
[ZwCreateFile] \
Dokan Information: DokanEndDispatchCreate() status = 0, file handle = 0x000001CE2B147C70, eventID = 0113, result = 0x1
Dokan Information: SendAndPullEventInformation() with NTSTATUS 0x0, context 0x2b147c70, and result object 0x000001CE2B1D7D00 with size 48
###GetFileInfo file handle = 0x000001CE2B147C70, eventID = 0113, event Info = 0x000001CE2B15A750
	result =  0
	FileBasicInformation
	DispatchQueryInformation result =  0
Dokan Information: SendAndPullEventInformation() with NTSTATUS 0x0, context 0x2b147c70, and result object 0x000001CE2B1D7D00 with size 80
###Cleanup file handle = 0x000001CE2B147C70, eventID = 0113, event Info = 0x000001CE2B15A750
Dokan Information: SendAndPullEventInformation() with NTSTATUS 0x0, context 0x2b147c70, and result object 0x000001CE2B1D7D00 with size 48
###Close file handle = 0x000001CE2B147C70, eventID = 0113, event Info = 0x000001CE2B15A750
[Close] \
###Create file handle = 0x000001CE2B147C70, eventID = 0114, event Info = 0x000001CE2B15A750
[ZwCreateFile] \proj
Dokan Information: DokanEndDispatchCreate() status = 0, file handle = 0x000001CE2B147C70, eventID = 0114, result = 0x1
Dokan Information: SendAndPullEventInformation() with NTSTATUS 0x0, context 0x2b147c70, and result object 0x000001CE2B1D7D00 with size 48
###GetFileInfo file handle = 0x000001CE2B147C70, eventID = 0114, event Info = 0x000001CE2B15A750
	result =  0
	FileStandardInformation
	DispatchQueryInformation result =  0
Dokan Information: SendAndPullEventInformation() with NTSTATUS 0x0, context 0x2b147c70, and result object 0x000001CE2B1D7D00 with size 64
###GetFileInfo file handle = 0x000001CE2B147C70, eventID = 0114, event Info = 0x000001CE2B15A750
	result =  0
	FileBasicInformation
	DispatchQueryInformation result =  0
Dokan Information: SendAndPullEventInformation() with NTSTATUS 0x0, context 0x2b147c70, and result object 0x000001CE2B1D7D00 with size 80
###Cleanup file handle = 0x000001CE2B147C70, eventID = 0114, event Info = 0x000001CE2B15A750
Dokan Information: SendAndPullEventInformation() with NTSTATUS 0x0, context 0x2b147c70, and result object 0x000001CE2B1D7D00 with size 48
###Close file handle = 0x000001CE2B147C70, eventID = 0114, event Info = 0x000001CE2B15A750
[Close] \proj
###Create file handle = 0x000001CE2B1483F0, eventID = 0115, event Info = 0x000001CE2B15A590
[ZwCreateFile] \proj
Dokan Information: DokanEndDispatchCreate() status = 0, file handle = 0x000001CE2B1483F0, eventID = 0115, result = 0x1
Dokan Information: SendAndPullEventInformation() with NTSTATUS 0x0, context 0x2b1483f0, and result object 0x000001CE2B1D7D00 with size 48
###GetFileInfo file handle = 0x000001CE2B1483F0, eventID = 0115, event Info = 0x000001CE2B15A590
	result =  0
	FileNetworkOpenInformation
	DispatchQueryInformation result =  0
Dokan Information: SendAndPullEventInformation() with NTSTATUS 0x0, context 0x2b1483f0, and result object 0x000001CE2B1D7D00 with size 96
###Cleanup file handle = 0x000001CE2B1483F0, eventID = 0115, event Info = 0x000001CE2B15A590
Dokan Information: SendAndPullEventInformation() with NTSTATUS 0x0, context 0x2b1483f0, and result object 0x000001CE2B1D7D00 with size 48
###Close file handle = 0x000001CE2B1483F0, eventID = 0115, event Info = 0x000001CE2B15A590
[Close] \proj
###Create file handle = 0x000001CE2B1483F0, eventID = 0116, event Info = 0x000001CE2B15A590
[ZwCreateFile] \proj
Dokan Information: DokanEndDispatchCreate() status = 0, file handle = 0x000001CE2B1483F0, eventID = 0116, result = 0x1
Dokan Information: SendAndPullEventInformation() with NTSTATUS 0x0, context 0x2b1483f0, and result object 0x000001CE2B1D7D00 with size 48
###GetFileInfo file handle = 0x000001CE2B1483F0, eventID = 0116, event Info = 0x000001CE2B15A590
	result =  0
	FileBasicInformation
	DispatchQueryInformation result =  0
Dokan Information: SendAndPullEventInformation() with NTSTATUS 0x0, context 0x2b1483f0, and result object 0x000001CE2B1D7D00 with size 80
###Cleanup file handle = 0x000001CE2B1483F0, eventID = 0116, event Info = 0x000001CE2B15A590
Dokan Information: SendAndPullEventInformation() with NTSTATUS 0x0, context 0x2b1483f0, and result object 0x000001CE2B1D7D00 with size 48
###Close file handle = 0x000001CE2B1483F0, eventID = 0116, event Info = 0x000001CE2B15A590
[Close] \proj
###Create file handle = 0x000001CE2B147C70, eventID = 0117, event Info = 0x000001CE2B15A750
[ZwCreateFile] \proj
Dokan Information: DokanEndDispatchCreate() status = 0, file handle = 0x000001CE2B147C70, eventID = 0117, result = 0x1
Dokan Information: SendAndPullEventInformation() with NTSTATUS 0x0, context 0x2b147c70, and result object 0x000001CE2B1D7D00 with size 48
###GetFileInfo file handle = 0x000001CE2B147C70, eventID = 0117, event Info = 0x000001CE2B15A750
	result =  0
	FileBasicInformation
	DispatchQueryInformation result =  0
Dokan Information: SendAndPullEventInformation() with NTSTATUS 0x0, context 0x2b147c70, and result object 0x000001CE2B1D7D00 with size 80
###Cleanup file handle = 0x000001CE2B147C70, eventID = 0117, event Info = 0x000001CE2B15A750
Dokan Information: SendAndPullEventInformation() with NTSTATUS 0x0, context 0x2b147c70, and result object 0x000001CE2B1D7D00 with size 48
###Close file handle = 0x000001CE2B147C70, eventID = 0117, event Info = 0x000001CE2B15A750
[Close] \proj
###Create file handle = 0x000001CE2B1483F0, eventID = 0118, event Info = 0x000001CE2B15A590
[ZwCreateFile] \proj
Dokan Information: DokanEndDispatchCreate() status = 0, file handle = 0x000001CE2B1483F0, eventID = 0118, result = 0x1
Dokan Information: SendAndPullEventInformation() with NTSTATUS 0x0, context 0x2b1483f0, and result object 0x000001CE2B1D7D00 with size 48
###GetFileInfo file handle = 0x000001CE2B1483F0, eventID = 0118, event Info = 0x000001CE2B15A590
	result =  0
	FileBasicInformation
	DispatchQueryInformation result =  0
Dokan Information: SendAndPullEventInformation() with NTSTATUS 0x0, context 0x2b1483f0, and result object 0x000001CE2B1D7D00 with size 80
###Cleanup file handle = 0x000001CE2B1483F0, eventID = 0118, event Info = 0x000001CE2B15A590
Dokan Information: SendAndPullEventInformation() with NTSTATUS 0x0, context 0x2b1483f0, and result object 0x000001CE2B1D7D00 with size 48
###Close file handle = 0x000001CE2B1483F0, eventID = 0118, event Info = 0x000001CE2B15A590
[Close] \proj
###Create file handle = 0x000001CE2B147C70, eventID = 0119, event Info = 0x000001CE2B15A750
[ZwCreateFile] \proj
Dokan Information: DokanEndDispatchCreate() status = 0, file handle = 0x000001CE2B147C70, eventID = 0119, result = 0x1
Dokan Information: SendAndPullEventInformation() with NTSTATUS 0x0, context 0x2b147c70, and result object 0x000001CE2B1D7D00 with size 48
###GetFileInfo file handle = 0x000001CE2B147C70, eventID = 0119, event Info = 0x000001CE2B15A750
	result =  0
	FileBasicInformation
	DispatchQueryInformation result =  0
Dokan Information: SendAndPullEventInformation() with NTSTATUS 0x0, context 0x2b147c70, and result object 0x000001CE2B1D7D00 with size 80
###FindFiles file handle = 0x000001CE2B147C70, eventID = 0119, event Info = 0x000001CE2B15A750
FileMatch? : . (*,0,0)
  =>return single entry
WriteDirectoryResults() New directory index is 1.
index to 1
Dokan Information: SendAndPullEventInformation() with NTSTATUS 0x0, context 0x2b147c70, and result object 0x000001CE2B1D7D00 with size 144
###Create file handle = 0x000001CE2B1483F0, eventID = 0120, event Info = 0x000001CE2B15A750
[ZwCreateFile] \proj
Dokan Information: DokanEndDispatchCreate() status = 0, file handle = 0x000001CE2B1483F0, eventID = 0120, result = 0x1
Dokan Information: SendAndPullEventInformation() with NTSTATUS 0x0, context 0x2b1483f0, and result object 0x000001CE2B1D7D00 with size 48
###GetFileInfo file handle = 0x000001CE2B1483F0, eventID = 0120, event Info = 0x000001CE2B15A750
	result =  0
	FileBasicInformation
	DispatchQueryInformation result =  0
Dokan Information: SendAndPullEventInformation() with NTSTATUS 0x0, context 0x2b1483f0, and result object 0x000001CE2B1D7D00 with size 80
###FindFiles file handle = 0x000001CE2B1483F0, eventID = 0120, event Info = 0x000001CE2B15A750
FileMatch? : . (*,0,0)
  =>return single entry
WriteDirectoryResults() New directory index is 1.
index to 1
Dokan Information: SendAndPullEventInformation() with NTSTATUS 0x0, context 0x2b1483f0, and result object 0x000001CE2B1D7D00 with size 144
###FindFiles file handle = 0x000001CE2B147C70, eventID = 0119, event Info = 0x000001CE2B15A750
FileMatch? : . (*,1,0)
FileMatch? : .. (*,1,1)
  =>return
WriteDirectoryResults() New directory index is 2.
index to 2
Dokan Information: SendAndPullEventInformation() with NTSTATUS 0x0, context 0x2b147c70, and result object 0x000001CE2B1D7D00 with size 144
###FindFiles file handle = 0x000001CE2B147C70, eventID = 0119, event Info = 0x000001CE2B15A750
FileMatch? : . (*,2,0)
FileMatch? : .. (*,2,1)
WriteDirectoryResults() New directory index is -1.
  STATUS_NO_MORE_FILES
Dokan Information: SendAndPullEventInformation() with NTSTATUS 0x80000006, context 0x2b147c70, and result object 0x000001CE2B1D7D00 with size 48
###Cleanup file handle = 0x000001CE2B147C70, eventID = 0119, event Info = 0x000001CE2B15A750
Dokan Information: SendAndPullEventInformation() with NTSTATUS 0x0, context 0x2b147c70, and result object 0x000001CE2B1D7D00 with size 48
###Close file handle = 0x000001CE2B147C70, eventID = 0119, event Info = 0x000001CE2B15A750
[Close] \proj
###FindFiles file handle = 0x000001CE2B1483F0, eventID = 0120, event Info = 0x000001CE2B15A590
FileMatch? : . (*,1,0)
FileMatch? : .. (*,1,1)
  =>return
WriteDirectoryResults() New directory index is 2.
index to 2
Dokan Information: SendAndPullEventInformation() with NTSTATUS 0x0, context 0x2b1483f0, and result object 0x000001CE2B1D7D00 with size 144
###FindFiles file handle = 0x000001CE2B1483F0, eventID = 0120, event Info = 0x000001CE2B15A590
FileMatch? : . (*,2,0)
FileMatch? : .. (*,2,1)
WriteDirectoryResults() New directory index is -1.
  STATUS_NO_MORE_FILES
Dokan Information: SendAndPullEventInformation() with NTSTATUS 0x80000006, context 0x2b1483f0, and result object 0x000001CE2B1D7D00 with size 48
###Cleanup file handle = 0x000001CE2B1483F0, eventID = 0120, event Info = 0x000001CE2B15A590
Dokan Information: SendAndPullEventInformation() with NTSTATUS 0x0, context 0x2b1483f0, and result object 0x000001CE2B1D7D00 with size 48
###Close file handle = 0x000001CE2B1483F0, eventID = 0120, event Info = 0x000001CE2B15A590
[Close] \proj
