Dokan: debug mode on
Dokan: use stderr
AllocationUnitSize: 512 SectorSize: 512
Global device opened
Dokan: Using 12 main pull threads with ipc batching: 0
###QueryVolumeInfo file handle = 0x0000000000000000, eventID = -001, event Info = 0x0000018166A49740
[GetVolumeInformation]
Dokan Information: mounted: Y: -> \Volume{d6cc17c5-1753-4085-bce7-964f1e9f5de9}
[Mounted]
###QueryVolumeInfo file handle = 0x0000000000000000, eventID = -001, event Info = 0x0000018166A49C80
[GetVolumeInformatiDokan Information: SendAndPullEventInformation() with NTSTATUS 0x0, context 0x0, and result object 0x0000018166AF3780 with size 64
on]
Dokan Information: SendAndPullEventInformation() with NTSTATUS 0x80000005, context 0x0, and result object 0x0000018166AF47B0 with size 56
###Create file handle = 0x0000018166A37FF0, eventID = 0001, event Info = 0x0000018166A49C80
[ZwCreateFile] \
Dokan Information: DokanEndDispatchCreate() status = 0, file handle = 0x0000018166A37FF0, eventID = 0001, result = 0x1
Dokan Information: SendAndPullEventInformation() with NTSTATUS 0x0, context 0x66a37ff0, and result object 0x0000018166AF47B0 with size 48
###GetFileInfo file handle = 0x0000018166A37FF0, eventID = 0001, event Info = 0x0000018166A49C80
	result =  0
  unknown type:54
	DispatchQueryInformation result =  c000000d
Dokan Information: SendAndPullEventInformation() with NTSTATUS 0xc000000d, context 0x66a37ff0, and result object 0x0000018166AF47B0 with size 48
###GetFileInfo file handle = 0x0000018166A37FF0, eventID = 0001, event Info = 0x0000018166A49C80
	result =  0
	FileStandardInformation
	DispatchQueryInformation result =  0
Dokan Information: SendAndPullEventInformation() with NTSTATUS 0x0, context 0x66a37ff0, and result object 0x0000018166AF47B0 with size 64
###QueryVolumeInfo file handle = 0x0000018166A37FF0, eventID = 0001, event Info = 0x0000018166A49C80
[GetVolumeInformation]
Dokan Information: SendAndPullEventInformation() with NTSTATUS 0x0, context 0x66a37ff0, and result object 0x0000018166AF47B0 with size 74
###Cleanup file handle = 0x0000018166A37FF0, eventID = 0001, event Info = 0x0000018166A49C80
Dokan Information: SendAndPullEventInformation() with NTSTATUS 0x0, context 0x66a37ff0, and result object 0x0000018166AF47B0 with size 48
###Close file handle = 0x0000018166A37FF0, eventID = 0001, event Info = 0x0000018166A49C80
[Close] \
###Create file handle = 0x0000018166A37FF0, eventID = 0002, event Info = 0x0000018166A49C80
[ZwCreateFile] \
Dokan Information: DokanEndDispatchCreate() status = 0, file handle = 0x0000018166A37FF0, eventID = 0002, result = 0x1
Dokan Information: SendAndPullEventInformation() with NTSTATUS 0x0, context 0x66a37ff0, and result object 0x0000018166AF47B0 with size 48
###GetFileInfo file handle = 0x0000018166A37FF0, eventID = 0002, event Info = 0x0000018166A49C80
	result =  0
	FileStandardInformation
	DispatchQueryInformation result =  0
Dokan Information: SendAndPullEventInformation() with NTSTATUS 0x0, context 0x66a37ff0, and result object 0x0000018166AF47B0 with size 64
###QueryVolumeInfo file handle = 0x0000018166A37FF0, eventID = 0002, event Info = 0x0000018166A49C80
[GetVolumeInformation]
Dokan Information: SendAndPullEventInformation() with NTSTATUS 0x0, context 0x66a37ff0, and result object 0x0000018166AF47B0 with size 74
###Cleanup file handle = 0x0000018166A37FF0, eventID = 0002, event Info = 0x0000018166A49C80
Dokan Information: SendAndPullEventInformation() with NTSTATUS 0x0, context 0x66a37ff0, and result object 0x0000018166AF47B0 with size 48
###Close file handle = 0x0000018166A37FF0, eventID = 0002, event Info = 0x0000018166A49C80
[Close] \
###Create file handle = 0x0000018166A37FF0, eventID = 0003, event Info = 0x0000018166A499E0
[ZwCreateFile] \
Dokan Information: DokanEndDispatchCreate() status = 0, file handle = 0x0000018166A37FF0, eventID = 0003, result = 0x1
Dokan Information: SendAndPullEventInformation() with NTSTATUS 0x0, context 0x66a37ff0, and result object 0x0000018166AF47B0 with size 48
###QueryVolumeInfo file handle = 0x0000018166A37FF0, eventID = 0003, event Info = 0x0000018166A499E0
[GetVolumeInformation]
###Create file handle = 0x0000018166A381F0, eventID = 0004, event Info = 0x0000018166A49970
[ZwCreateFile] \
Dokan Information: SendAndPullEventInformation() with NTSTATUS 0x0, context 0x66a37ff0, and result object 0x0000018166AF47B0 with size 74
Dokan Information: DokanEndDispatchCreate() status = 0, file handle = 0x0000018166A381F0, eventID = 0004, result = 0x1
###QueryVolumeInfo file handle = 0x0000018166A37FF0, eventID = 0003, event Info = 0x0000018166A499E0
[GetVolumeInformation]
Dokan Information: SendAndPullEventInformation() with NTSTATUS 0x0, context 0x66a381f0, and result object 0x00000181689A00A0 with size 48
Dokan Information: SendAndPullEventInformation() with NTSTATUS 0x0, context 0x66a37ff0, and result object 0x0000018166AF47B0 with size 68
###QueryVolumeInfo file handle = 0x0000018166A381F0, eventID = 0004, event Info = 0x0000018166A49970
[GetVolume###Cleanup file handle = 0x0000018166A37FF0, eventID = 0003, event Info = 0x0000018166A499E0
Information]
Dokan Information: SendAndPullEventInformation() with NTSTATUS 0x0, context 0x66a37ff0, and result object 0x0000018166AF47B0 with size 48
Dokan Information: SendAndPullEventInformation() with NTSTATUS 0x0, context 0x66a381f0, and result object 0x00000181689A00A0 with size 74
###Close file handle = 0x0000018166A37FF0, eventID = 0003, event Info = 0x0000018166A499E0
[Close] \
###Create file handle = 0x0000018166A38370, eventID = 0005, event Info = 0x0000018166A49900
[ZwCreateFile] \
###QueryVolumeInfo file handle = 0x0000018166A381F0, eventID = 0004, event Info = 0x0000018166A49970
[GetVolumeInformation]
Dokan Information: DokanEndDispatchCreate() status = 0, file handle = 0x0000018166A38370, eventID = 0005, result = 0x1
Dokan Information: SendAndPullEventInformation() with NTSTATUS 0x0, context 0x66a381f0, and result object 0x00000181689A00A0 with size 68
Dokan Information: SendAndPullEventInformation() with NTSTATUS 0x0, context 0x66a38370, and result object 0x0000018166AF47B0 with size 48
###Cleanup file handle = 0x0000018166A381F0, eventID = 0004, event Info = 0x0000018166A49970
###QueryVolumeInfo file handle = 0x0000018166A38370, eventID = 0005, event Info = 0x0000018166A49900
Dokan Information: SendAndPullEventInformation() with NTSTATUS 0x0, context 0x66a381f0, and result object 0x00000181689A00A0 with size 48
Dokan Information: SendAndPullEventInformation() with NTSTATUS 0x0, context 0x66a38370, and result object 0x0000018166AF47B0 with size 64
###Close file handle = 0x0000018166A381F0, eventID = 0004, event Info = 0x0000018166A49970
[Close] \
###Cleanup file handle = 0x0000018166A38370, eventID = 0005, event Info = 0x0000018166A49900
Dokan Information: SendAndPullEventInformation() with NTSTATUS 0x0, context 0x66a38370, and result object 0x0000018166AF47B0 with size 48
###Create file handle = 0x0000018166A381F0, eventID = 0006, event Info = 0x0000018166A499E0
[ZwC###Close file handle = 0x0000018166A38370, eventID = 0005, event Info = 0x0000018166A49900
reateFile] \
###Create file handle = 0x0000018166A37FF0, eventID = 0007, event Info = 0x0000018166A49970
[Close] Dokan Information: DokanEndDispatchCreate() status = 0, file handle = 0x0000018166A381F0, eventID = 0006, result = 0x1
\
Dokan Information: SendAndPullEventInformation() with NTSTATUS 0x0, context 0x66a381f0, and result object 0x00000181689A00A0 with size 48
[ZwCreateFile] \
###GetFileInfo file handle = 0x0000018166A381F0, eventID = 0006, event Info = 0x0000018166A499E0
Dokan Information: DokanEndDispatchCreate() status = 0, file handle = 0x0000018166A37FF0, eventID = 0007, result = 0x1
	result =  0
	FileBasicInformation
	DispatchQueryInformation result =  0
Dokan Information: SendAndPullEventInformation() with NTSTATUS 0x0, context 0x66a37ff0, and result object 0x0000018166AF47B0 with size 48
Dokan Information: SendAndPullEventInformation() with NTSTATUS 0x0, context 0x66a381f0, and result object 0x00000181689A00A0 with size 80
###Cleanup file handle = 0x0000018166A381F0, eventID = 0006, event Info = 0x0000018166A499E0
Dokan Information: SendAndPullEventInformation() with NTSTATUS 0x0, context 0x66a381f0, and result object 0x00000181689A00A0 with size 48
###Cleanup file handle = 0x0000018166A37FF0, eventID = 0007, event Info = 0x0000018166A49970
###Close file handle = 0x0000018166A381F0, eventID = 0006, event Info = 0x0000018166A499E0
Dokan Information: SendAndPullEventInformation() with NTSTATUS 0x0, context 0x66a37ff0, and result object 0x0000018166AF47B0 with size 48
[Close] \
###Create file handle = 0x0000018166A38370, eventID = 0008, event Info = 0x0000018166A49900
[ZwCr###Close file handle = 0x0000018166A37FF0, eventID = 0007, event Info = 0x0000018166A49970
eateFile] \
###Create file handle = 0x0000018166A381F0, eventID = 0009, event Info = 0x0000018166A49890
[Close] \
Dokan Information: DokanEndDispatchCreate() status = 0, file handle = 0x0000018166A38370, eventID = 0008, result = 0x1
[ZwCreateFile] \
Dokan Information: SendAndPullEventInformation() with NTSTATUS 0x0, context 0x66a38370, and result object 0x00000181689A00A0 with size 48
Dokan Information: DokanEndDispatchCreate() status = 0, file handle = 0x0000018166A381F0, eventID = 0009, result = 0x1
###QueryVolumeInfo file handle = 0x0000018166A38370, eventID = 0008, event Info = 0x0000018166A49900
[GetVolumeInformatDokan Information: SendAndPullEventInformation() with NTSTATUS 0x0, context 0x66a381f0, and result object 0x0000018166AF47B0 with size 48
ion]###QueryVolumeInfo file handle = 0x0000018166A381F0, eventID = 0009, event Info = 0x0000018166A49890

Dokan Information: SendAndPullEventInformation() with NTSTATUS 0x0, context 0x66a38370, and result object 0x00000181689A00A0 with size 74
[GetVolumeInformation]
###QueryVolumeInfo file handle = 0x0000018166A38370, eventID = 0008, event Info = 0x0000018166A49900
[GetVolumeInformation]
Dokan Information: SendAndPullEventInformation() with NTSTATUS 0x0, context 0x66a381f0, and result object 0x0000018166AF47B0 with size 64
Dokan Information: SendAndPullEventInformation() with NTSTATUS 0x0, context 0x66a38370, and result object 0x00000181689A00A0 with size 68
###GetFileInfo file handle = 0x0000018166A381F0, eventID = 0009, event Info = 0x0000018166A49890
	result =  0
	FileAllInformation
	DispatchQueryInformation result =  0
###Cleanup file handle = 0x0000018166A38370, eventID = 0008, event Info = 0x0000018166A49900
Dokan Information: SendAndPullEventInformation() with NTSTATUS 0x0, context 0x66a381f0, and result object 0x0000018166AF47B0 with size 140
Dokan Information: SendAndPullEventInformation() with NTSTATUS 0x0, context 0x66a38370, and result object 0x00000181689A00A0 with size 48
###Cleanup file handle = 0x0000018166A381F0, eventID = 0009, event Info = 0x0000018166A49890
###Close file handle = 0x0000018166A38370, eventID = 0008, event Info = 0x0000018166A49900
###Create file handle = 0x0000018166A37FF0, eventID = 0010, event Info = 0x0000018166A49970
[Close] \
Dokan Information: SendAndPullEventInformation() with NTSTATUS 0x0, context 0x66a381f0, and result object 0x0000018166AF47B0 with size 48
[ZwCreateFile] \
###Close file handle = 0x0000018166A381F0, eventID = 0009, event Info = 0x0000018166A49890
[Clo###Create file handle = 0x0000018166A38370, eventID = 0011, event Info = 0x0000018166A49900
se] \
Dokan Information: DokanEndDispatchCreate() status = 0, file handle = 0x0000018166A37FF0, eventID = 0010, result = 0x1
[ZwCreateFile] \
Dokan Information: SendAndPullEventInformation() with NTSTATUS 0x0, context 0x66a37ff0, and result object 0x00000181689A00A0 with size 48
Dokan Information: DokanEndDispatchCreate() status = 0, file handle = 0x0000018166A38370, eventID = 0011, result = 0x1
Dokan Information: SendAndPullEventInformation() with NTSTATUS 0x0, context 0x66a38370, and result object 0x0000018166AF47B0 with size 48
###QueryVolumeInfo file handle = 0x0000018166A37FF0, eventID = 0010, event Info = 0x0000018166A49970
###QueryVolumeInfo file handle = 0x0000018166A38370, eventID = 0011, event Info = 0x0000018166A49900
[GetVolumeInformation]
Dokan Information: SendAndPullEventInformation() with NTSTATUS 0x0, context 0x66a37ff0, and result object 0x00000181689A00A0 with size 64
Dokan Information: SendAndPullEventInformation() with NTSTATUS 0x0, context 0x66a38370, and result object 0x0000018166AF47B0 with size 64
###Cleanup file handle = 0x0000018166A37FF0, eventID = 0010, event Info = 0x0000018166A49970
Dokan Information: SendAndPullEventInformation() with NTSTATUS 0x0, context 0x66a37ff0, and result object 0x00000181689A00A0 with size 48
###GetFileInfo file handle = 0x0000018166A38370, eventID = 0011, event Info = 0x0000018166A49900
	result =  0
	FileAllInformation
	DispatchQueryInformation result =  0
###Create file handle = 0x0000018166A381F0, eventID = 0012, event Info = 0x0000018166A49890
[ZwCreateFile] \
###Close file handle = 0x0000018166A37FF0, eventID = 0010, event Info = 0x0000018166A49970
[Close] \
Dokan Information: SendAndPullEventInformation() with NTSTATUS 0x0, context 0x66a38370, and result object 0x0000018166AF47B0 with size 140
Dokan Information: DokanEndDispatchCreate() status = 0, file handle = 0x0000018166A381F0, eventID = 0012, result = 0x1
###Cleanup file handle = 0x0000018166A38370, eventID = 0011, event Info = 0x0000018166A49900
Dokan Information: SendAndPullEventInformation() with NTSTATUS 0x0, context 0x66a381f0, and result object 0x00000181689A00A0 with size 48
Dokan Information: SendAndPullEventInformation() with NTSTATUS 0x0, context 0x66a38370, and result object 0x0000018166AF47B0 with size 48
###GetFileInfo file handle = 0x0000018166A381F0, eventID = 0012, event Info = 0x0000018166A49890
	result =  0
	FileBasicInformation
	DispatchQueryInformation result =  0
###Create file handle = 0x0000018166A37FF0, eventID = 0013, event Info = 0x0000018166A49970
[ZwCreateFile] \
###Close file handle = 0x0000018166A38370, eventID = 0011, event Info = 0x0000018166A49900
[Close] \
Dokan Information: SendAndPullEventInformation() with NTSTATUS 0x0, context 0x66a381f0, and result object 0x00000181689A00A0 with size 80
Dokan Information: DokanEndDispatchCreate() status = 0, file handle = 0x0000018166A37FF0, eventID = 0013, result = 0x1
###Cleanup file handle = 0x0000018166A381F0, eventID = 0012, event Info = 0x0000018166A49890
Dokan Information: SendAndPullEventInformation() with NTSTATUS 0x0, context 0x66a37ff0, and result object 0x0000018166AF47B0 with size 48
Dokan Information: SendAndPullEventInformation() with NTSTATUS 0x0, context 0x66a381f0, and result object 0x00000181689A00A0 with size 48
###QueryVolumeInfo file handle = 0x0000018166A37FF0, eventID = 0013, event Info = 0x0000018166A49970
[GetVolumeInformation]
###Close file handle = 0x0000018166A381F0, eventID = 0012, event Info = 0x0000018166A49890
[Close] \
###Create file handle = 0x0000018166A38370, eventID = 0014, event Info = 0x0000018166A49900
[ZwCreateFile] \
Dokan Information: SendAndPullEventInformation() with NTSTATUS 0x0, context 0x66a37ff0, and result object 0x0000018166AF47B0 with size 64
Dokan Information: DokanEndDispatchCreate() status = 0, file handle = 0x0000018166A38370, eventID = 0014, result = 0x1
###GetFileInfo file handle = 0x0000018166A37FF0, eventID = 0013, event Info = 0x0000018166A49970
	result =  0
	FileAllInformation
	DispatchQueryInformation result =  0
Dokan Information: SendAndPullEventInformation() with NTSTATUS 0x0, context 0x66a38370, and result object 0x00000181689A00A0 with size 48
Dokan Information: SendAndPullEventInformation() with NTSTATUS 0x0, context 0x66a37ff0, and result object 0x0000018166AF47B0 with size 140
###GetFileInfo file handle = 0x0000018166A38370, eventID = 0014, event Info = 0x0000018166A49900
	result =  0
	FileBasicInformation
	DispatchQueryInformation result =  0
###Cleanup file handle = 0x0000018166A37FF0, eventID = 0013, event Info = 0x0000018166A49970
Dokan Information: SendAndPullEventInformation() with NTSTATUS 0x0, context 0x66a38370, and result object 0x00000181689A00A0 with size 80
Dokan Information: SendAndPullEventInformation() with NTSTATUS 0x0, context 0x66a37ff0, and result object 0x0000018166AF47B0 with size 48
###Cleanup file handle = 0x0000018166A38370, eventID = 0014, event Info = 0x0000018166A49900
###Close file handle = 0x0000018166A37FF0, eventID = 0013, event Info = 0x0000018166A49970
[Close] \
###Create file handle = 0x0000018166A381F0, eventID = 0015, event Info = 0x0000018166A49890
[ZwCreateFile] \
Dokan Information: SendAndPullEventInformation() with NTSTATUS 0x0, context 0x66a38370, and result object 0x00000181689A00A0 with size 48
Dokan Information: DokanEndDispatchCreate() status = 0, file handle = 0x0000018166A381F0, eventID = 0015, result = 0x1
###Close file handle = 0x0000018166A38370, eventID = 0014, event Info = 0x0000018166A49900
Dokan Information: SendAndPullEventInformation() with NTSTATUS 0x0, context 0x66a381f0, and result object 0x0000018166AF47B0 with size 48
[Close]###QueryVolumeInfo file handle = 0x0000018166A381F0, eventID = 0015, event Info = 0x0000018166A49890
 \
[GetVolumeInformation]
Dokan Information: SendAndPullEventInformation() with NTSTATUS 0x0, context 0x66a381f0, and result object 0x0000018166AF47B0 with size 64
###GetFileInfo file handle = 0x0000018166A381F0, eventID = 0015, event Info = 0x0000018166A49890
	result =  0
	FileAllInformation
	DispatchQueryInformation result =  0
Dokan Information: SendAndPullEventInformation() with NTSTATUS 0x0, context 0x66a381f0, and result object 0x0000018166AF47B0 with size 140
###Cleanup file handle = 0x0000018166A381F0, eventID = 0015, event Info = 0x0000018166A49890
Dokan Information: SendAndPullEventInformation() with NTSTATUS 0x0, context 0x66a381f0, and result object 0x0000018166AF47B0 with size 48
###Close file handle = 0x0000018166A381F0, eventID = 0015, event Info = 0x0000018166A49890
[Close] \
###Create file handle = 0x0000018166A38370, eventID = 0016, event Info = 0x0000018166A49900
[ZwCreateFile] \
Dokan Information: DokanEndDispatchCreate() status = 0, file handle = 0x0000018166A38370, eventID = 0016, result = 0x1
Dokan Information: SendAndPullEventInformation() with NTSTATUS 0x0, context 0x66a38370, and result object 0x0000018166AF47B0 with size 48
###QueryVolumeInfo file handle = 0x0000018166A38370, eventID = 0016, event Info = 0x0000018166A49900
[GetVolumeInformation]
Dokan Information: SendAndPullEventInformation() with NTSTATUS 0x0, context 0x66a38370, and result object 0x0000018166AF47B0 with size 64
###GetFileInfo file handle = 0x0000018166A38370, eventID = 0016, event Info = 0x0000018166A49900
	result =  0
	FileAllInformation
	DispatchQueryInformation result =  0
Dokan Information: SendAndPullEventInformation() with NTSTATUS 0x0, context 0x66a38370, and result object 0x0000018166AF47B0 with size 140
###Cleanup file handle = 0x0000018166A38370, eventID = 0016, event Info = 0x0000018166A49900
Dokan Information: SendAndPullEventInformation() with NTSTATUS 0x0, context 0x66a38370, and result object 0x0000018166AF47B0 with size 48
###Close file handle = 0x0000018166A38370, eventID = 0016, event Info = 0x0000018166A49900
[Close] \
###Create file handle = 0x0000018166A381F0, eventID = 0017, event Info = 0x0000018166A49890
[ZwCreateFile] \
Dokan Information: DokanEndDispatchCreate() status = 0, file handle = 0x0000018166A381F0, eventID = 0017, result = 0x1
Dokan Information: SendAndPullEventInformation() with NTSTATUS 0x0, context 0x66a381f0, and result object 0x0000018166AF47B0 with size 48
###QueryVolumeInfo file handle = 0x0000018166A381F0, eventID = 0017, event Info = 0x0000018166A49890
[GetVolumeInformation]
Dokan Information: SendAndPullEventInformation() with NTSTATUS 0x0, context 0x66a381f0, and result object 0x0000018166AF47B0 with size 64
###GetFileInfo file handle = 0x0000018166A381F0, eventID = 0017, event Info = 0x0000018166A49890
	result =  0
	FileAllInformation
	DispatchQueryInformation result =  0
Dokan Information: SendAndPullEventInformation() with NTSTATUS 0x0, context 0x66a381f0, and result object 0x0000018166AF47B0 with size 140
###Cleanup file handle = 0x0000018166A381F0, eventID = 0017, event Info = 0x0000018166A49890
Dokan Information: SendAndPullEventInformation() with NTSTATUS 0x0, context 0x66a381f0, and result object 0x0000018166AF47B0 with size 48
###Close file handle = 0x0000018166A381F0, eventID = 0017, event Info = 0x0000018166A49890
[Close] \
###Create file handle = 0x0000018166A38370, eventID = 0018, event Info = 0x0000018166A49900
[ZwCreateFile] \
Dokan Information: DokanEndDispatchCreate() status = 0, file handle = 0x0000018166A38370, eventID = 0018, result = 0x1
Dokan Information: SendAndPullEventInformation() with NTSTATUS 0x0, context 0x66a38370, and result object 0x0000018166AF47B0 with size 48
###QueryVolumeInfo file handle = 0x0000018166A38370, eventID = 0018, event Info = 0x0000018166A49900
[GetVolumeInformation]
Dokan Information: SendAndPullEventInformation() with NTSTATUS 0x0, context 0x66a38370, and result object 0x0000018166AF47B0 with size 64
###GetFileInfo file handle = 0x0000018166A38370, eventID = 0018, event Info = 0x0000018166A49900
	result =  0
	FileAllInformation
	DispatchQueryInformation result =  0
Dokan Information: SendAndPullEventInformation() with NTSTATUS 0x0, context 0x66a38370, and result object 0x0000018166AF47B0 with size 140
###Cleanup file handle = 0x0000018166A38370, eventID = 0018, event Info = 0x0000018166A49900
Dokan Information: SendAndPullEventInformation() with NTSTATUS 0x0, context 0x66a38370, and result object 0x0000018166AF47B0 with size 48
###Close file handle = 0x0000018166A38370, eventID = 0018, event Info = 0x0000018166A49900
[Close] \
###Create file handle = 0x0000018166A381F0, eventID = 0019, event Info = 0x0000018166A49890
[ZwCreateFile] \
Dokan Information: DokanEndDispatchCreate() status = 0, file handle = 0x0000018166A381F0, eventID = 0019, result = 0x1
Dokan Information: SendAndPullEventInformation() with NTSTATUS 0x0, context 0x66a381f0, and result object 0x0000018166AF47B0 with size 48
###QueryVolumeInfo file handle = 0x0000018166A381F0, eventID = 0019, event Info = 0x0000018166A49890
[GetVolumeInformation]
Dokan Information: SendAndPullEventInformation() with NTSTATUS 0x0, context 0x66a381f0, and result object 0x0000018166AF47B0 with size 64
###GetFileInfo file handle = 0x0000018166A381F0, eventID = 0019, event Info = 0x0000018166A49890
	result =  0
	FileAllInformation
	DispatchQueryInformation result =  0
Dokan Information: SendAndPullEventInformation() with NTSTATUS 0x0, context 0x66a381f0, and result object 0x0000018166AF47B0 with size 140
###Cleanup file handle = 0x0000018166A381F0, eventID = 0019, event Info = 0x0000018166A49890
Dokan Information: SendAndPullEventInformation() with NTSTATUS 0x0, context 0x66a381f0, and result object 0x0000018166AF47B0 with size 48
###Close file handle = 0x0000018166A381F0, eventID = 0019, event Info = 0x0000018166A49890
[Close]###Create file handle = 0x0000018166A381F0, eventID = 0020, event Info = 0x0000018166A49900
 \
[ZwCreateFile] \
Dokan Information: DokanEndDispatchCreate() status = 0, file handle = 0x0000018166A381F0, eventID = 0020, result = 0x1
Dokan Information: SendAndPullEventInformation() with NTSTATUS 0x0, context 0x66a381f0, and result object 0x0000018166AF47B0 with size 48
###QueryVolumeInfo file handle = 0x0000018166A381F0, eventID = 0020, event Info = 0x0000018166A49900
[GetVolumeInformation]
Dokan Information: SendAndPullEventInformation() with NTSTATUS 0x0, context 0x66a381f0, and result object 0x0000018166AF47B0 with size 64
###GetFileInfo file handle = 0x0000018166A381F0, eventID = 0020, event Info = 0x0000018166A49900
	result =  0
	FileAllInformation
	DispatchQueryInformation result =  0
Dokan Information: SendAndPullEventInformation() with NTSTATUS 0x0, context 0x66a381f0, and result object 0x0000018166AF47B0 with size 140
###Cleanup file handle = 0x0000018166A381F0, eventID = 0020, event Info = 0x0000018166A49900
Dokan Information: SendAndPullEventInformation() with NTSTATUS 0x0, context 0x66a381f0, and result object 0x0000018166AF47B0 with size 48
###Close file handle = 0x0000018166A381F0, eventID = 0020, event Info = 0x0000018166A49900
[C###Create file handle = 0x0000018166A38370, eventID = 0021, event Info = 0x0000018166A49890
lose] \
[ZwCreateFile] \
Dokan Information: DokanEndDispatchCreate() status = 0, file handle = 0x0000018166A38370, eventID = 0021, result = 0x1
Dokan Information: SendAndPullEventInformation() with NTSTATUS 0x0, context 0x66a38370, and result object 0x0000018166AF47B0 with size 48
###QueryVolumeInfo file handle = 0x0000018166A38370, eventID = 0021, event Info = 0x0000018166A49890
[GetVolumeInformation]
Dokan Information: SendAndPullEventInformation() with NTSTATUS 0x0, context 0x66a38370, and result object 0x0000018166AF47B0 with size 64
###GetFileInfo file handle = 0x0000018166A38370, eventID = 0021, event Info = 0x0000018166A49890
	result =  0
	FileAllInformation
	DispatchQueryInformation result =  0
Dokan Information: SendAndPullEventInformation() with NTSTATUS 0x0, context 0x66a38370, and result object 0x0000018166AF47B0 with size 140
###Cleanup file handle = 0x0000018166A38370, eventID = 0021, event Info = 0x0000018166A49890
Dokan Information: SendAndPullEventInformation() with NTSTATUS 0x0, context 0x66a38370, and result object 0x0000018166AF47B0 with size 48
###Close file handle = 0x0000018166A38370, eventID = 0021, event Info = 0x0000018166A49890
[Close] \
###Create file handle = 0x0000018166A381F0, eventID = 0022, event Info = 0x0000018166A49900
[ZwCreateFile] \
Dokan Information: DokanEndDispatchCreate() status = 0, file handle = 0x0000018166A381F0, eventID = 0022, result = 0x1
Dokan Information: SendAndPullEventInformation() with NTSTATUS 0x0, context 0x66a381f0, and result object 0x0000018166AF47B0 with size 48
###QueryVolumeInfo file handle = 0x0000018166A381F0, eventID = 0022, event Info = 0x0000018166A49900
[GetVolumeInformation]
Dokan Information: SendAndPullEventInformation() with NTSTATUS 0x0, context 0x66a381f0, and result object 0x0000018166AF47B0 with size 64
###GetFileInfo file handle = 0x0000018166A381F0, eventID = 0022, event Info = 0x0000018166A49900
	result =  0
	FileAllInformation
	DispatchQueryInformation result =  0
Dokan Information: SendAndPullEventInformation() with NTSTATUS 0x0, context 0x66a381f0, and result object 0x0000018166AF47B0 with size 140
###Cleanup file handle = 0x0000018166A381F0, eventID = 0022, event Info = 0x0000018166A49900
Dokan Information: SendAndPullEventInformation() with NTSTATUS 0x0, context 0x66a381f0, and result object 0x0000018166AF47B0 with size 48
###Close file handle = 0x0000018166A381F0, eventID = 0022, event Info = 0x0000018166A49900
[Close] \
###Create file handle = 0x0000018166A38370, eventID = 0023, event Info = 0x0000018166A49890
[ZwCreateFile] \
Dokan Information: DokanEndDispatchCreate() status = 0, file handle = 0x0000018166A38370, eventID = 0023, result = 0x1
Dokan Information: SendAndPullEventInformation() with NTSTATUS 0x0, context 0x66a38370, and result object 0x0000018166AF47B0 with size 48
###QueryVolumeInfo file handle = 0x0000018166A38370, eventID = 0023, event Info = 0x0000018166A49890
[GetVolumeInformation]
Dokan Information: SendAndPullEventInformation() with NTSTATUS 0x0, context 0x66a38370, and result object 0x0000018166AF47B0 with size 64
###GetFileInfo file handle = 0x0000018166A38370, eventID = 0023, event Info = 0x0000018166A49890
	result =  0
	FileAllInformation
	DispatchQueryInformation result =  0
Dokan Information: SendAndPullEventInformation() with NTSTATUS 0x0, context 0x66a38370, and result object 0x0000018166AF47B0 with size 140
###Cleanup file handle = 0x0000018166A38370, eventID = 0023, event Info = 0x0000018166A49890
Dokan Information: SendAndPullEventInformation() with NTSTATUS 0x0, context 0x66a38370, and result object 0x0000018166AF47B0 with size 48
###Close file handle = 0x0000018166A38370, eventID = 0023, event Info = 0x0000018166A49890
[Close] \
###Create file handle = 0x0000018166A381F0, eventID = 0024, event Info = 0x0000018166A49900
[ZwCreateFile] \
Dokan Information: DokanEndDispatchCreate() status = 0, file handle = 0x0000018166A381F0, eventID = 0024, result = 0x1
Dokan Information: SendAndPullEventInformation() with NTSTATUS 0x0, context 0x66a381f0, and result object 0x0000018166AF47B0 with size 48
###QueryVolumeInfo file handle = 0x0000018166A381F0, eventID = 0024, event Info = 0x0000018166A49900
[GetVolumeInformation]
Dokan Information: SendAndPullEventInformation() with NTSTATUS 0x0, context 0x66a381f0, and result object 0x0000018166AF47B0 with size 64
###GetFileInfo file handle = 0x0000018166A381F0, eventID = 0024, event Info = 0x0000018166A49900
	result =  0
	FileAllInformation
	DispatchQueryInformation result =  0
Dokan Information: SendAndPullEventInformation() with NTSTATUS 0x0, context 0x66a381f0, and result object 0x0000018166AF47B0 with size 140
###Cleanup file handle = 0x0000018166A381F0, eventID = 0024, event Info = 0x0000018166A49900
Dokan Information: SendAndPullEventInformation() with NTSTATUS 0x0, context 0x66a381f0, and result object 0x0000018166AF47B0 with size 48
###Close file handle = 0x0000018166A381F0, eventID = 0024, event Info = 0x0000018166A49900
[Close] \
###Create file handle = 0x0000018166A38370, eventID = 0025, event Info = 0x0000018166A49890
[ZwCreateFile] \
Dokan Information: DokanEndDispatchCreate() status = 0, file handle = 0x0000018166A38370, eventID = 0025, result = 0x1
Dokan Information: SendAndPullEventInformation() with NTSTATUS 0x0, context 0x66a38370, and result object 0x0000018166AF47B0 with size 48
###QueryVolumeInfo file handle = 0x0000018166A38370, eventID = 0025, event Info = 0x0000018166A49890
[GetVolumeInformation]
Dokan Information: SendAndPullEventInformation() with NTSTATUS 0x0, context 0x66a38370, and result object 0x0000018166AF47B0 with size 64
###GetFileInfo file handle = 0x0000018166A38370, eventID = 0025, event Info = 0x0000018166A49890
	result =  0
	FileAllInformation
	DispatchQueryInformation result =  0
Dokan Information: SendAndPullEventInformation() with NTSTATUS 0x0, context 0x66a38370, and result object 0x0000018166AF47B0 with size 140
###Cleanup file handle = 0x0000018166A38370, eventID = 0025, event Info = 0x0000018166A49890
Dokan Information: SendAndPullEventInformation() with NTSTATUS 0x0, context 0x66a38370, and result object 0x0000018166AF47B0 with size 48
###Close file handle = 0x0000018166A38370, eventID = 0025, event Info = 0x0000018166A49890
[Close] \
###Create file handle = 0x0000018166A381F0, eventID = 0026, event Info = 0x0000018166A49900
[ZwCreateFile] \
Dokan Information: DokanEndDispatchCreate() status = 0, file handle = 0x0000018166A381F0, eventID = 0026, result = 0x1
Dokan Information: SendAndPullEventInformation() with NTSTATUS 0x0, context 0x66a381f0, and result object 0x0000018166AF47B0 with size 48
###QueryVolumeInfo file handle = 0x0000018166A381F0, eventID = 0026, event Info = 0x0000018166A49900
[GetVolumeInformation]
Dokan Information: SendAndPullEventInformation() with NTSTATUS 0x0, context 0x66a381f0, and result object 0x0000018166AF47B0 with size 64
###GetFileInfo file handle = 0x0000018166A381F0, eventID = 0026, event Info = 0x0000018166A49900
	result =  0
	FileAllInformation
	DispatchQueryInformation result =  0
Dokan Information: SendAndPullEventInformation() with NTSTATUS 0x0, context 0x66a381f0, and result object 0x0000018166AF47B0 with size 140
###Cleanup file handle = 0x0000018166A381F0, eventID = 0026, event Info = 0x0000018166A49900
Dokan Information: SendAndPullEventInformation() with NTSTATUS 0x0, context 0x66a381f0, and result object 0x0000018166AF47B0 with size 48
###Close file handle = 0x0000018166A381F0, eventID = 0026, event Info = 0x0000018166A49900
[Close] \
###Create file handle = 0x0000018166A38370, eventID = 0027, event Info = 0x0000018166A49890
[ZwCreateFile] \
Dokan Information: DokanEndDispatchCreate() status = 0, file handle = 0x0000018166A38370, eventID = 0027, result = 0x1
Dokan Information: SendAndPullEventInformation() with NTSTATUS 0x0, context 0x66a38370, and result object 0x0000018166AF47B0 with size 48
###QueryVolumeInfo file handle = 0x0000018166A38370, eventID = 0027, event Info = 0x0000018166A49890
[GetVolumeInformation]
Dokan Information: SendAndPullEventInformation() with NTSTATUS 0x0, context 0x66a38370, and result object 0x0000018166AF47B0 with size 64
###GetFileInfo file handle = 0x0000018166A38370, eventID = 0027, event Info = 0x0000018166A49890
	result =  0
	FileAllInformation
	DispatchQueryInformation result =  0
Dokan Information: SendAndPullEventInformation() with NTSTATUS 0x0, context 0x66a38370, and result object 0x0000018166AF47B0 with size 140
###Cleanup file handle = 0x0000018166A38370, eventID = 0027, event Info = 0x0000018166A49890
Dokan Information: SendAndPullEventInformation() with NTSTATUS 0x0, context 0x66a38370, and result object 0x0000018166AF47B0 with size 48
###Close file handle = 0x0000018166A38370, eventID = 0027, event Info = 0x0000018166A49890
[Clo###Create file handle = 0x0000018166A381F0, eventID = 0028, event Info = 0x0000018166A49900
se] \
[ZwCreateFile] \
Dokan Information: DokanEndDispatchCreate() status = 0, file handle = 0x0000018166A381F0, eventID = 0028, result = 0x1
Dokan Information: SendAndPullEventInformation() with NTSTATUS 0x0, context 0x66a381f0, and result object 0x0000018166AF47B0 with size 48
###QueryVolumeInfo file handle = 0x0000018166A381F0, eventID = 0028, event Info = 0x0000018166A49900
[GetVolumeInformation]
Dokan Information: SendAndPullEventInformation() with NTSTATUS 0x0, context 0x66a381f0, and result object 0x0000018166AF47B0 with size 64
###GetFileInfo file handle = 0x0000018166A381F0, eventID = 0028, event Info = 0x0000018166A49900
	result =  0
	FileAllInformation
	DispatchQueryInformation result =  0
Dokan Information: SendAndPullEventInformation() with NTSTATUS 0x0, context 0x66a381f0, and result object 0x0000018166AF47B0 with size 140
###Cleanup file handle = 0x0000018166A381F0, eventID = 0028, event Info = 0x0000018166A49900
Dokan Information: SendAndPullEventInformation() with NTSTATUS 0x0, context 0x66a381f0, and result object 0x0000018166AF47B0 with size 48
###Close file handle = 0x0000018166A381F0, eventID = 0028, event Info = 0x0000018166A49900
[Close] \
###Create file handle = 0x0000018166A38370, eventID = 0029, event Info = 0x0000018166A49890
[ZwCreateFile] \
Dokan Information: DokanEndDispatchCreate() status = 0, file handle = 0x0000018166A38370, eventID = 0029, result = 0x1
Dokan Information: SendAndPullEventInformation() with NTSTATUS 0x0, context 0x66a38370, and result object 0x0000018166AF47B0 with size 48
###QueryVolumeInfo file handle = 0x0000018166A38370, eventID = 0029, event Info = 0x0000018166A49890
[GetVolumeInformation]
Dokan Information: SendAndPullEventInformation() with NTSTATUS 0x0, context 0x66a38370, and result object 0x0000018166AF47B0 with size 64
###GetFileInfo file handle = 0x0000018166A38370, eventID = 0029, event Info = 0x0000018166A49890
	result =  0
	FileAllInformation
	DispatchQueryInformation result =  0
Dokan Information: SendAndPullEventInformation() with NTSTATUS 0x0, context 0x66a38370, and result object 0x0000018166AF47B0 with size 140
###Cleanup file handle = 0x0000018166A38370, eventID = 0029, event Info = 0x0000018166A49890
Dokan Information: SendAndPullEventInformation() with NTSTATUS 0x0, context 0x66a38370, and result object 0x0000018166AF47B0 with size 48
###Close file handle = 0x0000018166A38370, eventID = 0029, event Info = 0x0000018166A49890
[Close] \
###Create file handle = 0x0000018166A381F0, eventID = 0030, event Info = 0x0000018166A49900
[ZwCreateFile] \
Dokan Information: DokanEndDispatchCreate() status = 0, file handle = 0x0000018166A381F0, eventID = 0030, result = 0x1
Dokan Information: SendAndPullEventInformation() with NTSTATUS 0x0, context 0x66a381f0, and result object 0x0000018166AF47B0 with size 48
###QueryVolumeInfo file handle = 0x0000018166A381F0, eventID = 0030, event Info = 0x0000018166A49900
[GetVolumeInformation]
Dokan Information: SendAndPullEventInformation() with NTSTATUS 0x0, context 0x66a381f0, and result object 0x0000018166AF47B0 with size 64
###GetFileInfo file handle = 0x0000018166A381F0, eventID = 0030, event Info = 0x0000018166A49900
	result =  0
	FileAllInformation
	DispatchQueryInformation result =  0
Dokan Information: SendAndPullEventInformation() with NTSTATUS 0x0, context 0x66a381f0, and result object 0x0000018166AF47B0 with size 140
###Cleanup file handle = 0x0000018166A381F0, eventID = 0030, event Info = 0x0000018166A49900
Dokan Information: SendAndPullEventInformation() with NTSTATUS 0x0, context 0x66a381f0, and result object 0x0000018166AF47B0 with size 48
###Close file handle = 0x0000018166A381F0, eventID = 0030, event Info = 0x0000018166A49900
[Close] \
###Create file handle = 0x0000018166A38370, eventID = 0031, event Info = 0x0000018166A49890
[ZwCreateFile] \
Dokan Information: DokanEndDispatchCreate() status = 0, file handle = 0x0000018166A38370, eventID = 0031, result = 0x1
Dokan Information: SendAndPullEventInformation() with NTSTATUS 0x0, context 0x66a38370, and result object 0x0000018166AF47B0 with size 48
###QueryVolumeInfo file handle = 0x0000018166A38370, eventID = 0031, event Info = 0x0000018166A49890
[GetVolumeInformation]
Dokan Information: SendAndPullEventInformation() with NTSTATUS 0x0, context 0x66a38370, and result object 0x0000018166AF47B0 with size 64
###GetFileInfo file handle = 0x0000018166A38370, eventID = 0031, event Info = 0x0000018166A49890
	result =  0
	FileAllInformation
	DispatchQueryInformation result =  0
Dokan Information: SendAndPullEventInformation() with NTSTATUS 0x0, context 0x66a38370, and result object 0x0000018166AF47B0 with size 140
###Cleanup file handle = 0x0000018166A38370, eventID = 0031, event Info = 0x0000018166A49890
Dokan Information: SendAndPullEventInformation() with NTSTATUS 0x0, context 0x66a38370, and result object 0x0000018166AF47B0 with size 48
###Close file handle = 0x0000018166A38370, eventID = 0031, event Info = 0x0000018166A49890
[Cl###Create file handle = 0x0000018166A381F0, eventID = 0032, event Info = 0x0000018166A49900
ose] \
[ZwCreateFile] \
Dokan Information: DokanEndDispatchCreate() status = 0, file handle = 0x0000018166A381F0, eventID = 0032, result = 0x1
Dokan Information: SendAndPullEventInformation() with NTSTATUS 0x0, context 0x66a381f0, and result object 0x0000018166AF47B0 with size 48
###QueryVolumeInfo file handle = 0x0000018166A381F0, eventID = 0032, event Info = 0x0000018166A49900
[GetVolumeInformation]
Dokan Information: SendAndPullEventInformation() with NTSTATUS 0x0, context 0x66a381f0, and result object 0x0000018166AF47B0 with size 64
###GetFileInfo file handle = 0x0000018166A381F0, eventID = 0032, event Info = 0x0000018166A49900
	result =  0
	FileAllInformation
	DispatchQueryInformation result =  0
Dokan Information: SendAndPullEventInformation() with NTSTATUS 0x0, context 0x66a381f0, and result object 0x0000018166AF47B0 with size 140
###Cleanup file handle = 0x0000018166A381F0, eventID = 0032, event Info = 0x0000018166A49900
Dokan Information: SendAndPullEventInformation() with NTSTATUS 0x0, context 0x66a381f0, and result object 0x0000018166AF47B0 with size 48
###Close file handle = 0x0000018166A381F0, eventID = 0032, event Info = 0x0000018166A49900
[Close] \
###Create file handle = 0x0000018166A38370, eventID = 0033, event Info = 0x0000018166A49890
[ZwCreateFile] \
Dokan Information: DokanEndDispatchCreate() status = 0, file handle = 0x0000018166A38370, eventID = 0033, result = 0x1
Dokan Information: SendAndPullEventInformation() with NTSTATUS 0x0, context 0x66a38370, and result object 0x0000018166AF47B0 with size 48
###QueryVolumeInfo file handle = 0x0000018166A38370, eventID = 0033, event Info = 0x0000018166A49890
[GetVolumeInformation]
Dokan Information: SendAndPullEventInformation() with NTSTATUS 0x0, context 0x66a38370, and result object 0x0000018166AF47B0 with size 64
###GetFileInfo file handle = 0x0000018166A38370, eventID = 0033, event Info = 0x0000018166A49890
	result =  0
	FileAllInformation
	DispatchQueryInformation result =  0
Dokan Information: SendAndPullEventInformation() with NTSTATUS 0x0, context 0x66a38370, and result object 0x0000018166AF47B0 with size 140
###Cleanup file handle = 0x0000018166A38370, eventID = 0033, event Info = 0x0000018166A49890
Dokan Information: SendAndPullEventInformation() with NTSTATUS 0x0, context 0x66a38370, and result object 0x0000018166AF47B0 with size 48
###Close file handle = 0x0000018166A38370, eventID = 0033, event Info = 0x0000018166A49890
[Close] \
###Create file handle = 0x0000018166A381F0, eventID = 0034, event Info = 0x0000018166A49900
[ZwCreateFile] \
Dokan Information: DokanEndDispatchCreate() status = 0, file handle = 0x0000018166A381F0, eventID = 0034, result = 0x1
Dokan Information: SendAndPullEventInformation() with NTSTATUS 0x0, context 0x66a381f0, and result object 0x0000018166AF47B0 with size 48
###QueryVolumeInfo file handle = 0x0000018166A381F0, eventID = 0034, event Info = 0x0000018166A49900
[GetVolumeInformation]
Dokan Information: SendAndPullEventInformation() with NTSTATUS 0x0, context 0x66a381f0, and result object 0x0000018166AF47B0 with size 64
###GetFileInfo file handle = 0x0000018166A381F0, eventID = 0034, event Info = 0x0000018166A49900
	result =  0
	FileAllInformation
	DispatchQueryInformation result =  0
Dokan Information: SendAndPullEventInformation() with NTSTATUS 0x0, context 0x66a381f0, and result object 0x0000018166AF47B0 with size 140
###Cleanup file handle = 0x0000018166A381F0, eventID = 0034, event Info = 0x0000018166A49900
Dokan Information: SendAndPullEventInformation() with NTSTATUS 0x0, context 0x66a381f0, and result object 0x0000018166AF47B0 with size 48
###Close file handle = 0x0000018166A381F0, eventID = 0034, event Info = 0x0000018166A49900
[Close] \
###Create file handle = 0x0000018166A381F0, eventID = 0035, event Info = 0x0000018166A49890
[ZwCreateFile] \
Dokan Information: DokanEndDispatchCreate() status = 0, file handle = 0x0000018166A381F0, eventID = 0035, result = 0x1
Dokan Information: SendAndPullEventInformation() with NTSTATUS 0x0, context 0x66a381f0, and result object 0x0000018166AF47B0 with size 48
###QueryVolumeInfo file handle = 0x0000018166A381F0, eventID = 0035, event Info = 0x0000018166A49890
[GetVolumeInformation]
Dokan Information: SendAndPullEventInformation() with NTSTATUS 0x0, context 0x66a381f0, and result object 0x0000018166AF47B0 with size 64
###GetFileInfo file handle = 0x0000018166A381F0, eventID = 0035, event Info = 0x0000018166A49890
	result =  0
	FileAllInformation
	DispatchQueryInformation result =  0
Dokan Information: SendAndPullEventInformation() with NTSTATUS 0x0, context 0x66a381f0, and result object 0x0000018166AF47B0 with size 140
###Cleanup file handle = 0x0000018166A381F0, eventID = 0035, event Info = 0x0000018166A49890
Dokan Information: SendAndPullEventInformation() with NTSTATUS 0x0, context 0x66a381f0, and result object 0x0000018166AF47B0 with size 48
###Close file handle = 0x0000018166A381F0, eventID = 0035, event Info = 0x0000018166A49890
###Create file handle = 0x0000018166A38370, eventID = 0036, event Info = 0x0000018166A49900
[Close] \
[ZwCreateFile] \
Dokan Information: DokanEndDispatchCreate() status = 0, file handle = 0x0000018166A38370, eventID = 0036, result = 0x1
Dokan Information: SendAndPullEventInformation() with NTSTATUS 0x0, context 0x66a38370, and result object 0x0000018166AF47B0 with size 48
###QueryVolumeInfo file handle = 0x0000018166A38370, eventID = 0036, event Info = 0x0000018166A49900
[GetVolumeInformation]
Dokan Information: SendAndPullEventInformation() with NTSTATUS 0x0, context 0x66a38370, and result object 0x0000018166AF47B0 with size 64
###GetFileInfo file handle = 0x0000018166A38370, eventID = 0036, event Info = 0x0000018166A49900
	result =  0
	FileAllInformation
	DispatchQueryInformation result =  0
Dokan Information: SendAndPullEventInformation() with NTSTATUS 0x0, context 0x66a38370, and result object 0x0000018166AF47B0 with size 140
###Cleanup file handle = 0x0000018166A38370, eventID = 0036, event Info = 0x0000018166A49900
Dokan Information: SendAndPullEventInformation() with NTSTATUS 0x0, context 0x66a38370, and result object 0x0000018166AF47B0 with size 48
###Close file handle = 0x0000018166A38370, eventID = 0036, event Info = 0x0000018166A49900
[Close] \
###Create file handle = 0x0000018166A381F0, eventID = 0037, event Info = 0x0000018166A49890
[ZwCreateFile] \
Dokan Information: DokanEndDispatchCreate() status = 0, file handle = 0x0000018166A381F0, eventID = 0037, result = 0x1
Dokan Information: SendAndPullEventInformation() with NTSTATUS 0x0, context 0x66a381f0, and result object 0x0000018166AF47B0 with size 48
###QueryVolumeInfo file handle = 0x0000018166A381F0, eventID = 0037, event Info = 0x0000018166A49890
[GetVolumeInformation]
Dokan Information: SendAndPullEventInformation() with NTSTATUS 0x0, context 0x66a381f0, and result object 0x0000018166AF47B0 with size 64
###GetFileInfo file handle = 0x0000018166A381F0, eventID = 0037, event Info = 0x0000018166A49890
	result =  0
	FileAllInformation
	DispatchQueryInformation result =  0
Dokan Information: SendAndPullEventInformation() with NTSTATUS 0x0, context 0x66a381f0, and result object 0x0000018166AF47B0 with size 140
###Cleanup file handle = 0x0000018166A381F0, eventID = 0037, event Info = 0x0000018166A49890
Dokan Information: SendAndPullEventInformation() with NTSTATUS 0x0, context 0x66a381f0, and result object 0x0000018166AF47B0 with size 48
###Close file handle = 0x0000018166A381F0, eventID = 0037, event Info = 0x0000018166A49890
[Close] \
###Create file handle = 0x0000018166A38370, eventID = 0038, event Info = 0x0000018166A49900
[ZwCreateFile] \
Dokan Information: DokanEndDispatchCreate() status = 0, file handle = 0x0000018166A38370, eventID = 0038, result = 0x1
Dokan Information: SendAndPullEventInformation() with NTSTATUS 0x0, context 0x66a38370, and result object 0x0000018166AF47B0 with size 48
###QueryVolumeInfo file handle = 0x0000018166A38370, eventID = 0038, event Info = 0x0000018166A49900
[GetVolumeInformation]
Dokan Information: SendAndPullEventInformation() with NTSTATUS 0x0, context 0x66a38370, and result object 0x0000018166AF47B0 with size 64
###GetFileInfo file handle = 0x0000018166A38370, eventID = 0038, event Info = 0x0000018166A49900
	result =  0
	FileAllInformation
	DispatchQueryInformation result =  0
Dokan Information: SendAndPullEventInformation() with NTSTATUS 0x0, context 0x66a38370, and result object 0x0000018166AF47B0 with size 140
###Cleanup file handle = 0x0000018166A38370, eventID = 0038, event Info = 0x0000018166A49900
Dokan Information: SendAndPullEventInformation() with NTSTATUS 0x0, context 0x66a38370, and result object 0x0000018166AF47B0 with size 48
###Close file handle = 0x0000018166A38370, eventID = 0038, event Info = 0x0000018166A49900
[Close###Create file handle = 0x0000018166A381F0, eventID = 0039, event Info = 0x0000018166A49890
] \
[ZwCreateFile] \
Dokan Information: DokanEndDispatchCreate() status = 0, file handle = 0x0000018166A381F0, eventID = 0039, result = 0x1
Dokan Information: SendAndPullEventInformation() with NTSTATUS 0x0, context 0x66a381f0, and result object 0x0000018166AF47B0 with size 48
###QueryVolumeInfo file handle = 0x0000018166A381F0, eventID = 0039, event Info = 0x0000018166A49890
[GetVolumeInformation]
Dokan Information: SendAndPullEventInformation() with NTSTATUS 0x0, context 0x66a381f0, and result object 0x0000018166AF47B0 with size 64
###GetFileInfo file handle = 0x0000018166A381F0, eventID = 0039, event Info = 0x0000018166A49890
	result =  0
	FileAllInformation
	DispatchQueryInformation result =  0
Dokan Information: SendAndPullEventInformation() with NTSTATUS 0x0, context 0x66a381f0, and result object 0x0000018166AF47B0 with size 140
###Cleanup file handle = 0x0000018166A381F0, eventID = 0039, event Info = 0x0000018166A49890
Dokan Information: SendAndPullEventInformation() with NTSTATUS 0x0, context 0x66a381f0, and result object 0x0000018166AF47B0 with size 48
###Close file handle = 0x0000018166A381F0, eventID = 0039, event Info = 0x0000018166A49890
[Close] \
###Create file handle = 0x0000018166A38370, eventID = 0040, event Info = 0x0000018166A49900
[ZwCreateFile] \
Dokan Information: DokanEndDispatchCreate() status = 0, file handle = 0x0000018166A38370, eventID = 0040, result = 0x1
Dokan Information: SendAndPullEventInformation() with NTSTATUS 0x0, context 0x66a38370, and result object 0x0000018166AF47B0 with size 48
###QueryVolumeInfo file handle = 0x0000018166A38370, eventID = 0040, event Info = 0x0000018166A49900
[GetVolumeInformation]
Dokan Information: SendAndPullEventInformation() with NTSTATUS 0x0, context 0x66a38370, and result object 0x0000018166AF47B0 with size 64
###GetFileInfo file handle = 0x0000018166A38370, eventID = 0040, event Info = 0x0000018166A49900
	result =  0
	FileAllInformation
	DispatchQueryInformation result =  0
Dokan Information: SendAndPullEventInformation() with NTSTATUS 0x0, context 0x66a38370, and result object 0x0000018166AF47B0 with size 140
###Cleanup file handle = 0x0000018166A38370, eventID = 0040, event Info = 0x0000018166A49900
Dokan Information: SendAndPullEventInformation() with NTSTATUS 0x0, context 0x66a38370, and result object 0x0000018166AF47B0 with size 48
###Close file handle = 0x0000018166A38370, eventID = 0040, event Info = 0x0000018166A49900
[Close] \
###Create file handle = 0x0000018166A381F0, eventID = 0041, event Info = 0x0000018166A49890
[ZwCreateFile] \
Dokan Information: DokanEndDispatchCreate() status = 0, file handle = 0x0000018166A381F0, eventID = 0041, result = 0x1
Dokan Information: SendAndPullEventInformation() with NTSTATUS 0x0, context 0x66a381f0, and result object 0x0000018166AF47B0 with size 48
###QueryVolumeInfo file handle = 0x0000018166A381F0, eventID = 0041, event Info = 0x0000018166A49890
[GetVolumeInformation]
Dokan Information: SendAndPullEventInformation() with NTSTATUS 0x0, context 0x66a381f0, and result object 0x0000018166AF47B0 with size 64
###GetFileInfo file handle = 0x0000018166A381F0, eventID = 0041, event Info = 0x0000018166A49890
	result =  0
	FileAllInformation
	DispatchQueryInformation result =  0
Dokan Information: SendAndPullEventInformation() with NTSTATUS 0x0, context 0x66a381f0, and result object 0x0000018166AF47B0 with size 140
###Cleanup file handle = 0x0000018166A381F0, eventID = 0041, event Info = 0x0000018166A49890
Dokan Information: SendAndPullEventInformation() with NTSTATUS 0x0, context 0x66a381f0, and result object 0x0000018166AF47B0 with size 48
###Close file handle = 0x0000018166A381F0, eventID = 0041, event Info = 0x0000018166A49890
[Close] \
###Create file handle = 0x0000018166A38370, eventID = 0042, event Info = 0x0000018166A49900
[ZwCreateFile] \
Dokan Information: DokanEndDispatchCreate() status = 0, file handle = 0x0000018166A38370, eventID = 0042, result = 0x1
Dokan Information: SendAndPullEventInformation() with NTSTATUS 0x0, context 0x66a38370, and result object 0x0000018166AF47B0 with size 48
###QueryVolumeInfo file handle = 0x0000018166A38370, eventID = 0042, event Info = 0x0000018166A49900
[GetVolumeInformation]
Dokan Information: SendAndPullEventInformation() with NTSTATUS 0x0, context 0x66a38370, and result object 0x0000018166AF47B0 with size 64
###GetFileInfo file handle = 0x0000018166A38370, eventID = 0042, event Info = 0x0000018166A49900
	result =  0
	FileAllInformation
	DispatchQueryInformation result =  0
Dokan Information: SendAndPullEventInformation() with NTSTATUS 0x0, context 0x66a38370, and result object 0x0000018166AF47B0 with size 140
###Cleanup file handle = 0x0000018166A38370, eventID = 0042, event Info = 0x0000018166A49900
Dokan Information: SendAndPullEventInformation() with NTSTATUS 0x0, context 0x66a38370, and result object 0x0000018166AF47B0 with size 48
###Close file handle = 0x0000018166A38370, eventID = 0042, event Info = 0x0000018166A49900
[Close] \
###Create file handle = 0x0000018166A381F0, eventID = 0043, event Info = 0x0000018166A49890
[ZwCreateFile] \
Dokan Information: DokanEndDispatchCreate() status = 0, file handle = 0x0000018166A381F0, eventID = 0043, result = 0x1
Dokan Information: SendAndPullEventInformation() with NTSTATUS 0x0, context 0x66a381f0, and result object 0x0000018166AF47B0 with size 48
###QueryVolumeInfo file handle = 0x0000018166A381F0, eventID = 0043, event Info = 0x0000018166A49890
[GetVolumeInformation]
Dokan Information: SendAndPullEventInformation() with NTSTATUS 0x0, context 0x66a381f0, and result object 0x0000018166AF47B0 with size 64
###GetFileInfo file handle = 0x0000018166A381F0, eventID = 0043, event Info = 0x0000018166A49890
	result =  0
	FileAllInformation
	DispatchQueryInformation result =  0
Dokan Information: SendAndPullEventInformation() with NTSTATUS 0x0, context 0x66a381f0, and result object 0x0000018166AF47B0 with size 140
###Cleanup file handle = 0x0000018166A381F0, eventID = 0043, event Info = 0x0000018166A49890
Dokan Information: SendAndPullEventInformation() with NTSTATUS 0x0, context 0x66a381f0, and result object 0x0000018166AF47B0 with size 48
###Close file handle = 0x0000018166A381F0, eventID = 0043, event Info = 0x0000018166A49890
[Close] \
###Create file handle = 0x0000018166A381F0, eventID = 0044, event Info = 0x0000018166A49900
[ZwCreateFile] \
Dokan Information: DokanEndDispatchCreate() status = 0, file handle = 0x0000018166A381F0, eventID = 0044, result = 0x1
Dokan Information: SendAndPullEventInformation() with NTSTATUS 0x0, context 0x66a381f0, and result object 0x0000018166AF47B0 with size 48
###QueryVolumeInfo file handle = 0x0000018166A381F0, eventID = 0044, event Info = 0x0000018166A49900
[GetVolumeInformation]
Dokan Information: SendAndPullEventInformation() with NTSTATUS 0x0, context 0x66a381f0, and result object 0x0000018166AF47B0 with size 64
###GetFileInfo file handle = 0x0000018166A381F0, eventID = 0044, event Info = 0x0000018166A49900
	result =  0
	FileAllInformation
	DispatchQueryInformation result =  0
Dokan Information: SendAndPullEventInformation() with NTSTATUS 0x0, context 0x66a381f0, and result object 0x0000018166AF47B0 with size 140
###Cleanup file handle = 0x0000018166A381F0, eventID = 0044, event Info = 0x0000018166A49900
Dokan Information: SendAndPullEventInformation() with NTSTATUS 0x0, context 0x66a381f0, and result object 0x0000018166AF47B0 with size 48
###Close file handle = 0x0000018166A381F0, eventID = 0044, event Info = 0x0000018166A49900
[Close] \
###Create file handle = 0x0000018166A38370, eventID = 0045, event Info = 0x0000018166A49890
[ZwCreateFile] \
Dokan Information: DokanEndDispatchCreate() status = 0, file handle = 0x0000018166A38370, eventID = 0045, result = 0x1
Dokan Information: SendAndPullEventInformation() with NTSTATUS 0x0, context 0x66a38370, and result object 0x0000018166AF47B0 with size 48
###QueryVolumeInfo file handle = 0x0000018166A38370, eventID = 0045, event Info = 0x0000018166A49890
[GetVolumeInformation]
Dokan Information: SendAndPullEventInformation() with NTSTATUS 0x0, context 0x66a38370, and result object 0x0000018166AF47B0 with size 64
###GetFileInfo file handle = 0x0000018166A38370, eventID = 0045, event Info = 0x0000018166A49890
	result =  0
	FileAllInformation
	DispatchQueryInformation result =  0
Dokan Information: SendAndPullEventInformation() with NTSTATUS 0x0, context 0x66a38370, and result object 0x0000018166AF47B0 with size 140
###Cleanup file handle = 0x0000018166A38370, eventID = 0045, event Info = 0x0000018166A49890
Dokan Information: SendAndPullEventInformation() with NTSTATUS 0x0, context 0x66a38370, and result object 0x0000018166AF47B0 with size 48
###Close file handle = 0x0000018166A38370, eventID = 0045, event Info = 0x0000018166A49890
[Close] ###Create file handle = 0x0000018166A381F0, eventID = 0046, event Info = 0x0000018166A49900
\
[ZwCreateFile] \
Dokan Information: DokanEndDispatchCreate() status = 0, file handle = 0x0000018166A381F0, eventID = 0046, result = 0x1
Dokan Information: SendAndPullEventInformation() with NTSTATUS 0x0, context 0x66a381f0, and result object 0x0000018166AF47B0 with size 48
###QueryVolumeInfo file handle = 0x0000018166A381F0, eventID = 0046, event Info = 0x0000018166A49900
[GetVolumeInformation]
Dokan Information: SendAndPullEventInformation() with NTSTATUS 0x0, context 0x66a381f0, and result object 0x0000018166AF47B0 with size 64
###GetFileInfo file handle = 0x0000018166A381F0, eventID = 0046, event Info = 0x0000018166A49900
	result =  0
	FileAllInformation
	DispatchQueryInformation result =  0
Dokan Information: SendAndPullEventInformation() with NTSTATUS 0x0, context 0x66a381f0, and result object 0x0000018166AF47B0 with size 140
###Cleanup file handle = 0x0000018166A381F0, eventID = 0046, event Info = 0x0000018166A49900
Dokan Information: SendAndPullEventInformation() with NTSTATUS 0x0, context 0x66a381f0, and result object 0x0000018166AF47B0 with size 48
###Close file handle = 0x0000018166A381F0, eventID = 0046, event Info = 0x0000018166A49900
[Close] ###Create file handle = 0x0000018166A38370, eventID = 0047, event Info = 0x0000018166A49890
\
[ZwCreateFile] \
Dokan Information: DokanEndDispatchCreate() status = 0, file handle = 0x0000018166A38370, eventID = 0047, result = 0x1
Dokan Information: SendAndPullEventInformation() with NTSTATUS 0x0, context 0x66a38370, and result object 0x0000018166AF47B0 with size 48
###QueryVolumeInfo file handle = 0x0000018166A38370, eventID = 0047, event Info = 0x0000018166A49890
[GetVolumeInformation]
Dokan Information: SendAndPullEventInformation() with NTSTATUS 0x0, context 0x66a38370, and result object 0x0000018166AF47B0 with size 64
###GetFileInfo file handle = 0x0000018166A38370, eventID = 0047, event Info = 0x0000018166A49890
	result =  0
	FileAllInformation
	DispatchQueryInformation result =  0
Dokan Information: SendAndPullEventInformation() with NTSTATUS 0x0, context 0x66a38370, and result object 0x0000018166AF47B0 with size 140
###Cleanup file handle = 0x0000018166A38370, eventID = 0047, event Info = 0x0000018166A49890
Dokan Information: SendAndPullEventInformation() with NTSTATUS 0x0, context 0x66a38370, and result object 0x0000018166AF47B0 with size 48
###Close file handle = 0x0000018166A38370, eventID = 0047, event Info = 0x0000018166A49890
[Close] \
###Create file handle = 0x0000018166A381F0, eventID = 0048, event Info = 0x0000018166A49900
[ZwCreateFile] \
Dokan Information: DokanEndDispatchCreate() status = 0, file handle = 0x0000018166A381F0, eventID = 0048, result = 0x1
Dokan Information: SendAndPullEventInformation() with NTSTATUS 0x0, context 0x66a381f0, and result object 0x0000018166AF47B0 with size 48
###QueryVolumeInfo file handle = 0x0000018166A381F0, eventID = 0048, event Info = 0x0000018166A49900
[GetVolumeInformation]
Dokan Information: SendAndPullEventInformation() with NTSTATUS 0x0, context 0x66a381f0, and result object 0x0000018166AF47B0 with size 64
###GetFileInfo file handle = 0x0000018166A381F0, eventID = 0048, event Info = 0x0000018166A49900
	result =  0
	FileAllInformation
	DispatchQueryInformation result =  0
Dokan Information: SendAndPullEventInformation() with NTSTATUS 0x0, context 0x66a381f0, and result object 0x0000018166AF47B0 with size 140
###Cleanup file handle = 0x0000018166A381F0, eventID = 0048, event Info = 0x0000018166A49900
Dokan Information: SendAndPullEventInformation() with NTSTATUS 0x0, context 0x66a381f0, and result object 0x0000018166AF47B0 with size 48
###Close file handle = 0x0000018166A381F0, eventID = 0048, event Info = 0x0000018166A49900
[Close] \
###Create file handle = 0x0000018166A38370, eventID = 0049, event Info = 0x0000018166A49890
[ZwCreateFile] \
Dokan Information: DokanEndDispatchCreate() status = 0, file handle = 0x0000018166A38370, eventID = 0049, result = 0x1
Dokan Information: SendAndPullEventInformation() with NTSTATUS 0x0, context 0x66a38370, and result object 0x0000018166AF47B0 with size 48
###QueryVolumeInfo file handle = 0x0000018166A38370, eventID = 0049, event Info = 0x0000018166A49890
[GetVolumeInformation]
Dokan Information: SendAndPullEventInformation() with NTSTATUS 0x0, context 0x66a38370, and result object 0x0000018166AF47B0 with size 64
###GetFileInfo file handle = 0x0000018166A38370, eventID = 0049, event Info = 0x0000018166A49890
	result =  0
	FileAllInformation
	DispatchQueryInformation result =  0
Dokan Information: SendAndPullEventInformation() with NTSTATUS 0x0, context 0x66a38370, and result object 0x0000018166AF47B0 with size 140
###Cleanup file handle = 0x0000018166A38370, eventID = 0049, event Info = 0x0000018166A49890
Dokan Information: SendAndPullEventInformation() with NTSTATUS 0x0, context 0x66a38370, and result object 0x0000018166AF47B0 with size 48
###Close file handle = 0x0000018166A38370, eventID = 0049, event Info = 0x0000018166A49890
[Close] \
###Create file handle = 0x0000018166A381F0, eventID = 0050, event Info = 0x0000018166A49900
[ZwCreateFile] \
Dokan Information: DokanEndDispatchCreate() status = 0, file handle = 0x0000018166A381F0, eventID = 0050, result = 0x1
Dokan Information: SendAndPullEventInformation() with NTSTATUS 0x0, context 0x66a381f0, and result object 0x0000018166AF47B0 with size 48
###QueryVolumeInfo file handle = 0x0000018166A381F0, eventID = 0050, event Info = 0x0000018166A49900
[GetVolumeInformation]
Dokan Information: SendAndPullEventInformation() with NTSTATUS 0x0, context 0x66a381f0, and result object 0x0000018166AF47B0 with size 64
###GetFileInfo file handle = 0x0000018166A381F0, eventID = 0050, event Info = 0x0000018166A49900
	result =  0
	FileAllInformation
	DispatchQueryInformation result =  0
Dokan Information: SendAndPullEventInformation() with NTSTATUS 0x0, context 0x66a381f0, and result object 0x0000018166AF47B0 with size 140
###Cleanup file handle = 0x0000018166A381F0, eventID = 0050, event Info = 0x0000018166A49900
Dokan Information: SendAndPullEventInformation() with NTSTATUS 0x0, context 0x66a381f0, and result object 0x0000018166AF47B0 with size 48
###Close file handle = 0x0000018166A381F0, eventID = 0050, event Info = 0x0000018166A49900
[Close] \
###Create file handle = 0x0000018166A38370, eventID = 0051, event Info = 0x0000018166A49890
[ZwCreateFile] \
Dokan Information: DokanEndDispatchCreate() status = 0, file handle = 0x0000018166A38370, eventID = 0051, result = 0x1
Dokan Information: SendAndPullEventInformation() with NTSTATUS 0x0, context 0x66a38370, and result object 0x0000018166AF47B0 with size 48
###QueryVolumeInfo file handle = 0x0000018166A38370, eventID = 0051, event Info = 0x0000018166A49890
[GetVolumeInformation]
Dokan Information: SendAndPullEventInformation() with NTSTATUS 0x0, context 0x66a38370, and result object 0x0000018166AF47B0 with size 64
###GetFileInfo file handle = 0x0000018166A38370, eventID = 0051, event Info = 0x0000018166A49890
	result =  0
	FileAllInformation
	DispatchQueryInformation result =  0
Dokan Information: SendAndPullEventInformation() with NTSTATUS 0x0, context 0x66a38370, and result object 0x0000018166AF47B0 with size 140
###Cleanup file handle = 0x0000018166A38370, eventID = 0051, event Info = 0x0000018166A49890
Dokan Information: SendAndPullEventInformation() with NTSTATUS 0x0, context 0x66a38370, and result object 0x0000018166AF47B0 with size 48
###Close file handle = 0x0000018166A38370, eventID = 0051, event Info = 0x0000018166A49890
[Close] \
###Create file handle = 0x0000018166A381F0, eventID = 0052, event Info = 0x0000018166A49900
[ZwCreateFile] \
Dokan Information: DokanEndDispatchCreate() status = 0, file handle = 0x0000018166A381F0, eventID = 0052, result = 0x1
Dokan Information: SendAndPullEventInformation() with NTSTATUS 0x0, context 0x66a381f0, and result object 0x0000018166AF47B0 with size 48
###QueryVolumeInfo file handle = 0x0000018166A381F0, eventID = 0052, event Info = 0x0000018166A49900
[GetVolumeInformation]
Dokan Information: SendAndPullEventInformation() with NTSTATUS 0x0, context 0x66a381f0, and result object 0x0000018166AF47B0 with size 64
###GetFileInfo file handle = 0x0000018166A381F0, eventID = 0052, event Info = 0x0000018166A49900
	result =  0
	FileAllInformation
	DispatchQueryInformation result =  0
Dokan Information: SendAndPullEventInformation() with NTSTATUS 0x0, context 0x66a381f0, and result object 0x0000018166AF47B0 with size 140
###Cleanup file handle = 0x0000018166A381F0, eventID = 0052, event Info = 0x0000018166A49900
Dokan Information: SendAndPullEventInformation() with NTSTATUS 0x0, context 0x66a381f0, and result object 0x0000018166AF47B0 with size 48
###Close file handle = 0x0000018166A381F0, eventID = 0052, event Info = 0x0000018166A49900
[Close] \
###Create file handle = 0x0000018166A38370, eventID = 0053, event Info = 0x0000018166A49890
[ZwCreateFile] \
Dokan Information: DokanEndDispatchCreate() status = 0, file handle = 0x0000018166A38370, eventID = 0053, result = 0x1
Dokan Information: SendAndPullEventInformation() with NTSTATUS 0x0, context 0x66a38370, and result object 0x0000018166AF47B0 with size 48
###QueryVolumeInfo file handle = 0x0000018166A38370, eventID = 0053, event Info = 0x0000018166A49890
[GetVolumeInformation]
Dokan Information: SendAndPullEventInformation() with NTSTATUS 0x0, context 0x66a38370, and result object 0x0000018166AF47B0 with size 64
###GetFileInfo file handle = 0x0000018166A38370, eventID = 0053, event Info = 0x0000018166A49890
	result =  0
	FileAllInformation
	DispatchQueryInformation result =  0
Dokan Information: SendAndPullEventInformation() with NTSTATUS 0x0, context 0x66a38370, and result object 0x0000018166AF47B0 with size 140
###Cleanup file handle = 0x0000018166A38370, eventID = 0053, event Info = 0x0000018166A49890
Dokan Information: SendAndPullEventInformation() with NTSTATUS 0x0, context 0x66a38370, and result object 0x0000018166AF47B0 with size 48
###Close file handle = 0x0000018166A38370, eventID = 0053, event Info = 0x0000018166A49890
[Close] \
###Create file handle = 0x0000018166A381F0, eventID = 0054, event Info = 0x0000018166A49900
[ZwCreateFile] \
Dokan Information: DokanEndDispatchCreate() status = 0, file handle = 0x0000018166A381F0, eventID = 0054, result = 0x1
Dokan Information: SendAndPullEventInformation() with NTSTATUS 0x0, context 0x66a381f0, and result object 0x0000018166AF47B0 with size 48
###QueryVolumeInfo file handle = 0x0000018166A381F0, eventID = 0054, event Info = 0x0000018166A49900
[GetVolumeInformation]
Dokan Information: SendAndPullEventInformation() with NTSTATUS 0x0, context 0x66a381f0, and result object 0x0000018166AF47B0 with size 64
###GetFileInfo file handle = 0x0000018166A381F0, eventID = 0054, event Info = 0x0000018166A49900
	result =  0
	FileAllInformation
	DispatchQueryInformation result =  0
Dokan Information: SendAndPullEventInformation() with NTSTATUS 0x0, context 0x66a381f0, and result object 0x0000018166AF47B0 with size 140
###Cleanup file handle = 0x0000018166A381F0, eventID = 0054, event Info = 0x0000018166A49900
Dokan Information: SendAndPullEventInformation() with NTSTATUS 0x0, context 0x66a381f0, and result object 0x0000018166AF47B0 with size 48
###Close file handle = 0x0000018166A381F0, eventID = 0054, event Info = 0x0000018166A49900
[Close] \
###Create file handle = 0x0000018166A38370, eventID = 0055, event Info = 0x0000018166A49890
[ZwCreateFile] \
Dokan Information: DokanEndDispatchCreate() status = 0, file handle = 0x0000018166A38370, eventID = 0055, result = 0x1
Dokan Information: SendAndPullEventInformation() with NTSTATUS 0x0, context 0x66a38370, and result object 0x0000018166AF47B0 with size 48
###QueryVolumeInfo file handle = 0x0000018166A38370, eventID = 0055, event Info = 0x0000018166A49890
[GetVolumeInformation]
Dokan Information: SendAndPullEventInformation() with NTSTATUS 0x0, context 0x66a38370, and result object 0x0000018166AF47B0 with size 64
###GetFileInfo file handle = 0x0000018166A38370, eventID = 0055, event Info = 0x0000018166A49890
	result =  0
	FileAllInformation
	DispatchQueryInformation result =  0
Dokan Information: SendAndPullEventInformation() with NTSTATUS 0x0, context 0x66a38370, and result object 0x0000018166AF47B0 with size 140
###Cleanup file handle = 0x0000018166A38370, eventID = 0055, event Info = 0x0000018166A49890
Dokan Information: SendAndPullEventInformation() with NTSTATUS 0x0, context 0x66a38370, and result object 0x0000018166AF47B0 with size 48
###Close file handle = 0x0000018166A38370, eventID = 0055, event Info = 0x0000018166A49890
[Close] \
###Create file handle = 0x0000018166A38370, eventID = 0056, event Info = 0x0000018166A49900
[ZwCreateFile] \
Dokan Information: DokanEndDispatchCreate() status = 0, file handle = 0x0000018166A38370, eventID = 0056, result = 0x1
Dokan Information: SendAndPullEventInformation() with NTSTATUS 0x0, context 0x66a38370, and result object 0x0000018166AF47B0 with size 48
###QueryVolumeInfo file handle = 0x0000018166A38370, eventID = 0056, event Info = 0x0000018166A49900
[GetVolumeInformation]
Dokan Information: SendAndPullEventInformation() with NTSTATUS 0x0, context 0x66a38370, and result object 0x0000018166AF47B0 with size 64
###GetFileInfo file handle = 0x0000018166A38370, eventID = 0056, event Info = 0x0000018166A49900
	result =  0
	FileAllInformation
	DispatchQueryInformation result =  0
Dokan Information: SendAndPullEventInformation() with NTSTATUS 0x0, context 0x66a38370, and result object 0x0000018166AF47B0 with size 140
###Cleanup file handle = 0x0000018166A38370, eventID = 0056, event Info = 0x0000018166A49900
Dokan Information: SendAndPullEventInformation() with NTSTATUS 0x0, context 0x66a38370, and result object 0x0000018166AF47B0 with size 48
###Close file handle = 0x0000018166A38370, eventID = 0056, event Info = 0x0000018166A49900
[Close] \
###Create file handle = 0x0000018166A381F0, eventID = 0057, event Info = 0x0000018166A49890
[ZwCreateFile] \
Dokan Information: DokanEndDispatchCreate() status = 0, file handle = 0x0000018166A381F0, eventID = 0057, result = 0x1
Dokan Information: SendAndPullEventInformation() with NTSTATUS 0x0, context 0x66a381f0, and result object 0x0000018166AF47B0 with size 48
###QueryVolumeInfo file handle = 0x0000018166A381F0, eventID = 0057, event Info = 0x0000018166A49890
[GetVolumeInformation]
Dokan Information: SendAndPullEventInformation() with NTSTATUS 0x0, context 0x66a381f0, and result object 0x0000018166AF47B0 with size 64
###GetFileInfo file handle = 0x0000018166A381F0, eventID = 0057, event Info = 0x0000018166A49890
	result =  0
	FileAllInformation
	DispatchQueryInformation result =  0
Dokan Information: SendAndPullEventInformation() with NTSTATUS 0x0, context 0x66a381f0, and result object 0x0000018166AF47B0 with size 140
###Cleanup file handle = 0x0000018166A381F0, eventID = 0057, event Info = 0x0000018166A49890
Dokan Information: SendAndPullEventInformation() with NTSTATUS 0x0, context 0x66a381f0, and result object 0x0000018166AF47B0 with size 48
###Close file handle = 0x0000018166A381F0, eventID = 0057, event Info = 0x0000018166A49890
[Clo###Create file handle = 0x0000018166A381F0, eventID = 0058, event Info = 0x0000018166A49900
se] \
[ZwCreateFile] \
Dokan Information: DokanEndDispatchCreate() status = 0, file handle = 0x0000018166A381F0, eventID = 0058, result = 0x1
Dokan Information: SendAndPullEventInformation() with NTSTATUS 0x0, context 0x66a381f0, and result object 0x0000018166AF47B0 with size 48
###QueryVolumeInfo file handle = 0x0000018166A381F0, eventID = 0058, event Info = 0x0000018166A49900
[GetVolumeInformation]
Dokan Information: SendAndPullEventInformation() with NTSTATUS 0x0, context 0x66a381f0, and result object 0x0000018166AF47B0 with size 64
###GetFileInfo file handle = 0x0000018166A381F0, eventID = 0058, event Info = 0x0000018166A49900
	result =  0
	FileAllInformation
	DispatchQueryInformation result =  0
Dokan Information: SendAndPullEventInformation() with NTSTATUS 0x0, context 0x66a381f0, and result object 0x0000018166AF47B0 with size 140
###Cleanup file handle = 0x0000018166A381F0, eventID = 0058, event Info = 0x0000018166A49900
Dokan Information: SendAndPullEventInformation() with NTSTATUS 0x0, context 0x66a381f0, and result object 0x0000018166AF47B0 with size 48
###Close file handle = 0x0000018166A381F0, eventID = 0058, event Info = 0x0000018166A49900
[Close] \
###Create file handle = 0x0000018166A38370, eventID = 0059, event Info = 0x0000018166A49890
[ZwCreateFile] \
Dokan Information: DokanEndDispatchCreate() status = 0, file handle = 0x0000018166A38370, eventID = 0059, result = 0x1
Dokan Information: SendAndPullEventInformation() with NTSTATUS 0x0, context 0x66a38370, and result object 0x0000018166AF47B0 with size 48
###QueryVolumeInfo file handle = 0x0000018166A38370, eventID = 0059, event Info = 0x0000018166A49890
[GetVolumeInformation]
Dokan Information: SendAndPullEventInformation() with NTSTATUS 0x0, context 0x66a38370, and result object 0x0000018166AF47B0 with size 64
###GetFileInfo file handle = 0x0000018166A38370, eventID = 0059, event Info = 0x0000018166A49890
	result =  0
	FileAllInformation
	DispatchQueryInformation result =  0
Dokan Information: SendAndPullEventInformation() with NTSTATUS 0x0, context 0x66a38370, and result object 0x0000018166AF47B0 with size 140
###Cleanup file handle = 0x0000018166A38370, eventID = 0059, event Info = 0x0000018166A49890
Dokan Information: SendAndPullEventInformation() with NTSTATUS 0x0, context 0x66a38370, and result object 0x0000018166AF47B0 with size 48
###Close file handle = 0x0000018166A38370, eventID = 0059, event Info = 0x0000018166A49890
[Close] \
###Create file handle = 0x0000018166A381F0, eventID = 0060, event Info = 0x0000018166A49900
[ZwCreateFile] \
Dokan Information: DokanEndDispatchCreate() status = 0, file handle = 0x0000018166A381F0, eventID = 0060, result = 0x1
Dokan Information: SendAndPullEventInformation() with NTSTATUS 0x0, context 0x66a381f0, and result object 0x0000018166AF47B0 with size 48
###QueryVolumeInfo file handle = 0x0000018166A381F0, eventID = 0060, event Info = 0x0000018166A49900
[GetVolumeInformation]
Dokan Information: SendAndPullEventInformation() with NTSTATUS 0x0, context 0x66a381f0, and result object 0x0000018166AF47B0 with size 64
###GetFileInfo file handle = 0x0000018166A381F0, eventID = 0060, event Info = 0x0000018166A49900
	result =  0
	FileAllInformation
	DispatchQueryInformation result =  0
Dokan Information: SendAndPullEventInformation() with NTSTATUS 0x0, context 0x66a381f0, and result object 0x0000018166AF47B0 with size 140
###Cleanup file handle = 0x0000018166A381F0, eventID = 0060, event Info = 0x0000018166A49900
Dokan Information: SendAndPullEventInformation() with NTSTATUS 0x0, context 0x66a381f0, and result object 0x0000018166AF47B0 with size 48
###Close file handle = 0x0000018166A381F0, eventID = 0060, event Info = 0x0000018166A49900
[Close] \
###Create file handle = 0x0000018166A38370, eventID = 0061, event Info = 0x0000018166A49890
[ZwCreateFile] \
Dokan Information: DokanEndDispatchCreate() status = 0, file handle = 0x0000018166A38370, eventID = 0061, result = 0x1
Dokan Information: SendAndPullEventInformation() with NTSTATUS 0x0, context 0x66a38370, and result object 0x0000018166AF47B0 with size 48
###QueryVolumeInfo file handle = 0x0000018166A38370, eventID = 0061, event Info = 0x0000018166A49890
[GetVolumeInformation]
Dokan Information: SendAndPullEventInformation() with NTSTATUS 0x0, context 0x66a38370, and result object 0x0000018166AF47B0 with size 64
###GetFileInfo file handle = 0x0000018166A38370, eventID = 0061, event Info = 0x0000018166A49890
	result =  0
	FileAllInformation
	DispatchQueryInformation result =  0
Dokan Information: SendAndPullEventInformation() with NTSTATUS 0x0, context 0x66a38370, and result object 0x0000018166AF47B0 with size 140
###Cleanup file handle = 0x0000018166A38370, eventID = 0061, event Info = 0x0000018166A49890
Dokan Information: SendAndPullEventInformation() with NTSTATUS 0x0, context 0x66a38370, and result object 0x0000018166AF47B0 with size 48
###Close file handle = 0x0000018166A38370, eventID = 0061, event Info = 0x0000018166A49890
[Close] \
###Create file handle = 0x0000018166A381F0, eventID = 0062, event Info = 0x0000018166A49900
[ZwCreateFile] \
Dokan Information: DokanEndDispatchCreate() status = 0, file handle = 0x0000018166A381F0, eventID = 0062, result = 0x1
Dokan Information: SendAndPullEventInformation() with NTSTATUS 0x0, context 0x66a381f0, and result object 0x0000018166AF47B0 with size 48
###QueryVolumeInfo file handle = 0x0000018166A381F0, eventID = 0062, event Info = 0x0000018166A49900
[GetVolumeInformation]
Dokan Information: SendAndPullEventInformation() with NTSTATUS 0x0, context 0x66a381f0, and result object 0x0000018166AF47B0 with size 64
###GetFileInfo file handle = 0x0000018166A381F0, eventID = 0062, event Info = 0x0000018166A49900
	result =  0
	FileAllInformation
	DispatchQueryInformation result =  0
Dokan Information: SendAndPullEventInformation() with NTSTATUS 0x0, context 0x66a381f0, and result object 0x0000018166AF47B0 with size 140
###Cleanup file handle = 0x0000018166A381F0, eventID = 0062, event Info = 0x0000018166A49900
Dokan Information: SendAndPullEventInformation() with NTSTATUS 0x0, context 0x66a381f0, and result object 0x0000018166AF47B0 with size 48
###Close file handle = 0x0000018166A381F0, eventID = 0062, event Info = 0x0000018166A49900
[Close] \
###Create file handle = 0x0000018166A38370, eventID = 0063, event Info = 0x0000018166A49890
[ZwCreateFile] \
Dokan Information: DokanEndDispatchCreate() status = 0, file handle = 0x0000018166A38370, eventID = 0063, result = 0x1
Dokan Information: SendAndPullEventInformation() with NTSTATUS 0x0, context 0x66a38370, and result object 0x0000018166AF47B0 with size 48
###QueryVolumeInfo file handle = 0x0000018166A38370, eventID = 0063, event Info = 0x0000018166A49890
[GetVolumeInformation]
Dokan Information: SendAndPullEventInformation() with NTSTATUS 0x0, context 0x66a38370, and result object 0x0000018166AF47B0 with size 64
###GetFileInfo file handle = 0x0000018166A38370, eventID = 0063, event Info = 0x0000018166A49890
	result =  0
	FileAllInformation
	DispatchQueryInformation result =  0
Dokan Information: SendAndPullEventInformation() with NTSTATUS 0x0, context 0x66a38370, and result object 0x0000018166AF47B0 with size 140
###Cleanup file handle = 0x0000018166A38370, eventID = 0063, event Info = 0x0000018166A49890
Dokan Information: SendAndPullEventInformation() with NTSTATUS 0x0, context 0x66a38370, and result object 0x0000018166AF47B0 with size 48
###Close file handle = 0x0000018166A38370, eventID = 0063, event Info = 0x0000018166A49890
[Close] \
###Create file handle = 0x0000018166A381F0, eventID = 0064, event Info = 0x0000018166A49900
[ZwCreateFile] \
Dokan Information: DokanEndDispatchCreate() status = 0, file handle = 0x0000018166A381F0, eventID = 0064, result = 0x1
Dokan Information: SendAndPullEventInformation() with NTSTATUS 0x0, context 0x66a381f0, and result object 0x0000018166AF47B0 with size 48
###QueryVolumeInfo file handle = 0x0000018166A381F0, eventID = 0064, event Info = 0x0000018166A49900
[GetVolumeInformation]
Dokan Information: SendAndPullEventInformation() with NTSTATUS 0x0, context 0x66a381f0, and result object 0x0000018166AF47B0 with size 64
###GetFileInfo file handle = 0x0000018166A381F0, eventID = 0064, event Info = 0x0000018166A49900
	result =  0
	FileAllInformation
	DispatchQueryInformation result =  0
Dokan Information: SendAndPullEventInformation() with NTSTATUS 0x0, context 0x66a381f0, and result object 0x0000018166AF47B0 with size 140
###Cleanup file handle = 0x0000018166A381F0, eventID = 0064, event Info = 0x0000018166A49900
Dokan Information: SendAndPullEventInformation() with NTSTATUS 0x0, context 0x66a381f0, and result object 0x0000018166AF47B0 with size 48
###Close file handle = 0x0000018166A381F0, eventID = 0064, event Info = 0x0000018166A49900
[Close] \
###Create file handle = 0x0000018166A38370, eventID = 0065, event Info = 0x0000018166A49890
[ZwCreateFile] \
Dokan Information: DokanEndDispatchCreate() status = 0, file handle = 0x0000018166A38370, eventID = 0065, result = 0x1
Dokan Information: SendAndPullEventInformation() with NTSTATUS 0x0, context 0x66a38370, and result object 0x0000018166AF47B0 with size 48
###QueryVolumeInfo file handle = 0x0000018166A38370, eventID = 0065, event Info = 0x0000018166A49890
[GetVolumeInformation]
Dokan Information: SendAndPullEventInformation() with NTSTATUS 0x0, context 0x66a38370, and result object 0x0000018166AF47B0 with size 64
###GetFileInfo file handle = 0x0000018166A38370, eventID = 0065, event Info = 0x0000018166A49890
	result =  0
	FileAllInformation
	DispatchQueryInformation result =  0
Dokan Information: SendAndPullEventInformation() with NTSTATUS 0x0, context 0x66a38370, and result object 0x0000018166AF47B0 with size 140
###Cleanup file handle = 0x0000018166A38370, eventID = 0065, event Info = 0x0000018166A49890
Dokan Information: SendAndPullEventInformation() with NTSTATUS 0x0, context 0x66a38370, and result object 0x0000018166AF47B0 with size 48
###Close file handle = 0x0000018166A38370, eventID = 0065, event Info = 0x0000018166A49890
[Close] \
###Create file handle = 0x0000018166A381F0, eventID = 0066, event Info = 0x0000018166A49900
[ZwCreateFile] \
Dokan Information: DokanEndDispatchCreate() status = 0, file handle = 0x0000018166A381F0, eventID = 0066, result = 0x1
Dokan Information: SendAndPullEventInformation() with NTSTATUS 0x0, context 0x66a381f0, and result object 0x0000018166AF47B0 with size 48
###QueryVolumeInfo file handle = 0x0000018166A381F0, eventID = 0066, event Info = 0x0000018166A49900
[GetVolumeInformation]
Dokan Information: SendAndPullEventInformation() with NTSTATUS 0x0, context 0x66a381f0, and result object 0x0000018166AF47B0 with size 64
###GetFileInfo file handle = 0x0000018166A381F0, eventID = 0066, event Info = 0x0000018166A49900
	result =  0
	FileAllInformation
	DispatchQueryInformation result =  0
Dokan Information: SendAndPullEventInformation() with NTSTATUS 0x0, context 0x66a381f0, and result object 0x0000018166AF47B0 with size 140
###Cleanup file handle = 0x0000018166A381F0, eventID = 0066, event Info = 0x0000018166A49900
Dokan Information: SendAndPullEventInformation() with NTSTATUS 0x0, context 0x66a381f0, and result object 0x0000018166AF47B0 with size 48
###Close file handle = 0x0000018166A381F0, eventID = 0066, event Info = 0x0000018166A49900
###Create file handle = 0x0000018166A38370, eventID = 0067, event Info = 0x0000018166A49890
[Close] \
[ZwCreateFile] \
Dokan Information: DokanEndDispatchCreate() status = 0, file handle = 0x0000018166A38370, eventID = 0067, result = 0x1
Dokan Information: SendAndPullEventInformation() with NTSTATUS 0x0, context 0x66a38370, and result object 0x0000018166AF47B0 with size 48
###QueryVolumeInfo file handle = 0x0000018166A38370, eventID = 0067, event Info = 0x0000018166A49890
[GetVolumeInformation]
Dokan Information: SendAndPullEventInformation() with NTSTATUS 0x0, context 0x66a38370, and result object 0x0000018166AF47B0 with size 64
###GetFileInfo file handle = 0x0000018166A38370, eventID = 0067, event Info = 0x0000018166A49890
	result =  0
	FileAllInformation
	DispatchQueryInformation result =  0
Dokan Information: SendAndPullEventInformation() with NTSTATUS 0x0, context 0x66a38370, and result object 0x0000018166AF47B0 with size 140
###Cleanup file handle = 0x0000018166A38370, eventID = 0067, event Info = 0x0000018166A49890
Dokan Information: SendAndPullEventInformation() with NTSTATUS 0x0, context 0x66a38370, and result object 0x0000018166AF47B0 with size 48
###Close file handle = 0x0000018166A38370, eventID = 0067, event Info = 0x0000018166A49890
[Close] \
###Create file handle = 0x0000018166A381F0, eventID = 0068, event Info = 0x0000018166A49900
[ZwCreateFile] \
Dokan Information: DokanEndDispatchCreate() status = 0, file handle = 0x0000018166A381F0, eventID = 0068, result = 0x1
Dokan Information: SendAndPullEventInformation() with NTSTATUS 0x0, context 0x66a381f0, and result object 0x0000018166AF47B0 with size 48
###QueryVolumeInfo file handle = 0x0000018166A381F0, eventID = 0068, event Info = 0x0000018166A49900
[GetVolumeInformation]
Dokan Information: SendAndPullEventInformation() with NTSTATUS 0x0, context 0x66a381f0, and result object 0x0000018166AF47B0 with size 64
###GetFileInfo file handle = 0x0000018166A381F0, eventID = 0068, event Info = 0x0000018166A49900
	result =  0
	FileAllInformation
	DispatchQueryInformation result =  0
Dokan Information: SendAndPullEventInformation() with NTSTATUS 0x0, context 0x66a381f0, and result object 0x0000018166AF47B0 with size 140
###Cleanup file handle = 0x0000018166A381F0, eventID = 0068, event Info = 0x0000018166A49900
Dokan Information: SendAndPullEventInformation() with NTSTATUS 0x0, context 0x66a381f0, and result object 0x0000018166AF47B0 with size 48
###Close file handle = 0x0000018166A381F0, eventID = 0068, event Info = 0x0000018166A49900
[Cl###Create file handle = 0x0000018166A38370, eventID = 0069, event Info = 0x0000018166A49890
ose] \
[ZwCreateFile] \
Dokan Information: DokanEndDispatchCreate() status = 0, file handle = 0x0000018166A38370, eventID = 0069, result = 0x1
Dokan Information: SendAndPullEventInformation() with NTSTATUS 0x0, context 0x66a38370, and result object 0x0000018166AF47B0 with size 48
###QueryVolumeInfo file handle = 0x0000018166A38370, eventID = 0069, event Info = 0x0000018166A49890
[GetVolumeInformation]
Dokan Information: SendAndPullEventInformation() with NTSTATUS 0x0, context 0x66a38370, and result object 0x0000018166AF47B0 with size 64
###GetFileInfo file handle = 0x0000018166A38370, eventID = 0069, event Info = 0x0000018166A49890
	result =  0
	FileAllInformation
	DispatchQueryInformation result =  0
Dokan Information: SendAndPullEventInformation() with NTSTATUS 0x0, context 0x66a38370, and result object 0x0000018166AF47B0 with size 140
###Cleanup file handle = 0x0000018166A38370, eventID = 0069, event Info = 0x0000018166A49890
Dokan Information: SendAndPullEventInformation() with NTSTATUS 0x0, context 0x66a38370, and result object 0x0000018166AF47B0 with size 48
###Close file handle = 0x0000018166A38370, eventID = 0069, event Info = 0x0000018166A49890
###Create file handle = 0x0000018166A381F0, eventID = 0070, event Info = 0x0000018166A49900
[Close] \
[ZwCreateFile] \
Dokan Information: DokanEndDispatchCreate() status = 0, file handle = 0x0000018166A381F0, eventID = 0070, result = 0x1
Dokan Information: SendAndPullEventInformation() with NTSTATUS 0x0, context 0x66a381f0, and result object 0x0000018166AF47B0 with size 48
###QueryVolumeInfo file handle = 0x0000018166A381F0, eventID = 0070, event Info = 0x0000018166A49900
[GetVolumeInformation]
Dokan Information: SendAndPullEventInformation() with NTSTATUS 0x0, context 0x66a381f0, and result object 0x0000018166AF47B0 with size 64
###GetFileInfo file handle = 0x0000018166A381F0, eventID = 0070, event Info = 0x0000018166A49900
	result =  0
	FileAllInformation
	DispatchQueryInformation result =  0
Dokan Information: SendAndPullEventInformation() with NTSTATUS 0x0, context 0x66a381f0, and result object 0x0000018166AF47B0 with size 140
###Cleanup file handle = 0x0000018166A381F0, eventID = 0070, event Info = 0x0000018166A49900
Dokan Information: SendAndPullEventInformation() with NTSTATUS 0x0, context 0x66a381f0, and result object 0x0000018166AF47B0 with size 48
###Close file handle = 0x0000018166A381F0, eventID = 0070, event Info = 0x0000018166A49900
[C###Create file handle = 0x0000018166A38370, eventID = 0071, event Info = 0x0000018166A49890
lose] \
[ZwCreateFile] \
Dokan Information: DokanEndDispatchCreate() status = 0, file handle = 0x0000018166A38370, eventID = 0071, result = 0x1
Dokan Information: SendAndPullEventInformation() with NTSTATUS 0x0, context 0x66a38370, and result object 0x0000018166AF47B0 with size 48
###QueryVolumeInfo file handle = 0x0000018166A38370, eventID = 0071, event Info = 0x0000018166A49890
[GetVolumeInformation]
Dokan Information: SendAndPullEventInformation() with NTSTATUS 0x0, context 0x66a38370, and result object 0x0000018166AF47B0 with size 64
###GetFileInfo file handle = 0x0000018166A38370, eventID = 0071, event Info = 0x0000018166A49890
	result =  0
	FileAllInformation
	DispatchQueryInformation result =  0
Dokan Information: SendAndPullEventInformation() with NTSTATUS 0x0, context 0x66a38370, and result object 0x0000018166AF47B0 with size 140
###Cleanup file handle = 0x0000018166A38370, eventID = 0071, event Info = 0x0000018166A49890
Dokan Information: SendAndPullEventInformation() with NTSTATUS 0x0, context 0x66a38370, and result object 0x0000018166AF47B0 with size 48
###Close file handle = 0x0000018166A38370, eventID = 0071, event Info = 0x0000018166A49890
[Close] \###Create file handle = 0x0000018166A38370, eventID = 0072, event Info = 0x0000018166A49900

[ZwCreateFile] \
Dokan Information: DokanEndDispatchCreate() status = 0, file handle = 0x0000018166A38370, eventID = 0072, result = 0x1
Dokan Information: SendAndPullEventInformation() with NTSTATUS 0x0, context 0x66a38370, and result object 0x0000018166AF47B0 with size 48
###QueryVolumeInfo file handle = 0x0000018166A38370, eventID = 0072, event Info = 0x0000018166A49900
[GetVolumeInformation]
Dokan Information: SendAndPullEventInformation() with NTSTATUS 0x0, context 0x66a38370, and result object 0x0000018166AF47B0 with size 64
###GetFileInfo file handle = 0x0000018166A38370, eventID = 0072, event Info = 0x0000018166A49900
	result =  0
	FileAllInformation
	DispatchQueryInformation result =  0
Dokan Information: SendAndPullEventInformation() with NTSTATUS 0x0, context 0x66a38370, and result object 0x0000018166AF47B0 with size 140
###Cleanup file handle = 0x0000018166A38370, eventID = 0072, event Info = 0x0000018166A49900
Dokan Information: SendAndPullEventInformation() with NTSTATUS 0x0, context 0x66a38370, and result object 0x0000018166AF47B0 with size 48
###Close file handle = 0x0000018166A38370, eventID = 0072, event Info = 0x0000018166A49900
[Close] \
###Create file handle = 0x0000018166A381F0, eventID = 0073, event Info = 0x0000018166A49890
[ZwCreateFile] \
Dokan Information: DokanEndDispatchCreate() status = 0, file handle = 0x0000018166A381F0, eventID = 0073, result = 0x1
Dokan Information: SendAndPullEventInformation() with NTSTATUS 0x0, context 0x66a381f0, and result object 0x0000018166AF47B0 with size 48
###QueryVolumeInfo file handle = 0x0000018166A381F0, eventID = 0073, event Info = 0x0000018166A49890
[GetVolumeInformation]
Dokan Information: SendAndPullEventInformation() with NTSTATUS 0x0, context 0x66a381f0, and result object 0x0000018166AF47B0 with size 64
###GetFileInfo file handle = 0x0000018166A381F0, eventID = 0073, event Info = 0x0000018166A49890
	result =  0
	FileAllInformation
	DispatchQueryInformation result =  0
Dokan Information: SendAndPullEventInformation() with NTSTATUS 0x0, context 0x66a381f0, and result object 0x0000018166AF47B0 with size 140
###Cleanup file handle = 0x0000018166A381F0, eventID = 0073, event Info = 0x0000018166A49890
Dokan Information: SendAndPullEventInformation() with NTSTATUS 0x0, context 0x66a381f0, and result object 0x0000018166AF47B0 with size 48
###Close file handle = 0x0000018166A381F0, eventID = 0073, event Info = 0x0000018166A49890
[Close] \
###Create file handle = 0x0000018166A38370, eventID = 0074, event Info = 0x0000018166A49900
[ZwCreateFile] \
Dokan Information: DokanEndDispatchCreate() status = 0, file handle = 0x0000018166A38370, eventID = 0074, result = 0x1
Dokan Information: SendAndPullEventInformation() with NTSTATUS 0x0, context 0x66a38370, and result object 0x0000018166AF47B0 with size 48
###QueryVolumeInfo file handle = 0x0000018166A38370, eventID = 0074, event Info = 0x0000018166A49900
[GetVolumeInformation]
Dokan Information: SendAndPullEventInformation() with NTSTATUS 0x0, context 0x66a38370, and result object 0x0000018166AF47B0 with size 64
###GetFileInfo file handle = 0x0000018166A38370, eventID = 0074, event Info = 0x0000018166A49900
	result =  0
	FileAllInformation
	DispatchQueryInformation result =  0
Dokan Information: SendAndPullEventInformation() with NTSTATUS 0x0, context 0x66a38370, and result object 0x0000018166AF47B0 with size 140
###Cleanup file handle = 0x0000018166A38370, eventID = 0074, event Info = 0x0000018166A49900
Dokan Information: SendAndPullEventInformation() with NTSTATUS 0x0, context 0x66a38370, and result object 0x0000018166AF47B0 with size 48
###Close file handle = 0x0000018166A38370, eventID = 0074, event Info = 0x0000018166A49900
[Close] \
###Create file handle = 0x0000018166A381F0, eventID = 0075, event Info = 0x0000018166A49890
[ZwCreateFile] \
Dokan Information: DokanEndDispatchCreate() status = 0, file handle = 0x0000018166A381F0, eventID = 0075, result = 0x1
Dokan Information: SendAndPullEventInformation() with NTSTATUS 0x0, context 0x66a381f0, and result object 0x0000018166AF47B0 with size 48
###QueryVolumeInfo file handle = 0x0000018166A381F0, eventID = 0075, event Info = 0x0000018166A49890
[GetVolumeInformation]
Dokan Information: SendAndPullEventInformation() with NTSTATUS 0x0, context 0x66a381f0, and result object 0x0000018166AF47B0 with size 64
###GetFileInfo file handle = 0x0000018166A381F0, eventID = 0075, event Info = 0x0000018166A49890
	result =  0
	FileAllInformation
	DispatchQueryInformation result =  0
Dokan Information: SendAndPullEventInformation() with NTSTATUS 0x0, context 0x66a381f0, and result object 0x0000018166AF47B0 with size 140
###Cleanup file handle = 0x0000018166A381F0, eventID = 0075, event Info = 0x0000018166A49890
Dokan Information: SendAndPullEventInformation() with NTSTATUS 0x0, context 0x66a381f0, and result object 0x0000018166AF47B0 with size 48
###Close file handle = 0x0000018166A381F0, eventID = 0075, event Info = 0x0000018166A49890
[Close] \
###Create file handle = 0x0000018166A381F0, eventID = 0076, event Info = 0x0000018166A49890
[ZwCreateFile] \
Dokan Information: DokanEndDispatchCreate() status = 0, file handle = 0x0000018166A381F0, eventID = 0076, result = 0x1
Dokan Information: SendAndPullEventInformation() with NTSTATUS 0x0, context 0x66a381f0, and result object 0x0000018166AF47B0 with size 48
###GetFileInfo file handle = 0x0000018166A381F0, eventID = 0076, event Info = 0x0000018166A49890
	result =  0
	FileStandardInformation
	DispatchQueryInformation result =  0
Dokan Information: SendAndPullEventInformation() with NTSTATUS 0x0, context 0x66a381f0, and result object 0x0000018166AF47B0 with size 64
###QueryVolumeInfo file handle = 0x0000018166A381F0, eventID = 0076, event Info = 0x0000018166A49890
[GetVolumeInformation]
Dokan Information: SendAndPullEventInformation() with NTSTATUS 0x0, context 0x66a381f0, and result object 0x0000018166AF47B0 with size 74
###QueryVolumeInfo file handle = 0x0000018166A381F0, eventID = 0076, event Info = 0x0000018166A49890
[GetVolumeInformation]
Dokan Information: SendAndPullEventInformation() with NTSTATUS 0x0, context 0x66a381f0, and result object 0x0000018166AF47B0 with size 68
###Cleanup file handle = 0x0000018166A381F0, eventID = 0076, event Info = 0x0000018166A49890
Dokan Information: SendAndPullEventInformation() with NTSTATUS 0x0, context 0x66a381f0, and result object 0x0000018166AF47B0 with size 48
###Close file handle = 0x0000018166A381F0, eventID = 0076, event Info = 0x0000018166A49890
[Close] \
###Create file handle = 0x0000018166A38370, eventID = 0077, event Info = 0x0000018166A49900
[ZwCreateFile] \
Dokan Information: DokanEndDispatchCreate() status = 0, file handle = 0x0000018166A38370, eventID = 0077, result = 0x1
Dokan Information: SendAndPullEventInformation() with NTSTATUS 0x0, context 0x66a38370, and result object 0x0000018166AF47B0 with size 48
###GetFileInfo file handle = 0x0000018166A38370, eventID = 0077, event Info = 0x0000018166A49900
	result =  0
	FileNetworkOpenInformation
	DispatchQueryInformation result =  0
Dokan Information: SendAndPullEventInformation() with NTSTATUS 0x0, context 0x66a38370, and result object 0x0000018166AF47B0 with size 96
###Cleanup file handle = 0x0000018166A38370, eventID = 0077, event Info = 0x0000018166A49900
Dokan Information: SendAndPullEventInformation() with NTSTATUS 0x0, context 0x66a38370, and result object 0x0000018166AF47B0 with size 48
###Close file handle = 0x0000018166A38370, eventID = 0077, event Info = 0x0000018166A49900
[Close] \
###Create file handle = 0x0000018166A38370, eventID = 0078, event Info = 0x0000018166A49890
[ZwCreateFile] \
Dokan Information: DokanEndDispatchCreate() status = 0, file handle = 0x0000018166A38370, eventID = 0078, result = 0x1
Dokan Information: SendAndPullEventInformation() with NTSTATUS 0x0, context 0x66a38370, and result object 0x0000018166AF47B0 with size 48
###GetFileInfo file handle = 0x0000018166A38370, eventID = 0078, event Info = 0x0000018166A49890
	result =  0
	FileBasicInformation
	DispatchQueryInformation result =  0
Dokan Information: SendAndPullEventInformation() with NTSTATUS 0x0, context 0x66a38370, and result object 0x0000018166AF47B0 with size 80
###Cleanup file handle = 0x0000018166A38370, eventID = 0078, event Info = 0x0000018166A49890
Dokan Information: SendAndPullEventInformation() with NTSTATUS 0x0, context 0x66a38370, and result object 0x0000018166AF47B0 with size 48
###Close file handle = 0x0000018166A38370, eventID = 0078, event Info = 0x0000018166A49890
[Close] \
###Create file handle = 0x0000018166A38370, eventID = 0079, event Info = 0x0000018166A49890
[ZwCreateFile] \root.txt
Dokan Information: DokanEndDispatchCreate() status = c0000034, file handle = 0x0000000000000000, eventID = -001, result = 0x5
Dokan Information: SendAndPullEventInformation() with NTSTATUS 0xc0000034, context 0x0, and result object 0x0000018166AF47B0 with size 48
###Create file handle = 0x0000018166A38370, eventID = 0080, event Info = 0x0000018166A49890
[ZwCreateFile] \root.txt
Dokan Information: DokanEndDispatchCreate() status = c0000034, file handle = 0x0000000000000000, eventID = -001, result = 0x5
Dokan Information: SendAndPullEventInformation() with NTSTATUS 0xc0000034, context 0x0, and result object 0x0000018166AF47B0 with size 48
###Create file handle = 0x0000018166A38370, eventID = 0081, event Info = 0x0000018166A49890
[ZwCreateFile] \root.txt
Dokan Information: DokanEndDispatchCreate() status = c0000034, file handle = 0x0000000000000000, eventID = -001, result = 0x5
Dokan Information: SendAndPullEventInformation() with NTSTATUS 0xc0000034, context 0x0, and result object 0x0000018166AF47B0 with size 48
###Create file handle = 0x0000018166A38370, eventID = 0082, event Info = 0x0000018166A49890
[ZwCreateFile] \root.txt
Dokan Information: DokanEndDispatchCreate() status = c0000034, file handle = 0x0000000000000000, eventID = -001, result = 0x5
Dokan Information: SendAndPullEventInformation() with NTSTATUS 0xc0000034, context 0x0, and result object 0x0000018166AF47B0 with size 48
###Create file handle = 0x0000018166A38370, eventID = 0083, event Info = 0x0000018166A49890
[ZwCreateFile] \
Dokan Information: DokanEndDispatchCreate() status = 0, file handle = 0x0000018166A38370, eventID = 0083, result = 0x1
Dokan Information: SendAndPullEventInformation() with NTSTATUS 0x0, context 0x66a38370, and result object 0x0000018166AF47B0 with size 48
###FindFiles file handle = 0x0000018166A38370, eventID = 0083, event Info = 0x0000018166A49890
WriteDirectoryResults() New directory index is -1.
  STATUS_NO_SUCH_FILE
Dokan Information: SendAndPullEventInformation() with NTSTATUS 0xc000000f, context 0x66a38370, and result object 0x0000018166AF47B0 with size 48
###Cleanup file handle = 0x0000018166A38370, eventID = 0083, event Info = 0x0000018166A49890
Dokan Information: SendAndPullEventInformation() with NTSTATUS 0x0, context 0x66a38370, and result object 0x0000018166AF47B0 with size 48
###Close file handle = 0x0000018166A38370, eventID = 0083, event Info = 0x0000018166A49890
###Create file handle = 0x0000018166A381F0, eventID = 0084, event Info = 0x0000018166A49900
[Close] \
[ZwCreateFile] \root.txt
Dokan Information: DokanEndDispatchCreate() status = 0, file handle = 0x0000018166A381F0, eventID = 0084, result = 0x2
Dokan Information: SendAndPullEventInformation() with NTSTATUS 0x0, context 0x66a381f0, and result object 0x0000018166AF47B0 with size 48
###GetFileInfo file handle = 0x0000018166A381F0, eventID = 0084, event Info = 0x0000018166A49900
	result =  c0000034
	DispatchQueryInformation result =  c0000034
Dokan Information: SendAndPullEventInformation() with NTSTATUS 0xc000000d, context 0x66a381f0, and result object 0x0000018166AF47B0 with size 48
###GetFileInfo file handle = 0x0000018166A381F0, eventID = 0084, event Info = 0x0000018166A49900
	result =  c0000034
	DispatchQueryInformation result =  c0000034
Dokan Information: SendAndPullEventInformation() with NTSTATUS 0xc000000d, context 0x66a381f0, and result object 0x0000018166AF47B0 with size 48
###GetFileInfo file handle = 0x0000018166A381F0, eventID = 0084, event Info = 0x0000018166A49900
	result =  c0000034
	DispatchQueryInformation result =  c0000034
Dokan Information: SendAndPullEventInformation() with NTSTATUS 0xc000000d, context 0x66a381f0, and result object 0x0000018166AF47B0 with size 48
###GetFileInfo file handle = 0x0000018166A381F0, eventID = 0084, event Info = 0x0000018166A49900
	result =  c0000034
	DispatchQueryInformation result =  c0000034
Dokan Information: SendAndPullEventInformation() with NTSTATUS 0xc000000d, context 0x66a381f0, and result object 0x0000018166AF47B0 with size 48
###GetFileInfo file handle = 0x0000018166A381F0, eventID = 0084, event Info = 0x0000018166A49900
	result =  c0000034
	DispatchQueryInformation result =  c0000034
Dokan Information: SendAndPullEventInformation() with NTSTATUS 0xc000000d, context 0x66a381f0, and result object 0x0000018166AF47B0 with size 48
###Cleanup file handle = 0x0000018166A381F0, eventID = 0084, event Info = 0x0000018166A49900
Dokan Information: SendAndPullEventInformation() with NTSTATUS 0x0, context 0x66a381f0, and result object 0x0000018166AF47B0 with size 48
###Close file handle = 0x0000018166A381F0, eventID = 0084, event Info = 0x0000018166A49900
[Close] \root.txt
###Create file handle = 0x0000018166A381F0, eventID = 0085, event Info = 0x0000018166A49900
[ZwCreateFile] \
Dokan Information: DokanEndDispatchCreate() status = 0, file handle = 0x0000018166A381F0, eventID = 0085, result = 0x1
Dokan Information: SendAndPullEventInformation() with NTSTATUS 0x0, context 0x66a381f0, and result object 0x0000018166AF47B0 with size 48
###QueryVolumeInfo file handle = 0x0000018166A381F0, eventID = 0085, event Info = 0x0000018166A49900
[GetVolumeInformation]
Dokan Information: SendAndPullEventInformation() with NTSTATUS 0x0, context 0x66a381f0, and result object 0x0000018166AF47B0 with size 74
###QueryVolumeInfo file handle = 0x0000018166A381F0, eventID = 0085, event Info = 0x0000018166A49900
[GetVolumeInformation]
Dokan Information: SendAndPullEventInformation() with NTSTATUS 0x0, context 0x66a381f0, and result object 0x0000018166AF47B0 with size 68
###Cleanup file handle = 0x0000018166A381F0, eventID = 0085, event Info = 0x0000018166A49900
Dokan Information: SendAndPullEventInformation() with NTSTATUS 0x0, context 0x66a381f0, and result object 0x0000018166AF47B0 with size 48
###Close file handle = 0x0000018166A381F0, eventID = 0085, event Info = 0x0000018166A49900
[Close] \
###Create file handle = 0x0000018166A38370, eventID = 0086, event Info = 0x0000018166A49890
[ZwCreateFile] \
Dokan Information: DokanEndDispatchCreate() status = 0, file handle = 0x0000018166A38370, eventID = 0086, result = 0x1
Dokan Information: SendAndPullEventInformation() with NTSTATUS 0x0, context 0x66a38370, and result object 0x0000018166AF47B0 with size 48
###GetFileInfo file handle = 0x0000018166A38370, eventID = 0086, event Info = 0x0000018166A49890
	result =  0
	FileNetworkOpenInformation
	DispatchQueryInformation result =  0
Dokan Information: SendAndPullEventInformation() with NTSTATUS 0x0, context 0x66a38370, and result object 0x0000018166AF47B0 with size 96
###Cleanup file handle = 0x0000018166A38370, eventID = 0086, event Info = 0x0000018166A49890
Dokan Information: SendAndPullEventInformation() with NTSTATUS 0x0, context 0x66a38370, and result object 0x0000018166AF47B0 with size 48
###Close file handle = 0x0000018166A38370, eventID = 0086, event Info = 0x0000018166A49890
[Close] \
###Create file handle = 0x0000018166A38370, eventID = 0087, event Info = 0x0000018166A49900
[ZwCreateFile] \
Dokan Information: DokanEndDispatchCreate() status = 0, file handle = 0x0000018166A38370, eventID = 0087, result = 0x1
Dokan Information: SendAndPullEventInformation() with NTSTATUS 0x0, context 0x66a38370, and result object 0x0000018166AF47B0 with size 48
###GetFileInfo file handle = 0x0000018166A38370, eventID = 0087, event Info = 0x0000018166A49900
	result =  0
	FileBasicInformation
	DispatchQueryInformation result =  0
Dokan Information: SendAndPullEventInformation() with NTSTATUS 0x0, context 0x66a38370, and result object 0x0000018166AF47B0 with size 80
###Cleanup file handle = 0x0000018166A38370, eventID = 0087, event Info = 0x0000018166A49900
Dokan Information: SendAndPullEventInformation() with NTSTATUS 0x0, context 0x66a38370, and result object 0x0000018166AF47B0 with size 48
###Close file handle = 0x0000018166A38370, eventID = 0087, event Info = 0x0000018166A49900
[Close] \
###Create file handle = 0x0000018166A38370, eventID = 0088, event Info = 0x0000018166A49900
[ZwCreateFile] \root.txt
Dokan Information: DokanEndDispatchCreate() status = c0000034, file handle = 0x0000000000000000, eventID = -001, result = 0x5
Dokan Information: SendAndPullEventInformation() with NTSTATUS 0xc0000034, context 0x0, and result object 0x0000018166AF47B0 with size 48
