Dokan: debug mode on
Dokan: use stderr
AllocationUnitSize: 512 SectorSize: 512
Global device opened
Dokan: Using 12 main pull threads with ipc batching: 0
###Create file handle = 0x00000134C14A7C70, eventID = 0001, event Info = 0x00000134C14B9890
[ZwCreateDokan Information: mounted: Y: -> \Volume{d6cc17c5-175f-4085-bce7-964f1e9f5de9}
Fi###QueryVolumeInfo file handle = 0x0000000000000000, eventID = -001, event Info = 0x00000134C14B9D60
l###QueryVolumeInfo file handle = 0x0000000000000000, eventID = -001, event Info = 0x00000134C14B9740
e] \System Volume Information\MountPointManagerRemoteDatabase disp=1 opts=0x60 attrs=0x86
[Mounted]
Dokan Information: DokanEndDispatchCreate() status = c0000034, file handle = 0x0000000000000000, eventID = -001, result = 0x5
[GetVolumeInformation]
Dokan Information: SendAndPullEventInformation() with NTSTATUS 0xc0000034, context 0x0, and result object 0x00000134C14F3E90 with size 48
[GetVolumeInformation]
Dokan Information: SendAndPullEventInformation() with NTSTATUS 0x0, context 0x0, and result object 0x00000134C1569680 with size 64
###Create file handle = 0x00000134C14A7C70, eventID = 0002, event Info = 0x00000134C14B9890
[ZwCreateFile] \$Extend\$Reparse:$R:$INDEX_ALLOCATION disp=1 opts=0x20 attrs=0x0
Dokan Information: SendAndPullEventInformation() with NTSTATUS 0x80000005, context 0x0, and result object 0x00000134C156A6B0 with size 56
Dokan Information: DokanEndDispatchCreate() status = c0000034, file handle = 0x0000000000000000, eventID = -001, result = 0x5
Dokan Information: SendAndPullEventInformation() with NTSTATUS 0xc0000034, context 0x0, and result object 0x00000134C14F3E90 with size 48
###Create file handle = 0x00000134C14A7C70, eventID = 0003, event Info = 0x00000134C14B9740
[ZwCreateFile] \ disp=1 opts=0x21 attrs=0x0
Dokan Information: DokanEndDispatchCreate() status = 0, file handle = 0x00000134C14A7C70, eventID = 0003, result = 0x1
Dokan Information: SendAndPullEventInformation() with NTSTATUS 0x0, context 0xc14a7c70, and result object 0x00000134C156A6B0 with size 48
###GetFileInfo file handle = 0x00000134C14A7C70, eventID = 0003, event Info = 0x00000134C14B9740
	result =  0
  unknown type:54
	DispatchQueryInformation result =  c000000d
Dokan Information: SendAndPullEventInformation() with NTSTATUS 0xc000000d, context 0xc14a7c70, and result object 0x00000134C156A6B0 with size 48
###GetFileInfo file handle = 0x00000134C14A7C70, eventID = 0003, event Info = 0x00000134C14B9740
	result =  0
	FileStandardInformation
	DispatchQueryInformation result =  0
Dokan Information: SendAndPullEventInformation() with NTSTATUS 0x0, context 0xc14a7c70, and result object 0x00000134C156A6B0 with size 64
###QueryVolumeInfo file handle = 0x00000134C14A7C70, eventID = 0003, event Info = 0x00000134C14B9740
[GetVolumeInformation]
Dokan Information: SendAndPullEventInformation() with NTSTATUS 0x0, context 0xc14a7c70, and result object 0x00000134C156A6B0 with size 74
###Cleanup file handle = 0x00000134C14A7C70, eventID = 0003, event Info = 0x00000134C14B9740
Dokan Information: SendAndPullEventInformation() with NTSTATUS 0x0, context 0xc14a7c70, and result object 0x00000134C156A6B0 with size 48
###Close file handle = 0x00000134C14A7C70, eventID = 0003, event Info = 0x00000134C14B9740
[Close] \
###Create file handle = 0x00000134C14A7C70, eventID = 0004, event Info = 0x00000134C14B9740
[ZwCreateFile] \ disp=1 opts=0x21 attrs=0x0
Dokan Information: DokanEndDispatchCreate() status = 0, file handle = 0x00000134C14A7C70, eventID = 0004, result = 0x1
Dokan Information: SendAndPullEventInformation() with NTSTATUS 0x0, context 0xc14a7c70, and result object 0x00000134C156A6B0 with size 48
###QueryVolumeInfo file handle = 0x00000134C14A7C70, eventID = 0004, event Info = 0x00000134C14B9740
[GetVolumeInformation]
Dokan Information: SendAndPullEventInformation() with NTSTATUS 0x0, context 0xc14a7c70, and result object 0x00000134C156A6B0 with size 74
###Cleanup file handle = 0x00000134C14A7C70, eventID = 0004, event Info = 0x00000134C14B9740
Dokan Information: SendAndPullEventInformation() with NTSTATUS 0x0, context 0xc14a7c70, and result object 0x00000134C156A6B0 with size 48
###Close file handle = 0x00000134C14A7C70, eventID = 0004, event Info = 0x00000134C14B9740
[Close] \
###Create file handle = 0x00000134C14A7C70, eventID = 0005, event Info = 0x00000134C14B9A50
[Z###Create file handle = 0x00000134C14A82F0, eventID = 0006, event Info = 0x00000134C14B9970
wCreateFile] \ disp=1 opts=0x21 attrs=0x0
[ZwCreateFile] \ disp=1 opts=0x21 attrs=0x0
Dokan Information: DokanEndDispatchCreate() status = 0, file handle = 0x00000134C14A7C70, eventID = 0005, result = 0x1
Dokan Information: DokanEndDispatchCreate() status = 0, file handle = 0x00000134C14A82F0, eventID = 0006, result = 0x1
Dokan Information: SendAndPullEventInformation() with NTSTATUS 0x0, context 0xc14a7c70, and result object 0x00000134C156A6B0 with size 48
Dokan Information: SendAndPullEventInformation() with NTSTATUS 0x0, context 0xc14a82f0, and result object 0x00000134C35000A0 with size 48
###QueryVolumeInfo file handle = 0x00000134C14A7C70, eventID = 0005, event Info = 0x00000134C14B9A50
[GetVolumeInformation]
###QueryVolumeInfo file handle = 0x00000134C14A82F0, eventID = 0006, event Info = 0x00000134C14B9970
[GetVolumeInformation]
Dokan Information: SendAndPullEventInformation() with NTSTATUS 0x0, context 0xc14a7c70, and result object 0x00000134C156A6B0 with size 74
Dokan Information: SendAndPullEventInformation() with NTSTATUS 0x0, context 0xc14a82f0, and result object 0x00000134C35000A0 with size 74
###QueryVolumeInfo file handle = 0x00000134C14A7C70, eventID = 0005, event Info = 0x00000134C14B9A50
[GetVolumeInformatio###QueryVolumeInfo file handle = 0x00000134C14A82F0, eventID = 0006, event Info = 0x00000134C14B9970
n]
[GetVolumeInfDokan Information: SendAndPullEventInformation() with NTSTATUS 0x0, context 0xc14a7c70, and result object 0x00000134C156A6B0 with size 68
ormation]
###Cleanup file handle = 0x00000134C14A7C70, eventID = 0005, event Info = 0x00000134C14B9A50
Dokan Information: SendAndPullEventInformation() with NTSTATUS 0x0, context 0xc14a82f0, and result object 0x00000134C35000A0 with size 68
Dokan Information: SendAndPullEventInformation() with NTSTATUS 0x0, context 0xc14a7c70, and result object 0x00000134C156A6B0 with size 48
###Cleanup file handle = 0x00000134C14A82F0, eventID = 0006, event Info = 0x00000134C14B9970
###Close file handle = 0x00000134C14A7C70, eventID = 0005, event Info = 0x00000134C14B9A50
[Close###Create file handle = 0x00000134C14A89F0, eventID = 0007, event Info = 0x00000134C14B9900
] \
Dokan Information: SendAndPullEventInformation() with NTSTATUS 0x0, context 0xc14a82f0, and result object 0x00000134C35000A0 with size 48
[ZwCreateFile] ###Close file handle = 0x00000134C14A82F0, eventID = 0006, event Info = 0x00000134C14B9970
\###Create file handle = 0x00000134C14A7C70, eventID = 0008, event Info = 0x00000134C14B9A50
 disp=1 opts=0x800021 attrs=0x0
[Close] \
Dokan Information: DokanEndDispatchCreate() status = 0, file handle = 0x00000134C14A89F0, eventID = 0007, result = 0x1
[ZwCreateFileDokan Information: SendAndPullEventInformation() with NTSTATUS 0x0, context 0xc14a89f0, and result object 0x00000134C156A6B0 with size 48
] \###QueryVolumeInfo file handle = 0x00000134C14A89F0, eventID = 0007, event Info = 0x00000134C14B9900
 disp=1 opts=0x200000 attrs=0x0
Dokan Information: SendAndPullEventInformation() with NTSTATUS 0x0, context 0xc14a89f0, and result object 0x00000134C156A6B0 with size 64
Dokan Information: DokanEndDispatchCreate() status = 0, file handle = 0x00000134C14A7C70, eventID = 0008, result = 0x1
###Cleanup file handle = 0x00000134C14A89F0, eventID = 0007, event Info = 0x00000134C14B9900
Dokan Information: SendAndPullEventInformation() with NTSTATUS 0x0, context 0xc14a7c70, and result object 0x00000134C35000A0 with size 48
Dokan Information: SendAndPullEventInformation() with NTSTATUS 0x0, context 0xc14a89f0, and result object 0x00000134C156A6B0 with size 48
###GetFileInfo file handle = 0x00000134C14A7C70, eventID = 0008, event Info = 0x00000134C14B9A50
	result =  0
	FileBasicInformation
	DispatchQueryInformation result =  0
Dokan Information: SendAndPullEventInformation() with NTSTATUS 0x0, context 0xc14a7c70, and result object 0x00000134C35000A0 with size 80
###Close file handle = 0x00000134C14A89F0, eventID = 0007, event Info = 0x00000134C14B9900
[Close] ###Create file handle = 0x00000134C14A82F0, eventID = 0009, event Info = 0x00000134C14B9970
\
###Cleanup file handle = 0x00000134C14A7C70, eventID = 0008, event Info = 0x00000134C14B9A50
[ZwCreateFiDokan Information: SendAndPullEventInformation() with NTSTATUS 0x0, context 0xc14a7c70, and result object 0x00000134C35000A0 with size 48
le] \ disp=1 opts=0x200020 attrs###Close file handle = 0x00000134C14A7C70, eventID = 0008, event Info = 0x00000134C14B9A50
=0x###Create file handle = 0x00000134C14A89F0, eventID = 0010, event Info = 0x00000134C14B9900
0
[Close] \
Dokan Information: DokanEndDispatchCreate() status = 0, file handle = 0x00000134C14A82F0, eventID = 0009, result = 0x1
Dokan Information: SendAndPullEventInformation() with NTSTATUS 0x0, context 0xc14a82f0, and result object 0x00000134C156A6B0 with size 48
[ZwCreateFile] \ disp=1 opts=0x21 attrs=0x###Cleanup file handle = 0x00000134C14A82F0, eventID = 0009, event Info = 0x00000134C14B9970
0
Dokan Information: SendAndPullEventInformation() with NTSTATUS 0x0, context 0xc14a82f0, and result object 0x00000134C156A6B0 with size 48
Dokan Information: DokanEndDispatchCreate() status = 0, file handle = 0x00000134C14A89F0, eventID = 0010, result = 0x1
###Close file handle = 0x00000134C14A82F0, eventID = 0009, event Info = 0x00000134C14B9970
[Close] Dokan Information: SendAndPullEventInformation() with NTSTATUS 0x0, context 0xc14a89f0, and result object 0x00000134C35000A0 with size 48
\
###Create file handle = 0x00000134C14A82F0, eventID = 0011, event Info = 0x00000134C14B9A50
[ZwCreateFile] \ disp=1 opts=0x200020 at###QueryVolumeInfo file handle = 0x00000134C14A89F0, eventID = 0010, event Info = 0x00000134C14B9900
trs=0x80
[GetVolumeInformatiDokan Information: DokanEndDispatchCreate() status = 0, file handle = 0x00000134C14A82F0, eventID = 0011, result = 0x1
oDokan Information: SendAndPullEventInformation() with NTSTATUS 0x0, context 0xc14a82f0, and result object 0x00000134C156A6B0 with size 48
n]
###QueryVolumeInfo file handle = 0x00000134C14A82F0, eventID = 0011, event Info = 0x00000134C14B9A50
[GetVolumeInformation]
Dokan Information: SendAndPullEventInformation() with NTSTATUS 0x0, context 0xc14a89f0, and result object 0x00000134C35000A0 with size 74
Dokan Information: SendAndPullEventInformation() with NTSTATUS 0x0, context 0xc14a82f0, and result object 0x00000134C156A6B0 with size 64
###QueryVolumeInfo file handle = 0x00000134C14A89F0, eventID = 0010, event Info = 0x00000134C14B9900
[GetVolumeInformation]
###GetFileInfo file handle = 0x00000134C14A82F0, eventID = 0011, event Info = 0x00000134C14B9A50
	result =  0
	FileAllInformation
	DispatchQueryInformation result =  0
Dokan Information: SendAndPullEventInformation() with NTSTATUS 0x0, context 0xc14a89f0, and result object 0x00000134C35000A0 with size 68
Dokan Information: SendAndPullEventInformation() with NTSTATUS 0x0, context 0xc14a82f0, and result object 0x00000134C156A6B0 with size 140
###Cleanup file handle = 0x00000134C14A89F0, eventID = 0010, event Info = 0x00000134C14B9900
Dokan Information: SendAndPullEventInformation() with NTSTATUS 0x0, context 0xc14a89f0, and result object 0x00000134C35000A0 with size 48
###Cleanup file handle = 0x00000134C14A82F0, eventID = 0011, event Info = 0x00000134C14B9A50
###Close file handle = 0x00000134C14A89F0, eventID = 0010, event Info = 0x00000134C14B9900
[Close] \
###Create file handle = 0x00000134C14A7C70, eventID = 0012, event Info = 0x00000134C14B9970
[ZwCreateFile] \ disp=1 opts=0x800021 attrs=0x0
Dokan Information: SendAndPullEventInformation() with NTSTATUS 0x0, context 0xc14a82f0, and result object 0x00000134C156A6B0 with size 48
Dokan Information: DokanEndDispatchCreate() status = 0, file handle = 0x00000134C14A7C70, eventID = 0012, result = 0x1
###Create file handle = 0x00000134C14A89F0, eventID = 0013, event Info = 0x00000134C14B9900
[ZwCreateFile] \ disp=1 opts=0x200020 attrs=0x80
###Close file handle = 0x00000134C14A82F0, eventID = 0011, event Info = 0x00000134C14B9A50
[Close] \
Dokan Information: SendAndPullEventInformation() with NTSTATUS 0x0, context 0xc14a7c70, and result object 0x00000134C35000A0 with size 48
Dokan Information: DokanEndDispatchCreate() status = 0, file handle = 0x00000134C14A89F0, eventID = 0013, result = 0x1
###QueryVolumeInfo file handle = 0x00000134C14A7C70, eventID = 0012, event Info = 0x00000134C14B9970
Dokan Information: SendAndPullEventInformation() with NTSTATUS 0x0, context 0xc14a89f0, and result object 0x00000134C156A6B0 with size 48
Dokan Information: SendAndPullEventInformation() with NTSTATUS 0x0, context 0xc14a7c70, and result object 0x00000134C35000A0 with size 64
###QueryVolumeInfo file handle = 0x00000134C14A89F0, eventID = 0013, event Info = 0x00000134C14B9900
[GetVolumeInformation]
###Cleanup file handle = 0x00000134C14A7C70, eventID = 0012, event Info = 0x00000134C14B9970
Dokan Information: SendAndPullEventInformation() with NTSTATUS 0x0, context 0xc14a89f0, and result object 0x00000134C156A6B0 with size 64
Dokan Information: SendAndPullEventInformation() with NTSTATUS 0x0, context 0xc14a7c70, and result object 0x00000134C35000A0 with size 48
###GetFileInfo file handle = 0x00000134C14A89F0, eventID = 0013, event Info = 0x00000134C14B9900
	result =  0
	FileAllInformation
	DispatchQueryInformation result =  0
###Create file handle = 0x00000134C14A82F0, eventID = 0014, event Info = 0x00000134C14B9A50
[ZwCreateFile] \ disp=1 opts=0x200000 attrs=0x0
###Close file handle = 0x00000134C14A7C70, eventID = 0012, event Info = 0x00000134C14B9970
[Close] \
Dokan Information: SendAndPullEventInformation() with NTSTATUS 0x0, context 0xc14a89f0, and result object 0x00000134C156A6B0 with size 140
Dokan Information: DokanEndDispatchCreate() status = 0, file handle = 0x00000134C14A82F0, eventID = 0014, result = 0x1
###Cleanup file handle = 0x00000134C14A89F0, eventID = 0013, event Info = 0x00000134C14B9900
Dokan Information: SendAndPullEventInformation() with NTSTATUS 0x0, context 0xc14a82f0, and result object 0x00000134C35000A0 with size 48
Dokan Information: SendAndPullEventInformation() with NTSTATUS 0x0, context 0xc14a89f0, and result object 0x00000134C156A6B0 with size 48
###GetFileInfo file handle = 0x00000134C14A82F0, eventID = 0014, event Info = 0x00000134C14B9A50
###Create file handle = 0x00000134C14A7C70, eventID = 0015, event Info = 0x00000134C14B9970
[ZwCreateFile] \ disp=1 opts=0x200020 attrs=0x80
	result =  0
	FileBasicInformation
	DispatchQueryInformation result =  0
###Close file handle = 0x00000134C14A89F0, eventID = 0013, event Info = 0x00000134C14B9900
Dokan Information: DokanEndDispatchCreate() status = 0, file handle = 0x00000134C14A7C70, eventID = 0015, result = 0x1
[CloseDokan Information: SendAndPullEventInformation() with NTSTATUS 0x0, context 0xc14a7c70, and result object 0x00000134C156A6B0 with size 48
] \
Dokan Information: SendAndPullEventInformation() with NTSTATUS 0x0, context 0xc14a82f0, and result object 0x00000134C35000A0 with size 80
###QueryVolumeInfo file handle = 0x00000134C14A7C70, eventID = 0015, event Info = 0x00000134C14B9970
[GetVolumeInformation]
###Cleanup file handle = 0x00000134C14A82F0, eventID = 0014, event Info = 0x00000134C14B9A50
Dokan Information: SendAndPullEventInformation() with NTSTATUS 0x0, context 0xc14a7c70, and result object 0x00000134C156A6B0 with size 64
Dokan Information: SendAndPullEventInformation() with NTSTATUS 0x0, context 0xc14a82f0, and result object 0x00000134C35000A0 with size 48
###GetFileInfo file handle = 0x00000134C14A7C70, eventID = 0015, event Info = 0x00000134C14B9970
	result =  0
	FileAllInformation
	DispatchQueryInformation result =  0
###Close file handle = 0x00000134C14A82F0, eventID = 0014, event Info = 0x00000134C14B9A50
[Close] \
Dokan Information: SendAndPullEventInformation() with NTSTATUS 0x0, context 0xc14a7c70, and result object 0x00000134C35000A0 with size 140
###Create file handle = 0x00000134C14A82F0, eventID = 0016, event Info = 0x00000134C14B9900
[ZwCr###Cleanup file handle = 0x00000134C14A7C70, eventID = 0015, event Info = 0x00000134C14B9970
eateFile] Dokan Information: SendAndPullEventInformation() with NTSTATUS 0x0, context 0xc14a7c70, and result object 0x00000134C35000A0 with size 48
\###Close file handle = 0x00000134C14A7C70, eventID = 0015, event Info = 0x00000134C14B9970
 disp=1 opts=0x200000 attrs=0x0
###Create file handle = 0x00000134C14A7C70, eventID = 0017, event Info = 0x00000134C14B9A50
[Close] Dokan Information: DokanEndDispatchCreate() status = 0, file handle = 0x00000134C14A82F0, eventID = 0016, result = 0x1
\
Dokan Information: SendAndPullEventInformation() with NTSTATUS 0x0, context 0xc14a82f0, and result object 0x00000134C156A6B0 with size 48
[ZwCreate###GetFileInfo file handle = 0x00000134C14A82F0, eventID = 0016, event Info = 0x00000134C14B9900
F	result =  0
ile] \ d	FileBasicInformation
isp=1 opts=0x200020 attrs=0x80
	DispatchQueryInformation result =  0
Dokan Information: DokanEndDispatchCreate() status = 0, file handle = 0x00000134C14A7C70, eventID = 0017, result = 0x1
Dokan Information: SendAndPullEventInformation() with NTSTATUS 0x0, context 0xc14a82f0, and result object 0x00000134C156A6B0 with size 80
Dokan Information: SendAndPullEventInformation() with NTSTATUS 0x0, context 0xc14a7c70, and result object 0x00000134C35000A0 with size 48
###Cleanup file handle = 0x00000134C14A82F0, eventID = 0016, event Info = 0x00000134C14B9900
###QueryVolumeInfo file handle = 0x00000134C14A7C70, eventID = 0017, event Info = 0x00000134C14B9A50
[GetVolumeIDokan Information: SendAndPullEventInformation() with NTSTATUS 0x0, context 0xc14a82f0, and result object 0x00000134C156A6B0 with size 48
nformation]
###Close file handle = 0x00000134C14A82F0, eventID = 0016, event Info = 0x00000134C14B9900
[Close] \
Dokan Information: SendAndPullEventInformation() with NTSTATUS 0x0, context 0xc14a7c70, and result object 0x00000134C35000A0 with size 64
###GetFileInfo file handle = 0x00000134C14A7C70, eventID = 0017, event Info = 0x00000134C14B9A50
	result =  0
	FileAllInformation
	DispatchQueryInformation result =  0
Dokan Information: SendAndPullEventInformation() with NTSTATUS 0x0, context 0xc14a7c70, and result object 0x00000134C35000A0 with size 140
###Cleanup file handle = 0x00000134C14A7C70, eventID = 0017, event Info = 0x00000134C14B9A50
Dokan Information: SendAndPullEventInformation() with NTSTATUS 0x0, context 0xc14a7c70, and result object 0x00000134C35000A0 with size 48
###Close file handle = 0x00000134C14A7C70, eventID = 0017, event Info = 0x00000134C14B9A50
[Close] \
###Create file handle = 0x00000134C14A82F0, eventID = 0018, event Info = 0x00000134C14B9900
[ZwCreateFile] \ disp=1 opts=0x200020 attrs=0x80
Dokan Information: DokanEndDispatchCreate() status = 0, file handle = 0x00000134C14A82F0, eventID = 0018, result = 0x1
Dokan Information: SendAndPullEventInformation() with NTSTATUS 0x0, context 0xc14a82f0, and result object 0x00000134C35000A0 with size 48
###QueryVolumeInfo file handle = 0x00000134C14A82F0, eventID = 0018, event Info = 0x00000134C14B9900
[GetVolumeInformation]
Dokan Information: SendAndPullEventInformation() with NTSTATUS 0x0, context 0xc14a82f0, and result object 0x00000134C35000A0 with size 64
###GetFileInfo file handle = 0x00000134C14A82F0, eventID = 0018, event Info = 0x00000134C14B9900
	result =  0
	FileAllInformation
	DispatchQueryInformation result =  0
Dokan Information: SendAndPullEventInformation() with NTSTATUS 0x0, context 0xc14a82f0, and result object 0x00000134C35000A0 with size 140
###Cleanup file handle = 0x00000134C14A82F0, eventID = 0018, event Info = 0x00000134C14B9900
Dokan Information: SendAndPullEventInformation() with NTSTATUS 0x0, context 0xc14a82f0, and result object 0x00000134C35000A0 with size 48
###Close file handle = 0x00000134C14A82F0, eventID = 0018, event Info = 0x00000134C14B9900
[Close] \
###Create file handle = 0x00000134C14A7C70, eventID = 0019, event Info = 0x00000134C14B9A50
[ZwCreateFile] \ disp=1 opts=0x200020 attrs=0x80
Dokan Information: DokanEndDispatchCreate() status = 0, file handle = 0x00000134C14A7C70, eventID = 0019, result = 0x1
Dokan Information: SendAndPullEventInformation() with NTSTATUS 0x0, context 0xc14a7c70, and result object 0x00000134C35000A0 with size 48
###QueryVolumeInfo file handle = 0x00000134C14A7C70, eventID = 0019, event Info = 0x00000134C14B9A50
[GetVolumeInformation]
Dokan Information: SendAndPullEventInformation() with NTSTATUS 0x0, context 0xc14a7c70, and result object 0x00000134C35000A0 with size 64
###GetFileInfo file handle = 0x00000134C14A7C70, eventID = 0019, event Info = 0x00000134C14B9A50
	result =  0
	FileAllInformation
	DispatchQueryInformation result =  0
Dokan Information: SendAndPullEventInformation() with NTSTATUS 0x0, context 0xc14a7c70, and result object 0x00000134C35000A0 with size 140
###Cleanup file handle = 0x00000134C14A7C70, eventID = 0019, event Info = 0x00000134C14B9A50
Dokan Information: SendAndPullEventInformation() with NTSTATUS 0x0, context 0xc14a7c70, and result object 0x00000134C35000A0 with size 48
###Close file handle = 0x00000134C14A7C70, eventID = 0019, event Info = 0x00000134C14B9A50
[Close] \
###Create file handle = 0x00000134C14A82F0, eventID = 0020, event Info = 0x00000134C14B9900
[ZwCreateFile] \ disp=1 opts=0x200020 attrs=0x80
Dokan Information: DokanEndDispatchCreate() status = 0, file handle = 0x00000134C14A82F0, eventID = 0020, result = 0x1
Dokan Information: SendAndPullEventInformation() with NTSTATUS 0x0, context 0xc14a82f0, and result object 0x00000134C35000A0 with size 48
###QueryVolumeInfo file handle = 0x00000134C14A82F0, eventID = 0020, event Info = 0x00000134C14B9900
[GetVolumeInformation]
Dokan Information: SendAndPullEventInformation() with NTSTATUS 0x0, context 0xc14a82f0, and result object 0x00000134C35000A0 with size 64
###GetFileInfo file handle = 0x00000134C14A82F0, eventID = 0020, event Info = 0x00000134C14B9900
	result =  0
	FileAllInformation
	DispatchQueryInformation result =  0
Dokan Information: SendAndPullEventInformation() with NTSTATUS 0x0, context 0xc14a82f0, and result object 0x00000134C35000A0 with size 140
###Cleanup file handle = 0x00000134C14A82F0, eventID = 0020, event Info = 0x00000134C14B9900
Dokan Information: SendAndPullEventInformation() with NTSTATUS 0x0, context 0xc14a82f0, and result object 0x00000134C35000A0 with size 48
###Close file handle = 0x00000134C14A82F0, eventID = 0020, event Info = 0x00000134C14B9900
[Close] \
###Create file handle = 0x00000134C14A7C70, eventID = 0021, event Info = 0x00000134C14B9A50
[ZwCreateFile] \ disp=1 opts=0x200020 attrs=0x80
Dokan Information: DokanEndDispatchCreate() status = 0, file handle = 0x00000134C14A7C70, eventID = 0021, result = 0x1
Dokan Information: SendAndPullEventInformation() with NTSTATUS 0x0, context 0xc14a7c70, and result object 0x00000134C35000A0 with size 48
###QueryVolumeInfo file handle = 0x00000134C14A7C70, eventID = 0021, event Info = 0x00000134C14B9A50
[GetVolumeInformation]
Dokan Information: SendAndPullEventInformation() with NTSTATUS 0x0, context 0xc14a7c70, and result object 0x00000134C35000A0 with size 64
###GetFileInfo file handle = 0x00000134C14A7C70, eventID = 0021, event Info = 0x00000134C14B9A50
	result =  0
	FileAllInformation
	DispatchQueryInformation result =  0
Dokan Information: SendAndPullEventInformation() with NTSTATUS 0x0, context 0xc14a7c70, and result object 0x00000134C35000A0 with size 140
###Cleanup file handle = 0x00000134C14A7C70, eventID = 0021, event Info = 0x00000134C14B9A50
Dokan Information: SendAndPullEventInformation() with NTSTATUS 0x0, context 0xc14a7c70, and result object 0x00000134C35000A0 with size 48
###Close file handle = 0x00000134C14A7C70, eventID = 0021, event Info = 0x00000134C14B9A50
[Close] \
###Create file handle = 0x00000134C14A82F0, eventID = 0022, event Info = 0x00000134C14B9900
[ZwCreateFile] \ disp=1 opts=0x200020 attrs=0x80
Dokan Information: DokanEndDispatchCreate() status = 0, file handle = 0x00000134C14A82F0, eventID = 0022, result = 0x1
Dokan Information: SendAndPullEventInformation() with NTSTATUS 0x0, context 0xc14a82f0, and result object 0x00000134C35000A0 with size 48
###QueryVolumeInfo file handle = 0x00000134C14A82F0, eventID = 0022, event Info = 0x00000134C14B9900
[GetVolumeInformation]
Dokan Information: SendAndPullEventInformation() with NTSTATUS 0x0, context 0xc14a82f0, and result object 0x00000134C35000A0 with size 64
###GetFileInfo file handle = 0x00000134C14A82F0, eventID = 0022, event Info = 0x00000134C14B9900
	result =  0
	FileAllInformation
	DispatchQueryInformation result =  0
Dokan Information: SendAndPullEventInformation() with NTSTATUS 0x0, context 0xc14a82f0, and result object 0x00000134C35000A0 with size 140
###Cleanup file handle = 0x00000134C14A82F0, eventID = 0022, event Info = 0x00000134C14B9900
Dokan Information: SendAndPullEventInformation() with NTSTATUS 0x0, context 0xc14a82f0, and result object 0x00000134C35000A0 with size 48
###Close file handle = 0x00000134C14A82F0, eventID = 0022, event Info = 0x00000134C14B9900
[Close] \
###Create file handle = 0x00000134C14A7C70, eventID = 0023, event Info = 0x00000134C14B9A50
[ZwCreateFile] \ disp=1 opts=0x200020 attrs=0x80
Dokan Information: DokanEndDispatchCreate() status = 0, file handle = 0x00000134C14A7C70, eventID = 0023, result = 0x1
Dokan Information: SendAndPullEventInformation() with NTSTATUS 0x0, context 0xc14a7c70, and result object 0x00000134C35000A0 with size 48
###QueryVolumeInfo file handle = 0x00000134C14A7C70, eventID = 0023, event Info = 0x00000134C14B9A50
[GetVolumeInformation]
Dokan Information: SendAndPullEventInformation() with NTSTATUS 0x0, context 0xc14a7c70, and result object 0x00000134C35000A0 with size 64
###GetFileInfo file handle = 0x00000134C14A7C70, eventID = 0023, event Info = 0x00000134C14B9A50
	result =  0
	FileAllInformation
	DispatchQueryInformation result =  0
Dokan Information: SendAndPullEventInformation() with NTSTATUS 0x0, context 0xc14a7c70, and result object 0x00000134C35000A0 with size 140
###Cleanup file handle = 0x00000134C14A7C70, eventID = 0023, event Info = 0x00000134C14B9A50
Dokan Information: SendAndPullEventInformation() with NTSTATUS 0x0, context 0xc14a7c70, and result object 0x00000134C35000A0 with size 48
###Close file handle = 0x00000134C14A7C70, eventID = 0023, event Info = 0x00000134C14B9A50
###Create file handle = 0x00000134C14A82F0, eventID = 0024, event Info = 0x00000134C14B9900
[Close] \
[ZwCreateFile] \ disp=1 opts=0x200020 attrs=0x80
Dokan Information: DokanEndDispatchCreate() status = 0, file handle = 0x00000134C14A82F0, eventID = 0024, result = 0x1
Dokan Information: SendAndPullEventInformation() with NTSTATUS 0x0, context 0xc14a82f0, and result object 0x00000134C35000A0 with size 48
###QueryVolumeInfo file handle = 0x00000134C14A82F0, eventID = 0024, event Info = 0x00000134C14B9900
[GetVolumeInformation]
Dokan Information: SendAndPullEventInformation() with NTSTATUS 0x0, context 0xc14a82f0, and result object 0x00000134C35000A0 with size 64
###GetFileInfo file handle = 0x00000134C14A82F0, eventID = 0024, event Info = 0x00000134C14B9900
	result =  0
	FileAllInformation
	DispatchQueryInformation result =  0
Dokan Information: SendAndPullEventInformation() with NTSTATUS 0x0, context 0xc14a82f0, and result object 0x00000134C35000A0 with size 140
###Cleanup file handle = 0x00000134C14A82F0, eventID = 0024, event Info = 0x00000134C14B9900
Dokan Information: SendAndPullEventInformation() with NTSTATUS 0x0, context 0xc14a82f0, and result object 0x00000134C35000A0 with size 48
###Close file handle = 0x00000134C14A82F0, eventID = 0024, event Info = 0x00000134C14B9900
[Close] \
###Create file handle = 0x00000134C14A7C70, eventID = 0025, event Info = 0x00000134C14B9A50
[ZwCreateFile] \ disp=1 opts=0x200020 attrs=0x80
Dokan Information: DokanEndDispatchCreate() status = 0, file handle = 0x00000134C14A7C70, eventID = 0025, result = 0x1
Dokan Information: SendAndPullEventInformation() with NTSTATUS 0x0, context 0xc14a7c70, and result object 0x00000134C35000A0 with size 48
###QueryVolumeInfo file handle = 0x00000134C14A7C70, eventID = 0025, event Info = 0x00000134C14B9A50
[GetVolumeInformation]
Dokan Information: SendAndPullEventInformation() with NTSTATUS 0x0, context 0xc14a7c70, and result object 0x00000134C35000A0 with size 64
###GetFileInfo file handle = 0x00000134C14A7C70, eventID = 0025, event Info = 0x00000134C14B9A50
	result =  0
	FileAllInformation
	DispatchQueryInformation result =  0
Dokan Information: SendAndPullEventInformation() with NTSTATUS 0x0, context 0xc14a7c70, and result object 0x00000134C35000A0 with size 140
###Cleanup file handle = 0x00000134C14A7C70, eventID = 0025, event Info = 0x00000134C14B9A50
Dokan Information: SendAndPullEventInformation() with NTSTATUS 0x0, context 0xc14a7c70, and result object 0x00000134C35000A0 with size 48
###Close file handle = 0x00000134C14A7C70, eventID = 0025, event Info = 0x00000134C14B9A50
[Close] \
###Create file handle = 0x00000134C14A82F0, eventID = 0026, event Info = 0x00000134C14B9900
[ZwCreateFile] \ disp=1 opts=0x200020 attrs=0x80
Dokan Information: DokanEndDispatchCreate() status = 0, file handle = 0x00000134C14A82F0, eventID = 0026, result = 0x1
Dokan Information: SendAndPullEventInformation() with NTSTATUS 0x0, context 0xc14a82f0, and result object 0x00000134C35000A0 with size 48
###QueryVolumeInfo file handle = 0x00000134C14A82F0, eventID = 0026, event Info = 0x00000134C14B9900
[GetVolumeInformation]
Dokan Information: SendAndPullEventInformation() with NTSTATUS 0x0, context 0xc14a82f0, and result object 0x00000134C35000A0 with size 64
###GetFileInfo file handle = 0x00000134C14A82F0, eventID = 0026, event Info = 0x00000134C14B9900
	result =  0
	FileAllInformation
	DispatchQueryInformation result =  0
Dokan Information: SendAndPullEventInformation() with NTSTATUS 0x0, context 0xc14a82f0, and result object 0x00000134C35000A0 with size 140
###Cleanup file handle = 0x00000134C14A82F0, eventID = 0026, event Info = 0x00000134C14B9900
Dokan Information: SendAndPullEventInformation() with NTSTATUS 0x0, context 0xc14a82f0, and result object 0x00000134C35000A0 with size 48
###Close file handle = 0x00000134C14A82F0, eventID = 0026, event Info = 0x00000134C14B9900
[Close] \
###Create file handle = 0x00000134C14A7C70, eventID = 0027, event Info = 0x00000134C14B9A50
[ZwCreateFile] \ disp=1 opts=0x200020 attrs=0x80
Dokan Information: DokanEndDispatchCreate() status = 0, file handle = 0x00000134C14A7C70, eventID = 0027, result = 0x1
Dokan Information: SendAndPullEventInformation() with NTSTATUS 0x0, context 0xc14a7c70, and result object 0x00000134C35000A0 with size 48
###QueryVolumeInfo file handle = 0x00000134C14A7C70, eventID = 0027, event Info = 0x00000134C14B9A50
[GetVolumeInformation]
Dokan Information: SendAndPullEventInformation() with NTSTATUS 0x0, context 0xc14a7c70, and result object 0x00000134C35000A0 with size 64
###GetFileInfo file handle = 0x00000134C14A7C70, eventID = 0027, event Info = 0x00000134C14B9A50
	result =  0
	FileAllInformation
	DispatchQueryInformation result =  0
Dokan Information: SendAndPullEventInformation() with NTSTATUS 0x0, context 0xc14a7c70, and result object 0x00000134C35000A0 with size 140
###Cleanup file handle = 0x00000134C14A7C70, eventID = 0027, event Info = 0x00000134C14B9A50
Dokan Information: SendAndPullEventInformation() with NTSTATUS 0x0, context 0xc14a7c70, and result object 0x00000134C35000A0 with size 48
###Close file handle = 0x00000134C14A7C70, eventID = 0027, event Info = 0x00000134C14B9A50
[Close] \
###Create file handle = 0x00000134C14A82F0, eventID = 0028, event Info = 0x00000134C14B9900
[ZwCreateFile] \ disp=1 opts=0x200020 attrs=0x80
Dokan Information: DokanEndDispatchCreate() status = 0, file handle = 0x00000134C14A82F0, eventID = 0028, result = 0x1
Dokan Information: SendAndPullEventInformation() with NTSTATUS 0x0, context 0xc14a82f0, and result object 0x00000134C35000A0 with size 48
###QueryVolumeInfo file handle = 0x00000134C14A82F0, eventID = 0028, event Info = 0x00000134C14B9900
[GetVolumeInformation]
Dokan Information: SendAndPullEventInformation() with NTSTATUS 0x0, context 0xc14a82f0, and result object 0x00000134C35000A0 with size 64
###GetFileInfo file handle = 0x00000134C14A82F0, eventID = 0028, event Info = 0x00000134C14B9900
	result =  0
	FileAllInformation
	DispatchQueryInformation result =  0
Dokan Information: SendAndPullEventInformation() with NTSTATUS 0x0, context 0xc14a82f0, and result object 0x00000134C35000A0 with size 140
###Cleanup file handle = 0x00000134C14A82F0, eventID = 0028, event Info = 0x00000134C14B9900
Dokan Information: SendAndPullEventInformation() with NTSTATUS 0x0, context 0xc14a82f0, and result object 0x00000134C35000A0 with size 48
###Close file handle = 0x00000134C14A82F0, eventID = 0028, event Info = 0x00000134C14B9900
[Close] \
###Create file handle = 0x00000134C14A7C70, eventID = 0029, event Info = 0x00000134C14B9A50
[ZwCreateFile] \ disp=1 opts=0x200020 attrs=0x80
Dokan Information: DokanEndDispatchCreate() status = 0, file handle = 0x00000134C14A7C70, eventID = 0029, result = 0x1
Dokan Information: SendAndPullEventInformation() with NTSTATUS 0x0, context 0xc14a7c70, and result object 0x00000134C35000A0 with size 48
###QueryVolumeInfo file handle = 0x00000134C14A7C70, eventID = 0029, event Info = 0x00000134C14B9A50
[GetVolumeInformation]
Dokan Information: SendAndPullEventInformation() with NTSTATUS 0x0, context 0xc14a7c70, and result object 0x00000134C35000A0 with size 64
###GetFileInfo file handle = 0x00000134C14A7C70, eventID = 0029, event Info = 0x00000134C14B9A50
	result =  0
	FileAllInformation
	DispatchQueryInformation result =  0
Dokan Information: SendAndPullEventInformation() with NTSTATUS 0x0, context 0xc14a7c70, and result object 0x00000134C35000A0 with size 140
###Cleanup file handle = 0x00000134C14A7C70, eventID = 0029, event Info = 0x00000134C14B9A50
Dokan Information: SendAndPullEventInformation() with NTSTATUS 0x0, context 0xc14a7c70, and result object 0x00000134C35000A0 with size 48
###Close file handle = 0x00000134C14A7C70, eventID = 0029, event Info = 0x00000134C14B9A50
[Close] \
###Create file handle = 0x00000134C14A82F0, eventID = 0030, event Info = 0x00000134C14B9900
[ZwCreateFile] \ disp=1 opts=0x200020 attrs=0x80
Dokan Information: DokanEndDispatchCreate() status = 0, file handle = 0x00000134C14A82F0, eventID = 0030, result = 0x1
Dokan Information: SendAndPullEventInformation() with NTSTATUS 0x0, context 0xc14a82f0, and result object 0x00000134C35000A0 with size 48
###QueryVolumeInfo file handle = 0x00000134C14A82F0, eventID = 0030, event Info = 0x00000134C14B9900
[GetVolumeInformation]
Dokan Information: SendAndPullEventInformation() with NTSTATUS 0x0, context 0xc14a82f0, and result object 0x00000134C35000A0 with size 64
###GetFileInfo file handle = 0x00000134C14A82F0, eventID = 0030, event Info = 0x00000134C14B9900
	result =  0
	FileAllInformation
	DispatchQueryInformation result =  0
Dokan Information: SendAndPullEventInformation() with NTSTATUS 0x0, context 0xc14a82f0, and result object 0x00000134C35000A0 with size 140
###Cleanup file handle = 0x00000134C14A82F0, eventID = 0030, event Info = 0x00000134C14B9900
Dokan Information: SendAndPullEventInformation() with NTSTATUS 0x0, context 0xc14a82f0, and result object 0x00000134C35000A0 with size 48
###Close file handle = 0x00000134C14A82F0, eventID = 0030, event Info = 0x00000134C14B9900
[Close] \
###Create file handle = 0x00000134C14A7C70, eventID = 0031, event Info = 0x00000134C14B9A50
[ZwCreateFile] \ disp=1 opts=0x200020 attrs=0x80
Dokan Information: DokanEndDispatchCreate() status = 0, file handle = 0x00000134C14A7C70, eventID = 0031, result = 0x1
Dokan Information: SendAndPullEventInformation() with NTSTATUS 0x0, context 0xc14a7c70, and result object 0x00000134C35000A0 with size 48
###QueryVolumeInfo file handle = 0x00000134C14A7C70, eventID = 0031, event Info = 0x00000134C14B9A50
[GetVolumeInformation]
Dokan Information: SendAndPullEventInformation() with NTSTATUS 0x0, context 0xc14a7c70, and result object 0x00000134C35000A0 with size 64
###GetFileInfo file handle = 0x00000134C14A7C70, eventID = 0031, event Info = 0x00000134C14B9A50
	result =  0
	FileAllInformation
	DispatchQueryInformation result =  0
Dokan Information: SendAndPullEventInformation() with NTSTATUS 0x0, context 0xc14a7c70, and result object 0x00000134C35000A0 with size 140
###Cleanup file handle = 0x00000134C14A7C70, eventID = 0031, event Info = 0x00000134C14B9A50
Dokan Information: SendAndPullEventInformation() with NTSTATUS 0x0, context 0xc14a7c70, and result object 0x00000134C35000A0 with size 48
###Close file handle = 0x00000134C14A7C70, eventID = 0031, event Info = 0x00000134C14B9A50
[Close] \
###Create file handle = 0x00000134C14A7C70, eventID = 0032, event Info = 0x00000134C14B9900
[ZwCreateFile] \ disp=1 opts=0x200020 attrs=0x80
Dokan Information: DokanEndDispatchCreate() status = 0, file handle = 0x00000134C14A7C70, eventID = 0032, result = 0x1
Dokan Information: SendAndPullEventInformation() with NTSTATUS 0x0, context 0xc14a7c70, and result object 0x00000134C35000A0 with size 48
###QueryVolumeInfo file handle = 0x00000134C14A7C70, eventID = 0032, event Info = 0x00000134C14B9900
[GetVolumeInformation]
Dokan Information: SendAndPullEventInformation() with NTSTATUS 0x0, context 0xc14a7c70, and result object 0x00000134C35000A0 with size 64
###GetFileInfo file handle = 0x00000134C14A7C70, eventID = 0032, event Info = 0x00000134C14B9900
	result =  0
	FileAllInformation
	DispatchQueryInformation result =  0
Dokan Information: SendAndPullEventInformation() with NTSTATUS 0x0, context 0xc14a7c70, and result object 0x00000134C35000A0 with size 140
###Cleanup file handle = 0x00000134C14A7C70, eventID = 0032, event Info = 0x00000134C14B9900
Dokan Information: SendAndPullEventInformation() with NTSTATUS 0x0, context 0xc14a7c70, and result object 0x00000134C35000A0 with size 48
###Close file handle = 0x00000134C14A7C70, eventID = 0032, event Info = 0x00000134C14B9900
###Create file handle = 0x00000134C14A82F0, eventID = 0033, event Info = 0x00000134C14B9A50
[Close] \
[ZwCreateFile] \ disp=1 opts=0x200020 attrs=0x80
Dokan Information: DokanEndDispatchCreate() status = 0, file handle = 0x00000134C14A82F0, eventID = 0033, result = 0x1
Dokan Information: SendAndPullEventInformation() with NTSTATUS 0x0, context 0xc14a82f0, and result object 0x00000134C35000A0 with size 48
###QueryVolumeInfo file handle = 0x00000134C14A82F0, eventID = 0033, event Info = 0x00000134C14B9A50
[GetVolumeInformation]
Dokan Information: SendAndPullEventInformation() with NTSTATUS 0x0, context 0xc14a82f0, and result object 0x00000134C35000A0 with size 64
###GetFileInfo file handle = 0x00000134C14A82F0, eventID = 0033, event Info = 0x00000134C14B9A50
	result =  0
	FileAllInformation
	DispatchQueryInformation result =  0
Dokan Information: SendAndPullEventInformation() with NTSTATUS 0x0, context 0xc14a82f0, and result object 0x00000134C35000A0 with size 140
###Cleanup file handle = 0x00000134C14A82F0, eventID = 0033, event Info = 0x00000134C14B9A50
Dokan Information: SendAndPullEventInformation() with NTSTATUS 0x0, context 0xc14a82f0, and result object 0x00000134C35000A0 with size 48
###Close file handle = 0x00000134C14A82F0, eventID = 0033, event Info = 0x00000134C14B9A50
[Close] \
###Create file handle = 0x00000134C14A7C70, eventID = 0034, event Info = 0x00000134C14B9900
[ZwCreateFile] \ disp=1 opts=0x200020 attrs=0x80
Dokan Information: DokanEndDispatchCreate() status = 0, file handle = 0x00000134C14A7C70, eventID = 0034, result = 0x1
Dokan Information: SendAndPullEventInformation() with NTSTATUS 0x0, context 0xc14a7c70, and result object 0x00000134C35000A0 with size 48
###QueryVolumeInfo file handle = 0x00000134C14A7C70, eventID = 0034, event Info = 0x00000134C14B9900
[GetVolumeInformation]
Dokan Information: SendAndPullEventInformation() with NTSTATUS 0x0, context 0xc14a7c70, and result object 0x00000134C35000A0 with size 64
###GetFileInfo file handle = 0x00000134C14A7C70, eventID = 0034, event Info = 0x00000134C14B9900
	result =  0
	FileAllInformation
	DispatchQueryInformation result =  0
Dokan Information: SendAndPullEventInformation() with NTSTATUS 0x0, context 0xc14a7c70, and result object 0x00000134C35000A0 with size 140
###Cleanup file handle = 0x00000134C14A7C70, eventID = 0034, event Info = 0x00000134C14B9900
Dokan Information: SendAndPullEventInformation() with NTSTATUS 0x0, context 0xc14a7c70, and result object 0x00000134C35000A0 with size 48
###Close file handle = 0x00000134C14A7C70, eventID = 0034, event Info = 0x00000134C14B9900
###Create file handle = 0x00000134C14A82F0, eventID = 0035, event Info = 0x00000134C14B9A50
[Close] \
[ZwCreateFile] \ disp=1 opts=0x200020 attrs=0x80
Dokan Information: DokanEndDispatchCreate() status = 0, file handle = 0x00000134C14A82F0, eventID = 0035, result = 0x1
Dokan Information: SendAndPullEventInformation() with NTSTATUS 0x0, context 0xc14a82f0, and result object 0x00000134C35000A0 with size 48
###QueryVolumeInfo file handle = 0x00000134C14A82F0, eventID = 0035, event Info = 0x00000134C14B9A50
[GetVolumeInformation]
Dokan Information: SendAndPullEventInformation() with NTSTATUS 0x0, context 0xc14a82f0, and result object 0x00000134C35000A0 with size 64
###GetFileInfo file handle = 0x00000134C14A82F0, eventID = 0035, event Info = 0x00000134C14B9A50
	result =  0
	FileAllInformation
	DispatchQueryInformation result =  0
Dokan Information: SendAndPullEventInformation() with NTSTATUS 0x0, context 0xc14a82f0, and result object 0x00000134C35000A0 with size 140
###Cleanup file handle = 0x00000134C14A82F0, eventID = 0035, event Info = 0x00000134C14B9A50
Dokan Information: SendAndPullEventInformation() with NTSTATUS 0x0, context 0xc14a82f0, and result object 0x00000134C35000A0 with size 48
###Close file handle = 0x00000134C14A82F0, eventID = 0035, event Info = 0x00000134C14B9A50
[Close] \
###Create file handle = 0x00000134C14A7C70, eventID = 0036, event Info = 0x00000134C14B9900
[ZwCreateFile] \ disp=1 opts=0x200020 attrs=0x80
Dokan Information: DokanEndDispatchCreate() status = 0, file handle = 0x00000134C14A7C70, eventID = 0036, result = 0x1
Dokan Information: SendAndPullEventInformation() with NTSTATUS 0x0, context 0xc14a7c70, and result object 0x00000134C35000A0 with size 48
###QueryVolumeInfo file handle = 0x00000134C14A7C70, eventID = 0036, event Info = 0x00000134C14B9900
[GetVolumeInformation]
Dokan Information: SendAndPullEventInformation() with NTSTATUS 0x0, context 0xc14a7c70, and result object 0x00000134C35000A0 with size 64
###GetFileInfo file handle = 0x00000134C14A7C70, eventID = 0036, event Info = 0x00000134C14B9900
	result =  0
	FileAllInformation
	DispatchQueryInformation result =  0
Dokan Information: SendAndPullEventInformation() with NTSTATUS 0x0, context 0xc14a7c70, and result object 0x00000134C35000A0 with size 140
###Cleanup file handle = 0x00000134C14A7C70, eventID = 0036, event Info = 0x00000134C14B9900
Dokan Information: SendAndPullEventInformation() with NTSTATUS 0x0, context 0xc14a7c70, and result object 0x00000134C35000A0 with size 48
###Close file handle = 0x00000134C14A7C70, eventID = 0036, event Info = 0x00000134C14B9900
[Close] ###Create file handle = 0x00000134C14A82F0, eventID = 0037, event Info = 0x00000134C14B9A50
\
[ZwCreateFile] \ disp=1 opts=0x200020 attrs=0x80
Dokan Information: DokanEndDispatchCreate() status = 0, file handle = 0x00000134C14A82F0, eventID = 0037, result = 0x1
Dokan Information: SendAndPullEventInformation() with NTSTATUS 0x0, context 0xc14a82f0, and result object 0x00000134C35000A0 with size 48
###QueryVolumeInfo file handle = 0x00000134C14A82F0, eventID = 0037, event Info = 0x00000134C14B9A50
[GetVolumeInformation]
Dokan Information: SendAndPullEventInformation() with NTSTATUS 0x0, context 0xc14a82f0, and result object 0x00000134C35000A0 with size 64
###GetFileInfo file handle = 0x00000134C14A82F0, eventID = 0037, event Info = 0x00000134C14B9A50
	result =  0
	FileAllInformation
	DispatchQueryInformation result =  0
Dokan Information: SendAndPullEventInformation() with NTSTATUS 0x0, context 0xc14a82f0, and result object 0x00000134C35000A0 with size 140
###Cleanup file handle = 0x00000134C14A82F0, eventID = 0037, event Info = 0x00000134C14B9A50
Dokan Information: SendAndPullEventInformation() with NTSTATUS 0x0, context 0xc14a82f0, and result object 0x00000134C35000A0 with size 48
###Close file handle = 0x00000134C14A82F0, eventID = 0037, event Info = 0x00000134C14B9A50
[Close] \
###Create file handle = 0x00000134C14A7C70, eventID = 0038, event Info = 0x00000134C14B9900
[ZwCreateFile] \ disp=1 opts=0x200020 attrs=0x80
Dokan Information: DokanEndDispatchCreate() status = 0, file handle = 0x00000134C14A7C70, eventID = 0038, result = 0x1
Dokan Information: SendAndPullEventInformation() with NTSTATUS 0x0, context 0xc14a7c70, and result object 0x00000134C35000A0 with size 48
###QueryVolumeInfo file handle = 0x00000134C14A7C70, eventID = 0038, event Info = 0x00000134C14B9900
[GetVolumeInformation]
Dokan Information: SendAndPullEventInformation() with NTSTATUS 0x0, context 0xc14a7c70, and result object 0x00000134C35000A0 with size 64
###GetFileInfo file handle = 0x00000134C14A7C70, eventID = 0038, event Info = 0x00000134C14B9900
	result =  0
	FileAllInformation
	DispatchQueryInformation result =  0
Dokan Information: SendAndPullEventInformation() with NTSTATUS 0x0, context 0xc14a7c70, and result object 0x00000134C35000A0 with size 140
###Cleanup file handle = 0x00000134C14A7C70, eventID = 0038, event Info = 0x00000134C14B9900
Dokan Information: SendAndPullEventInformation() with NTSTATUS 0x0, context 0xc14a7c70, and result object 0x00000134C35000A0 with size 48
###Close file handle = 0x00000134C14A7C70, eventID = 0038, event Info = 0x00000134C14B9900
[Close] \
###Create file handle = 0x00000134C14A82F0, eventID = 0039, event Info = 0x00000134C14B9A50
[ZwCreateFile] \ disp=1 opts=0x200020 attrs=0x80
Dokan Information: DokanEndDispatchCreate() status = 0, file handle = 0x00000134C14A82F0, eventID = 0039, result = 0x1
Dokan Information: SendAndPullEventInformation() with NTSTATUS 0x0, context 0xc14a82f0, and result object 0x00000134C35000A0 with size 48
###QueryVolumeInfo file handle = 0x00000134C14A82F0, eventID = 0039, event Info = 0x00000134C14B9A50
[GetVolumeInformation]
Dokan Information: SendAndPullEventInformation() with NTSTATUS 0x0, context 0xc14a82f0, and result object 0x00000134C35000A0 with size 64
###GetFileInfo file handle = 0x00000134C14A82F0, eventID = 0039, event Info = 0x00000134C14B9A50
	result =  0
	FileAllInformation
	DispatchQueryInformation result =  0
Dokan Information: SendAndPullEventInformation() with NTSTATUS 0x0, context 0xc14a82f0, and result object 0x00000134C35000A0 with size 140
###Cleanup file handle = 0x00000134C14A82F0, eventID = 0039, event Info = 0x00000134C14B9A50
Dokan Information: SendAndPullEventInformation() with NTSTATUS 0x0, context 0xc14a82f0, and result object 0x00000134C35000A0 with size 48
###Close file handle = 0x00000134C14A82F0, eventID = 0039, event Info = 0x00000134C14B9A50
[Close] \
###Create file handle = 0x00000134C14A7C70, eventID = 0040, event Info = 0x00000134C14B9900
[ZwCreateFile] \ disp=1 opts=0x200020 attrs=0x80
Dokan Information: DokanEndDispatchCreate() status = 0, file handle = 0x00000134C14A7C70, eventID = 0040, result = 0x1
Dokan Information: SendAndPullEventInformation() with NTSTATUS 0x0, context 0xc14a7c70, and result object 0x00000134C35000A0 with size 48
###QueryVolumeInfo file handle = 0x00000134C14A7C70, eventID = 0040, event Info = 0x00000134C14B9900
[GetVolumeInformation]
Dokan Information: SendAndPullEventInformation() with NTSTATUS 0x0, context 0xc14a7c70, and result object 0x00000134C35000A0 with size 64
###GetFileInfo file handle = 0x00000134C14A7C70, eventID = 0040, event Info = 0x00000134C14B9900
	result =  0
	FileAllInformation
	DispatchQueryInformation result =  0
Dokan Information: SendAndPullEventInformation() with NTSTATUS 0x0, context 0xc14a7c70, and result object 0x00000134C35000A0 with size 140
###Cleanup file handle = 0x00000134C14A7C70, eventID = 0040, event Info = 0x00000134C14B9900
Dokan Information: SendAndPullEventInformation() with NTSTATUS 0x0, context 0xc14a7c70, and result object 0x00000134C35000A0 with size 48
###Close file handle = 0x00000134C14A7C70, eventID = 0040, event Info = 0x00000134C14B9900
[Clo###Create file handle = 0x00000134C14A82F0, eventID = 0041, event Info = 0x00000134C14B9A50
se] \
[ZwCreateFile] \ disp=1 opts=0x200020 attrs=0x80
Dokan Information: DokanEndDispatchCreate() status = 0, file handle = 0x00000134C14A82F0, eventID = 0041, result = 0x1
Dokan Information: SendAndPullEventInformation() with NTSTATUS 0x0, context 0xc14a82f0, and result object 0x00000134C35000A0 with size 48
###QueryVolumeInfo file handle = 0x00000134C14A82F0, eventID = 0041, event Info = 0x00000134C14B9A50
[GetVolumeInformation]
Dokan Information: SendAndPullEventInformation() with NTSTATUS 0x0, context 0xc14a82f0, and result object 0x00000134C35000A0 with size 64
###GetFileInfo file handle = 0x00000134C14A82F0, eventID = 0041, event Info = 0x00000134C14B9A50
	result =  0
	FileAllInformation
	DispatchQueryInformation result =  0
Dokan Information: SendAndPullEventInformation() with NTSTATUS 0x0, context 0xc14a82f0, and result object 0x00000134C35000A0 with size 140
###Cleanup file handle = 0x00000134C14A82F0, eventID = 0041, event Info = 0x00000134C14B9A50
Dokan Information: SendAndPullEventInformation() with NTSTATUS 0x0, context 0xc14a82f0, and result object 0x00000134C35000A0 with size 48
###Close file handle = 0x00000134C14A82F0, eventID = 0041, event Info = 0x00000134C14B9A50
[Close] \
###Create file handle = 0x00000134C14A7C70, eventID = 0042, event Info = 0x00000134C14B9900
[ZwCreateFile] \ disp=1 opts=0x200020 attrs=0x80
Dokan Information: DokanEndDispatchCreate() status = 0, file handle = 0x00000134C14A7C70, eventID = 0042, result = 0x1
Dokan Information: SendAndPullEventInformation() with NTSTATUS 0x0, context 0xc14a7c70, and result object 0x00000134C35000A0 with size 48
###QueryVolumeInfo file handle = 0x00000134C14A7C70, eventID = 0042, event Info = 0x00000134C14B9900
[GetVolumeInformation]
Dokan Information: SendAndPullEventInformation() with NTSTATUS 0x0, context 0xc14a7c70, and result object 0x00000134C35000A0 with size 64
###GetFileInfo file handle = 0x00000134C14A7C70, eventID = 0042, event Info = 0x00000134C14B9900
	result =  0
	FileAllInformation
	DispatchQueryInformation result =  0
Dokan Information: SendAndPullEventInformation() with NTSTATUS 0x0, context 0xc14a7c70, and result object 0x00000134C35000A0 with size 140
###Cleanup file handle = 0x00000134C14A7C70, eventID = 0042, event Info = 0x00000134C14B9900
Dokan Information: SendAndPullEventInformation() with NTSTATUS 0x0, context 0xc14a7c70, and result object 0x00000134C35000A0 with size 48
###Close file handle = 0x00000134C14A7C70, eventID = 0042, event Info = 0x00000134C14B9900
[Close] ###Create file handle = 0x00000134C14A82F0, eventID = 0043, event Info = 0x00000134C14B9A50
\
[ZwCreateFile] \ disp=1 opts=0x200020 attrs=0x80
Dokan Information: DokanEndDispatchCreate() status = 0, file handle = 0x00000134C14A82F0, eventID = 0043, result = 0x1
Dokan Information: SendAndPullEventInformation() with NTSTATUS 0x0, context 0xc14a82f0, and result object 0x00000134C35000A0 with size 48
###QueryVolumeInfo file handle = 0x00000134C14A82F0, eventID = 0043, event Info = 0x00000134C14B9A50
[GetVolumeInformation]
Dokan Information: SendAndPullEventInformation() with NTSTATUS 0x0, context 0xc14a82f0, and result object 0x00000134C35000A0 with size 64
###GetFileInfo file handle = 0x00000134C14A82F0, eventID = 0043, event Info = 0x00000134C14B9A50
	result =  0
	FileAllInformation
	DispatchQueryInformation result =  0
Dokan Information: SendAndPullEventInformation() with NTSTATUS 0x0, context 0xc14a82f0, and result object 0x00000134C35000A0 with size 140
###Cleanup file handle = 0x00000134C14A82F0, eventID = 0043, event Info = 0x00000134C14B9A50
Dokan Information: SendAndPullEventInformation() with NTSTATUS 0x0, context 0xc14a82f0, and result object 0x00000134C35000A0 with size 48
###Close file handle = 0x00000134C14A82F0, eventID = 0043, event Info = 0x00000134C14B9A50
[Close] \
###Create file handle = 0x00000134C14A7C70, eventID = 0044, event Info = 0x00000134C14B9900
[ZwCreateFile] \ disp=1 opts=0x200020 attrs=0x80
Dokan Information: DokanEndDispatchCreate() status = 0, file handle = 0x00000134C14A7C70, eventID = 0044, result = 0x1
Dokan Information: SendAndPullEventInformation() with NTSTATUS 0x0, context 0xc14a7c70, and result object 0x00000134C35000A0 with size 48
###QueryVolumeInfo file handle = 0x00000134C14A7C70, eventID = 0044, event Info = 0x00000134C14B9900
[GetVolumeInformation]
Dokan Information: SendAndPullEventInformation() with NTSTATUS 0x0, context 0xc14a7c70, and result object 0x00000134C35000A0 with size 64
###GetFileInfo file handle = 0x00000134C14A7C70, eventID = 0044, event Info = 0x00000134C14B9900
	result =  0
	FileAllInformation
	DispatchQueryInformation result =  0
Dokan Information: SendAndPullEventInformation() with NTSTATUS 0x0, context 0xc14a7c70, and result object 0x00000134C35000A0 with size 140
###Cleanup file handle = 0x00000134C14A7C70, eventID = 0044, event Info = 0x00000134C14B9900
Dokan Information: SendAndPullEventInformation() with NTSTATUS 0x0, context 0xc14a7c70, and result object 0x00000134C35000A0 with size 48
###Close file handle = 0x00000134C14A7C70, eventID = 0044, event Info = 0x00000134C14B9900
[Close] \
###Create file handle = 0x00000134C14A82F0, eventID = 0045, event Info = 0x00000134C14B9A50
[ZwCreateFile] \ disp=1 opts=0x200020 attrs=0x80
Dokan Information: DokanEndDispatchCreate() status = 0, file handle = 0x00000134C14A82F0, eventID = 0045, result = 0x1
Dokan Information: SendAndPullEventInformation() with NTSTATUS 0x0, context 0xc14a82f0, and result object 0x00000134C35000A0 with size 48
###QueryVolumeInfo file handle = 0x00000134C14A82F0, eventID = 0045, event Info = 0x00000134C14B9A50
[GetVolumeInformation]
Dokan Information: SendAndPullEventInformation() with NTSTATUS 0x0, context 0xc14a82f0, and result object 0x00000134C35000A0 with size 64
###GetFileInfo file handle = 0x00000134C14A82F0, eventID = 0045, event Info = 0x00000134C14B9A50
	result =  0
	FileAllInformation
	DispatchQueryInformation result =  0
Dokan Information: SendAndPullEventInformation() with NTSTATUS 0x0, context 0xc14a82f0, and result object 0x00000134C35000A0 with size 140
###Cleanup file handle = 0x00000134C14A82F0, eventID = 0045, event Info = 0x00000134C14B9A50
Dokan Information: SendAndPullEventInformation() with NTSTATUS 0x0, context 0xc14a82f0, and result object 0x00000134C35000A0 with size 48
###Close file handle = 0x00000134C14A82F0, eventID = 0045, event Info = 0x00000134C14B9A50
[Close] ###Create file handle = 0x00000134C14A7C70, eventID = 0046, event Info = 0x00000134C14B9900
\
[ZwCreateFile] \ disp=1 opts=0x200020 attrs=0x80
Dokan Information: DokanEndDispatchCreate() status = 0, file handle = 0x00000134C14A7C70, eventID = 0046, result = 0x1
Dokan Information: SendAndPullEventInformation() with NTSTATUS 0x0, context 0xc14a7c70, and result object 0x00000134C35000A0 with size 48
###QueryVolumeInfo file handle = 0x00000134C14A7C70, eventID = 0046, event Info = 0x00000134C14B9900
[GetVolumeInformation]
Dokan Information: SendAndPullEventInformation() with NTSTATUS 0x0, context 0xc14a7c70, and result object 0x00000134C35000A0 with size 64
###GetFileInfo file handle = 0x00000134C14A7C70, eventID = 0046, event Info = 0x00000134C14B9900
	result =  0
	FileAllInformation
	DispatchQueryInformation result =  0
Dokan Information: SendAndPullEventInformation() with NTSTATUS 0x0, context 0xc14a7c70, and result object 0x00000134C35000A0 with size 140
###Cleanup file handle = 0x00000134C14A7C70, eventID = 0046, event Info = 0x00000134C14B9900
Dokan Information: SendAndPullEventInformation() with NTSTATUS 0x0, context 0xc14a7c70, and result object 0x00000134C35000A0 with size 48
###Close file handle = 0x00000134C14A7C70, eventID = 0046, event Info = 0x00000134C14B9900
[Close] \
###Create file handle = 0x00000134C14A7C70, eventID = 0047, event Info = 0x00000134C14B9A50
[ZwCreateFile] \ disp=1 opts=0x200020 attrs=0x80
Dokan Information: DokanEndDispatchCreate() status = 0, file handle = 0x00000134C14A7C70, eventID = 0047, result = 0x1
Dokan Information: SendAndPullEventInformation() with NTSTATUS 0x0, context 0xc14a7c70, and result object 0x00000134C35000A0 with size 48
###QueryVolumeInfo file handle = 0x00000134C14A7C70, eventID = 0047, event Info = 0x00000134C14B9A50
[GetVolumeInformation]
Dokan Information: SendAndPullEventInformation() with NTSTATUS 0x0, context 0xc14a7c70, and result object 0x00000134C35000A0 with size 64
###GetFileInfo file handle = 0x00000134C14A7C70, eventID = 0047, event Info = 0x00000134C14B9A50
	result =  0
	FileAllInformation
	DispatchQueryInformation result =  0
Dokan Information: SendAndPullEventInformation() with NTSTATUS 0x0, context 0xc14a7c70, and result object 0x00000134C35000A0 with size 140
###Cleanup file handle = 0x00000134C14A7C70, eventID = 0047, event Info = 0x00000134C14B9A50
Dokan Information: SendAndPullEventInformation() with NTSTATUS 0x0, context 0xc14a7c70, and result object 0x00000134C35000A0 with size 48
###Close file handle = 0x00000134C14A7C70, eventID = 0047, event Info = 0x00000134C14B9A50
[Close] \
###Create file handle = 0x00000134C14A82F0, eventID = 0048, event Info = 0x00000134C14B9900
[ZwCreateFile] \ disp=1 opts=0x200020 attrs=0x80
Dokan Information: DokanEndDispatchCreate() status = 0, file handle = 0x00000134C14A82F0, eventID = 0048, result = 0x1
Dokan Information: SendAndPullEventInformation() with NTSTATUS 0x0, context 0xc14a82f0, and result object 0x00000134C35000A0 with size 48
###QueryVolumeInfo file handle = 0x00000134C14A82F0, eventID = 0048, event Info = 0x00000134C14B9900
[GetVolumeInformation]
Dokan Information: SendAndPullEventInformation() with NTSTATUS 0x0, context 0xc14a82f0, and result object 0x00000134C35000A0 with size 64
###GetFileInfo file handle = 0x00000134C14A82F0, eventID = 0048, event Info = 0x00000134C14B9900
	result =  0
	FileAllInformation
	DispatchQueryInformation result =  0
Dokan Information: SendAndPullEventInformation() with NTSTATUS 0x0, context 0xc14a82f0, and result object 0x00000134C35000A0 with size 140
###Cleanup file handle = 0x00000134C14A82F0, eventID = 0048, event Info = 0x00000134C14B9900
Dokan Information: SendAndPullEventInformation() with NTSTATUS 0x0, context 0xc14a82f0, and result object 0x00000134C35000A0 with size 48
###Close file handle = 0x00000134C14A82F0, eventID = 0048, event Info = 0x00000134C14B9900
[Close] \
###Create file handle = 0x00000134C14A82F0, eventID = 0049, event Info = 0x00000134C14B9A50
[ZwCreateFile] \ disp=1 opts=0x200020 attrs=0x80
Dokan Information: DokanEndDispatchCreate() status = 0, file handle = 0x00000134C14A82F0, eventID = 0049, result = 0x1
Dokan Information: SendAndPullEventInformation() with NTSTATUS 0x0, context 0xc14a82f0, and result object 0x00000134C35000A0 with size 48
###QueryVolumeInfo file handle = 0x00000134C14A82F0, eventID = 0049, event Info = 0x00000134C14B9A50
[GetVolumeInformation]
Dokan Information: SendAndPullEventInformation() with NTSTATUS 0x0, context 0xc14a82f0, and result object 0x00000134C35000A0 with size 64
###GetFileInfo file handle = 0x00000134C14A82F0, eventID = 0049, event Info = 0x00000134C14B9A50
	result =  0
	FileAllInformation
	DispatchQueryInformation result =  0
Dokan Information: SendAndPullEventInformation() with NTSTATUS 0x0, context 0xc14a82f0, and result object 0x00000134C35000A0 with size 140
###Cleanup file handle = 0x00000134C14A82F0, eventID = 0049, event Info = 0x00000134C14B9A50
Dokan Information: SendAndPullEventInformation() with NTSTATUS 0x0, context 0xc14a82f0, and result object 0x00000134C35000A0 with size 48
###Close file handle = 0x00000134C14A82F0, eventID = 0049, event Info = 0x00000134C14B9A50
[Close] \
###Create file handle = 0x00000134C14A82F0, eventID = 0050, event Info = 0x00000134C14B9900
[ZwCreateFile] \ disp=1 opts=0x200020 attrs=0x80
Dokan Information: DokanEndDispatchCreate() status = 0, file handle = 0x00000134C14A82F0, eventID = 0050, result = 0x1
Dokan Information: SendAndPullEventInformation() with NTSTATUS 0x0, context 0xc14a82f0, and result object 0x00000134C35000A0 with size 48
###QueryVolumeInfo file handle = 0x00000134C14A82F0, eventID = 0050, event Info = 0x00000134C14B9900
[GetVolumeInformation]
Dokan Information: SendAndPullEventInformation() with NTSTATUS 0x0, context 0xc14a82f0, and result object 0x00000134C35000A0 with size 64
###GetFileInfo file handle = 0x00000134C14A82F0, eventID = 0050, event Info = 0x00000134C14B9900
	result =  0
	FileAllInformation
	DispatchQueryInformation result =  0
Dokan Information: SendAndPullEventInformation() with NTSTATUS 0x0, context 0xc14a82f0, and result object 0x00000134C35000A0 with size 140
###Cleanup file handle = 0x00000134C14A82F0, eventID = 0050, event Info = 0x00000134C14B9900
Dokan Information: SendAndPullEventInformation() with NTSTATUS 0x0, context 0xc14a82f0, and result object 0x00000134C35000A0 with size 48
###Close file handle = 0x00000134C14A82F0, eventID = 0050, event Info = 0x00000134C14B9900
[Close] \
###Create file handle = 0x00000134C14A7C70, eventID = 0051, event Info = 0x00000134C14B9A50
[ZwCreateFile] \ disp=1 opts=0x200020 attrs=0x80
Dokan Information: DokanEndDispatchCreate() status = 0, file handle = 0x00000134C14A7C70, eventID = 0051, result = 0x1
Dokan Information: SendAndPullEventInformation() with NTSTATUS 0x0, context 0xc14a7c70, and result object 0x00000134C35000A0 with size 48
###QueryVolumeInfo file handle = 0x00000134C14A7C70, eventID = 0051, event Info = 0x00000134C14B9A50
[GetVolumeInformation]
Dokan Information: SendAndPullEventInformation() with NTSTATUS 0x0, context 0xc14a7c70, and result object 0x00000134C35000A0 with size 64
###GetFileInfo file handle = 0x00000134C14A7C70, eventID = 0051, event Info = 0x00000134C14B9A50
	result =  0
	FileAllInformation
	DispatchQueryInformation result =  0
Dokan Information: SendAndPullEventInformation() with NTSTATUS 0x0, context 0xc14a7c70, and result object 0x00000134C35000A0 with size 140
###Cleanup file handle = 0x00000134C14A7C70, eventID = 0051, event Info = 0x00000134C14B9A50
Dokan Information: SendAndPullEventInformation() with NTSTATUS 0x0, context 0xc14a7c70, and result object 0x00000134C35000A0 with size 48
###Close file handle = 0x00000134C14A7C70, eventID = 0051, event Info = 0x00000134C14B9A50
[Clos###Create file handle = 0x00000134C14A82F0, eventID = 0052, event Info = 0x00000134C14B9900
e] \
[ZwCreateFile] \ disp=1 opts=0x200020 attrs=0x80
Dokan Information: DokanEndDispatchCreate() status = 0, file handle = 0x00000134C14A82F0, eventID = 0052, result = 0x1
Dokan Information: SendAndPullEventInformation() with NTSTATUS 0x0, context 0xc14a82f0, and result object 0x00000134C35000A0 with size 48
###QueryVolumeInfo file handle = 0x00000134C14A82F0, eventID = 0052, event Info = 0x00000134C14B9900
[GetVolumeInformation]
Dokan Information: SendAndPullEventInformation() with NTSTATUS 0x0, context 0xc14a82f0, and result object 0x00000134C35000A0 with size 64
###GetFileInfo file handle = 0x00000134C14A82F0, eventID = 0052, event Info = 0x00000134C14B9900
	result =  0
	FileAllInformation
	DispatchQueryInformation result =  0
Dokan Information: SendAndPullEventInformation() with NTSTATUS 0x0, context 0xc14a82f0, and result object 0x00000134C35000A0 with size 140
###Cleanup file handle = 0x00000134C14A82F0, eventID = 0052, event Info = 0x00000134C14B9900
Dokan Information: SendAndPullEventInformation() with NTSTATUS 0x0, context 0xc14a82f0, and result object 0x00000134C35000A0 with size 48
###Close file handle = 0x00000134C14A82F0, eventID = 0052, event Info = 0x00000134C14B9900
[Close] \
###Create file handle = 0x00000134C14A7C70, eventID = 0053, event Info = 0x00000134C14B9A50
[ZwCreateFile] \ disp=1 opts=0x200020 attrs=0x80
Dokan Information: DokanEndDispatchCreate() status = 0, file handle = 0x00000134C14A7C70, eventID = 0053, result = 0x1
Dokan Information: SendAndPullEventInformation() with NTSTATUS 0x0, context 0xc14a7c70, and result object 0x00000134C35000A0 with size 48
###QueryVolumeInfo file handle = 0x00000134C14A7C70, eventID = 0053, event Info = 0x00000134C14B9A50
[GetVolumeInformation]
Dokan Information: SendAndPullEventInformation() with NTSTATUS 0x0, context 0xc14a7c70, and result object 0x00000134C35000A0 with size 64
###GetFileInfo file handle = 0x00000134C14A7C70, eventID = 0053, event Info = 0x00000134C14B9A50
	result =  0
	FileAllInformation
	DispatchQueryInformation result =  0
Dokan Information: SendAndPullEventInformation() with NTSTATUS 0x0, context 0xc14a7c70, and result object 0x00000134C35000A0 with size 140
###Cleanup file handle = 0x00000134C14A7C70, eventID = 0053, event Info = 0x00000134C14B9A50
Dokan Information: SendAndPullEventInformation() with NTSTATUS 0x0, context 0xc14a7c70, and result object 0x00000134C35000A0 with size 48
###Close file handle = 0x00000134C14A7C70, eventID = 0053, event Info = 0x00000134C14B9A50
[Close] \
###Create file handle = 0x00000134C14A82F0, eventID = 0054, event Info = 0x00000134C14B9900
[ZwCreateFile] \ disp=1 opts=0x200020 attrs=0x80
Dokan Information: DokanEndDispatchCreate() status = 0, file handle = 0x00000134C14A82F0, eventID = 0054, result = 0x1
Dokan Information: SendAndPullEventInformation() with NTSTATUS 0x0, context 0xc14a82f0, and result object 0x00000134C35000A0 with size 48
###QueryVolumeInfo file handle = 0x00000134C14A82F0, eventID = 0054, event Info = 0x00000134C14B9900
[GetVolumeInformation]
Dokan Information: SendAndPullEventInformation() with NTSTATUS 0x0, context 0xc14a82f0, and result object 0x00000134C35000A0 with size 64
###GetFileInfo file handle = 0x00000134C14A82F0, eventID = 0054, event Info = 0x00000134C14B9900
	result =  0
	FileAllInformation
	DispatchQueryInformation result =  0
Dokan Information: SendAndPullEventInformation() with NTSTATUS 0x0, context 0xc14a82f0, and result object 0x00000134C35000A0 with size 140
###Cleanup file handle = 0x00000134C14A82F0, eventID = 0054, event Info = 0x00000134C14B9900
Dokan Information: SendAndPullEventInformation() with NTSTATUS 0x0, context 0xc14a82f0, and result object 0x00000134C35000A0 with size 48
###Close file handle = 0x00000134C14A82F0, eventID = 0054, event Info = 0x00000134C14B9900
[Close] \
###Create file handle = 0x00000134C14A7C70, eventID = 0055, event Info = 0x00000134C14B9A50
[ZwCreateFile] \ disp=1 opts=0x200020 attrs=0x80
Dokan Information: DokanEndDispatchCreate() status = 0, file handle = 0x00000134C14A7C70, eventID = 0055, result = 0x1
Dokan Information: SendAndPullEventInformation() with NTSTATUS 0x0, context 0xc14a7c70, and result object 0x00000134C35000A0 with size 48
###QueryVolumeInfo file handle = 0x00000134C14A7C70, eventID = 0055, event Info = 0x00000134C14B9A50
[GetVolumeInformation]
Dokan Information: SendAndPullEventInformation() with NTSTATUS 0x0, context 0xc14a7c70, and result object 0x00000134C35000A0 with size 64
###GetFileInfo file handle = 0x00000134C14A7C70, eventID = 0055, event Info = 0x00000134C14B9A50
	result =  0
	FileAllInformation
	DispatchQueryInformation result =  0
Dokan Information: SendAndPullEventInformation() with NTSTATUS 0x0, context 0xc14a7c70, and result object 0x00000134C35000A0 with size 140
###Cleanup file handle = 0x00000134C14A7C70, eventID = 0055, event Info = 0x00000134C14B9A50
Dokan Information: SendAndPullEventInformation() with NTSTATUS 0x0, context 0xc14a7c70, and result object 0x00000134C35000A0 with size 48
###Close file handle = 0x00000134C14A7C70, eventID = 0055, event Info = 0x00000134C14B9A50
[Close] \
###Create file handle = 0x00000134C14A82F0, eventID = 0056, event Info = 0x00000134C14B9900
[ZwCreateFile] \ disp=1 opts=0x200020 attrs=0x80
Dokan Information: DokanEndDispatchCreate() status = 0, file handle = 0x00000134C14A82F0, eventID = 0056, result = 0x1
Dokan Information: SendAndPullEventInformation() with NTSTATUS 0x0, context 0xc14a82f0, and result object 0x00000134C35000A0 with size 48
###QueryVolumeInfo file handle = 0x00000134C14A82F0, eventID = 0056, event Info = 0x00000134C14B9900
[GetVolumeInformation]
Dokan Information: SendAndPullEventInformation() with NTSTATUS 0x0, context 0xc14a82f0, and result object 0x00000134C35000A0 with size 64
###GetFileInfo file handle = 0x00000134C14A82F0, eventID = 0056, event Info = 0x00000134C14B9900
	result =  0
	FileAllInformation
	DispatchQueryInformation result =  0
Dokan Information: SendAndPullEventInformation() with NTSTATUS 0x0, context 0xc14a82f0, and result object 0x00000134C35000A0 with size 140
###Cleanup file handle = 0x00000134C14A82F0, eventID = 0056, event Info = 0x00000134C14B9900
Dokan Information: SendAndPullEventInformation() with NTSTATUS 0x0, context 0xc14a82f0, and result object 0x00000134C35000A0 with size 48
###Close file handle = 0x00000134C14A82F0, eventID = 0056, event Info = 0x00000134C14B9900
[###Create file handle = 0x00000134C14A7C70, eventID = 0057, event Info = 0x00000134C14B9A50
Close] \
[ZwCreateFile] \ disp=1 opts=0x200020 attrs=0x80
Dokan Information: DokanEndDispatchCreate() status = 0, file handle = 0x00000134C14A7C70, eventID = 0057, result = 0x1
Dokan Information: SendAndPullEventInformation() with NTSTATUS 0x0, context 0xc14a7c70, and result object 0x00000134C35000A0 with size 48
###QueryVolumeInfo file handle = 0x00000134C14A7C70, eventID = 0057, event Info = 0x00000134C14B9A50
[GetVolumeInformation]
Dokan Information: SendAndPullEventInformation() with NTSTATUS 0x0, context 0xc14a7c70, and result object 0x00000134C35000A0 with size 64
###GetFileInfo file handle = 0x00000134C14A7C70, eventID = 0057, event Info = 0x00000134C14B9A50
	result =  0
	FileAllInformation
	DispatchQueryInformation result =  0
Dokan Information: SendAndPullEventInformation() with NTSTATUS 0x0, context 0xc14a7c70, and result object 0x00000134C35000A0 with size 140
###Cleanup file handle = 0x00000134C14A7C70, eventID = 0057, event Info = 0x00000134C14B9A50
Dokan Information: SendAndPullEventInformation() with NTSTATUS 0x0, context 0xc14a7c70, and result object 0x00000134C35000A0 with size 48
###Close file handle = 0x00000134C14A7C70, eventID = 0057, event Info = 0x00000134C14B9A50
[Close] \
###Create file handle = 0x00000134C14A82F0, eventID = 0058, event Info = 0x00000134C14B9900
[ZwCreateFile] \ disp=1 opts=0x200020 attrs=0x80
Dokan Information: DokanEndDispatchCreate() status = 0, file handle = 0x00000134C14A82F0, eventID = 0058, result = 0x1
Dokan Information: SendAndPullEventInformation() with NTSTATUS 0x0, context 0xc14a82f0, and result object 0x00000134C35000A0 with size 48
###QueryVolumeInfo file handle = 0x00000134C14A82F0, eventID = 0058, event Info = 0x00000134C14B9900
[GetVolumeInformation]
Dokan Information: SendAndPullEventInformation() with NTSTATUS 0x0, context 0xc14a82f0, and result object 0x00000134C35000A0 with size 64
###GetFileInfo file handle = 0x00000134C14A82F0, eventID = 0058, event Info = 0x00000134C14B9900
	result =  0
	FileAllInformation
	DispatchQueryInformation result =  0
Dokan Information: SendAndPullEventInformation() with NTSTATUS 0x0, context 0xc14a82f0, and result object 0x00000134C35000A0 with size 140
###Cleanup file handle = 0x00000134C14A82F0, eventID = 0058, event Info = 0x00000134C14B9900
Dokan Information: SendAndPullEventInformation() with NTSTATUS 0x0, context 0xc14a82f0, and result object 0x00000134C35000A0 with size 48
###Close file handle = 0x00000134C14A82F0, eventID = 0058, event Info = 0x00000134C14B9900
[Close] \
###Create file handle = 0x00000134C14A7C70, eventID = 0059, event Info = 0x00000134C14B9A50
[ZwCreateFile] \ disp=1 opts=0x200020 attrs=0x80
Dokan Information: DokanEndDispatchCreate() status = 0, file handle = 0x00000134C14A7C70, eventID = 0059, result = 0x1
Dokan Information: SendAndPullEventInformation() with NTSTATUS 0x0, context 0xc14a7c70, and result object 0x00000134C35000A0 with size 48
###QueryVolumeInfo file handle = 0x00000134C14A7C70, eventID = 0059, event Info = 0x00000134C14B9A50
[GetVolumeInformation]
Dokan Information: SendAndPullEventInformation() with NTSTATUS 0x0, context 0xc14a7c70, and result object 0x00000134C35000A0 with size 64
###GetFileInfo file handle = 0x00000134C14A7C70, eventID = 0059, event Info = 0x00000134C14B9A50
	result =  0
	FileAllInformation
	DispatchQueryInformation result =  0
Dokan Information: SendAndPullEventInformation() with NTSTATUS 0x0, context 0xc14a7c70, and result object 0x00000134C35000A0 with size 140
###Cleanup file handle = 0x00000134C14A7C70, eventID = 0059, event Info = 0x00000134C14B9A50
Dokan Information: SendAndPullEventInformation() with NTSTATUS 0x0, context 0xc14a7c70, and result object 0x00000134C35000A0 with size 48
###Close file handle = 0x00000134C14A7C70, eventID = 0059, event Info = 0x00000134C14B9A50
[Close] ###Create file handle = 0x00000134C14A82F0, eventID = 0060, event Info = 0x00000134C14B9900
\
[ZwCreateFile] \ disp=1 opts=0x200020 attrs=0x80
Dokan Information: DokanEndDispatchCreate() status = 0, file handle = 0x00000134C14A82F0, eventID = 0060, result = 0x1
Dokan Information: SendAndPullEventInformation() with NTSTATUS 0x0, context 0xc14a82f0, and result object 0x00000134C35000A0 with size 48
###QueryVolumeInfo file handle = 0x00000134C14A82F0, eventID = 0060, event Info = 0x00000134C14B9900
[GetVolumeInformation]
Dokan Information: SendAndPullEventInformation() with NTSTATUS 0x0, context 0xc14a82f0, and result object 0x00000134C35000A0 with size 64
###GetFileInfo file handle = 0x00000134C14A82F0, eventID = 0060, event Info = 0x00000134C14B9900
	result =  0
	FileAllInformation
	DispatchQueryInformation result =  0
Dokan Information: SendAndPullEventInformation() with NTSTATUS 0x0, context 0xc14a82f0, and result object 0x00000134C35000A0 with size 140
###Cleanup file handle = 0x00000134C14A82F0, eventID = 0060, event Info = 0x00000134C14B9900
Dokan Information: SendAndPullEventInformation() with NTSTATUS 0x0, context 0xc14a82f0, and result object 0x00000134C35000A0 with size 48
###Close file handle = 0x00000134C14A82F0, eventID = 0060, event Info = 0x00000134C14B9900
###Create file handle = 0x00000134C14A7C70, eventID = 0061, event Info = 0x00000134C14B9A50
[Close] \
[ZwCreateFile] \ disp=1 opts=0x200020 attrs=0x80
Dokan Information: DokanEndDispatchCreate() status = 0, file handle = 0x00000134C14A7C70, eventID = 0061, result = 0x1
Dokan Information: SendAndPullEventInformation() with NTSTATUS 0x0, context 0xc14a7c70, and result object 0x00000134C35000A0 with size 48
###QueryVolumeInfo file handle = 0x00000134C14A7C70, eventID = 0061, event Info = 0x00000134C14B9A50
[GetVolumeInformation]
Dokan Information: SendAndPullEventInformation() with NTSTATUS 0x0, context 0xc14a7c70, and result object 0x00000134C35000A0 with size 64
###GetFileInfo file handle = 0x00000134C14A7C70, eventID = 0061, event Info = 0x00000134C14B9A50
	result =  0
	FileAllInformation
	DispatchQueryInformation result =  0
Dokan Information: SendAndPullEventInformation() with NTSTATUS 0x0, context 0xc14a7c70, and result object 0x00000134C35000A0 with size 140
###Cleanup file handle = 0x00000134C14A7C70, eventID = 0061, event Info = 0x00000134C14B9A50
Dokan Information: SendAndPullEventInformation() with NTSTATUS 0x0, context 0xc14a7c70, and result object 0x00000134C35000A0 with size 48
###Close file handle = 0x00000134C14A7C70, eventID = 0061, event Info = 0x00000134C14B9A50
[Close] \
###Create file handle = 0x00000134C14A82F0, eventID = 0062, event Info = 0x00000134C14B9900
[ZwCreateFile] \ disp=1 opts=0x200020 attrs=0x80
Dokan Information: DokanEndDispatchCreate() status = 0, file handle = 0x00000134C14A82F0, eventID = 0062, result = 0x1
Dokan Information: SendAndPullEventInformation() with NTSTATUS 0x0, context 0xc14a82f0, and result object 0x00000134C35000A0 with size 48
###QueryVolumeInfo file handle = 0x00000134C14A82F0, eventID = 0062, event Info = 0x00000134C14B9900
[GetVolumeInformation]
Dokan Information: SendAndPullEventInformation() with NTSTATUS 0x0, context 0xc14a82f0, and result object 0x00000134C35000A0 with size 64
###GetFileInfo file handle = 0x00000134C14A82F0, eventID = 0062, event Info = 0x00000134C14B9900
	result =  0
	FileAllInformation
	DispatchQueryInformation result =  0
Dokan Information: SendAndPullEventInformation() with NTSTATUS 0x0, context 0xc14a82f0, and result object 0x00000134C35000A0 with size 140
###Cleanup file handle = 0x00000134C14A82F0, eventID = 0062, event Info = 0x00000134C14B9900
Dokan Information: SendAndPullEventInformation() with NTSTATUS 0x0, context 0xc14a82f0, and result object 0x00000134C35000A0 with size 48
###Close file handle = 0x00000134C14A82F0, eventID = 0062, event Info = 0x00000134C14B9900
[###Create file handle = 0x00000134C14A7C70, eventID = 0063, event Info = 0x00000134C14B9A50
Close] \
[ZwCreateFile] \ disp=1 opts=0x200020 attrs=0x80
Dokan Information: DokanEndDispatchCreate() status = 0, file handle = 0x00000134C14A7C70, eventID = 0063, result = 0x1
Dokan Information: SendAndPullEventInformation() with NTSTATUS 0x0, context 0xc14a7c70, and result object 0x00000134C35000A0 with size 48
###QueryVolumeInfo file handle = 0x00000134C14A7C70, eventID = 0063, event Info = 0x00000134C14B9A50
[GetVolumeInformation]
Dokan Information: SendAndPullEventInformation() with NTSTATUS 0x0, context 0xc14a7c70, and result object 0x00000134C35000A0 with size 64
###GetFileInfo file handle = 0x00000134C14A7C70, eventID = 0063, event Info = 0x00000134C14B9A50
	result =  0
	FileAllInformation
	DispatchQueryInformation result =  0
Dokan Information: SendAndPullEventInformation() with NTSTATUS 0x0, context 0xc14a7c70, and result object 0x00000134C35000A0 with size 140
###Cleanup file handle = 0x00000134C14A7C70, eventID = 0063, event Info = 0x00000134C14B9A50
Dokan Information: SendAndPullEventInformation() with NTSTATUS 0x0, context 0xc14a7c70, and result object 0x00000134C35000A0 with size 48
###Close file handle = 0x00000134C14A7C70, eventID = 0063, event Info = 0x00000134C14B9A50
[Close] ###Create file handle = 0x00000134C14A82F0, eventID = 0064, event Info = 0x00000134C14B9900
\
[ZwCreateFile] \ disp=1 opts=0x200020 attrs=0x80
Dokan Information: DokanEndDispatchCreate() status = 0, file handle = 0x00000134C14A82F0, eventID = 0064, result = 0x1
Dokan Information: SendAndPullEventInformation() with NTSTATUS 0x0, context 0xc14a82f0, and result object 0x00000134C35000A0 with size 48
###QueryVolumeInfo file handle = 0x00000134C14A82F0, eventID = 0064, event Info = 0x00000134C14B9900
[GetVolumeInformation]
Dokan Information: SendAndPullEventInformation() with NTSTATUS 0x0, context 0xc14a82f0, and result object 0x00000134C35000A0 with size 64
###GetFileInfo file handle = 0x00000134C14A82F0, eventID = 0064, event Info = 0x00000134C14B9900
	result =  0
	FileAllInformation
	DispatchQueryInformation result =  0
Dokan Information: SendAndPullEventInformation() with NTSTATUS 0x0, context 0xc14a82f0, and result object 0x00000134C35000A0 with size 140
###Cleanup file handle = 0x00000134C14A82F0, eventID = 0064, event Info = 0x00000134C14B9900
Dokan Information: SendAndPullEventInformation() with NTSTATUS 0x0, context 0xc14a82f0, and result object 0x00000134C35000A0 with size 48
###Close file handle = 0x00000134C14A82F0, eventID = 0064, event Info = 0x00000134C14B9900
[Close] \
###Create file handle = 0x00000134C14A7C70, eventID = 0065, event Info = 0x00000134C14B9A50
[ZwCreateFile] \ disp=1 opts=0x200020 attrs=0x80
Dokan Information: DokanEndDispatchCreate() status = 0, file handle = 0x00000134C14A7C70, eventID = 0065, result = 0x1
Dokan Information: SendAndPullEventInformation() with NTSTATUS 0x0, context 0xc14a7c70, and result object 0x00000134C35000A0 with size 48
###QueryVolumeInfo file handle = 0x00000134C14A7C70, eventID = 0065, event Info = 0x00000134C14B9A50
[GetVolumeInformation]
Dokan Information: SendAndPullEventInformation() with NTSTATUS 0x0, context 0xc14a7c70, and result object 0x00000134C35000A0 with size 64
###GetFileInfo file handle = 0x00000134C14A7C70, eventID = 0065, event Info = 0x00000134C14B9A50
	result =  0
	FileAllInformation
	DispatchQueryInformation result =  0
Dokan Information: SendAndPullEventInformation() with NTSTATUS 0x0, context 0xc14a7c70, and result object 0x00000134C35000A0 with size 140
###Cleanup file handle = 0x00000134C14A7C70, eventID = 0065, event Info = 0x00000134C14B9A50
Dokan Information: SendAndPullEventInformation() with NTSTATUS 0x0, context 0xc14a7c70, and result object 0x00000134C35000A0 with size 48
###Close file handle = 0x00000134C14A7C70, eventID = 0065, event Info = 0x00000134C14B9A50
[Close] \
###Create file handle = 0x00000134C14A82F0, eventID = 0066, event Info = 0x00000134C14B9900
[ZwCreateFile] \ disp=1 opts=0x200020 attrs=0x80
Dokan Information: DokanEndDispatchCreate() status = 0, file handle = 0x00000134C14A82F0, eventID = 0066, result = 0x1
Dokan Information: SendAndPullEventInformation() with NTSTATUS 0x0, context 0xc14a82f0, and result object 0x00000134C35000A0 with size 48
###QueryVolumeInfo file handle = 0x00000134C14A82F0, eventID = 0066, event Info = 0x00000134C14B9900
[GetVolumeInformation]
Dokan Information: SendAndPullEventInformation() with NTSTATUS 0x0, context 0xc14a82f0, and result object 0x00000134C35000A0 with size 64
###GetFileInfo file handle = 0x00000134C14A82F0, eventID = 0066, event Info = 0x00000134C14B9900
	result =  0
	FileAllInformation
	DispatchQueryInformation result =  0
Dokan Information: SendAndPullEventInformation() with NTSTATUS 0x0, context 0xc14a82f0, and result object 0x00000134C35000A0 with size 140
###Cleanup file handle = 0x00000134C14A82F0, eventID = 0066, event Info = 0x00000134C14B9900
Dokan Information: SendAndPullEventInformation() with NTSTATUS 0x0, context 0xc14a82f0, and result object 0x00000134C35000A0 with size 48
###Close file handle = 0x00000134C14A82F0, eventID = 0066, event Info = 0x00000134C14B9900
[Close] ###Create file handle = 0x00000134C14A7C70, eventID = 0067, event Info = 0x00000134C14B9A50
\
[ZwCreateFile] \ disp=1 opts=0x200020 attrs=0x80
Dokan Information: DokanEndDispatchCreate() status = 0, file handle = 0x00000134C14A7C70, eventID = 0067, result = 0x1
Dokan Information: SendAndPullEventInformation() with NTSTATUS 0x0, context 0xc14a7c70, and result object 0x00000134C35000A0 with size 48
###QueryVolumeInfo file handle = 0x00000134C14A7C70, eventID = 0067, event Info = 0x00000134C14B9A50
[GetVolumeInformation]
Dokan Information: SendAndPullEventInformation() with NTSTATUS 0x0, context 0xc14a7c70, and result object 0x00000134C35000A0 with size 64
###GetFileInfo file handle = 0x00000134C14A7C70, eventID = 0067, event Info = 0x00000134C14B9A50
	result =  0
	FileAllInformation
	DispatchQueryInformation result =  0
Dokan Information: SendAndPullEventInformation() with NTSTATUS 0x0, context 0xc14a7c70, and result object 0x00000134C35000A0 with size 140
###Cleanup file handle = 0x00000134C14A7C70, eventID = 0067, event Info = 0x00000134C14B9A50
Dokan Information: SendAndPullEventInformation() with NTSTATUS 0x0, context 0xc14a7c70, and result object 0x00000134C35000A0 with size 48
###Close file handle = 0x00000134C14A7C70, eventID = 0067, event Info = 0x00000134C14B9A50
###Create file handle = 0x00000134C14A82F0, eventID = 0068, event Info = 0x00000134C14B9900
[Close] \
[ZwCreateFile] \ disp=1 opts=0x200020 attrs=0x80
Dokan Information: DokanEndDispatchCreate() status = 0, file handle = 0x00000134C14A82F0, eventID = 0068, result = 0x1
Dokan Information: SendAndPullEventInformation() with NTSTATUS 0x0, context 0xc14a82f0, and result object 0x00000134C35000A0 with size 48
###QueryVolumeInfo file handle = 0x00000134C14A82F0, eventID = 0068, event Info = 0x00000134C14B9900
[GetVolumeInformation]
Dokan Information: SendAndPullEventInformation() with NTSTATUS 0x0, context 0xc14a82f0, and result object 0x00000134C35000A0 with size 64
###GetFileInfo file handle = 0x00000134C14A82F0, eventID = 0068, event Info = 0x00000134C14B9900
	result =  0
	FileAllInformation
	DispatchQueryInformation result =  0
Dokan Information: SendAndPullEventInformation() with NTSTATUS 0x0, context 0xc14a82f0, and result object 0x00000134C35000A0 with size 140
###Cleanup file handle = 0x00000134C14A82F0, eventID = 0068, event Info = 0x00000134C14B9900
Dokan Information: SendAndPullEventInformation() with NTSTATUS 0x0, context 0xc14a82f0, and result object 0x00000134C35000A0 with size 48
###Close file handle = 0x00000134C14A82F0, eventID = 0068, event Info = 0x00000134C14B9900
[Close] \
###Create file handle = 0x00000134C14A7C70, eventID = 0069, event Info = 0x00000134C14B9A50
[ZwCreateFile] \ disp=1 opts=0x200020 attrs=0x80
Dokan Information: DokanEndDispatchCreate() status = 0, file handle = 0x00000134C14A7C70, eventID = 0069, result = 0x1
Dokan Information: SendAndPullEventInformation() with NTSTATUS 0x0, context 0xc14a7c70, and result object 0x00000134C35000A0 with size 48
###QueryVolumeInfo file handle = 0x00000134C14A7C70, eventID = 0069, event Info = 0x00000134C14B9A50
[GetVolumeInformation]
Dokan Information: SendAndPullEventInformation() with NTSTATUS 0x0, context 0xc14a7c70, and result object 0x00000134C35000A0 with size 64
###GetFileInfo file handle = 0x00000134C14A7C70, eventID = 0069, event Info = 0x00000134C14B9A50
	result =  0
	FileAllInformation
	DispatchQueryInformation result =  0
Dokan Information: SendAndPullEventInformation() with NTSTATUS 0x0, context 0xc14a7c70, and result object 0x00000134C35000A0 with size 140
###Cleanup file handle = 0x00000134C14A7C70, eventID = 0069, event Info = 0x00000134C14B9A50
Dokan Information: SendAndPullEventInformation() with NTSTATUS 0x0, context 0xc14a7c70, and result object 0x00000134C35000A0 with size 48
###Close file handle = 0x00000134C14A7C70, eventID = 0069, event Info = 0x00000134C14B9A50
[Close] \
###Create file handle = 0x00000134C14A82F0, eventID = 0070, event Info = 0x00000134C14B9900
[ZwCreateFile] \ disp=1 opts=0x200020 attrs=0x80
Dokan Information: DokanEndDispatchCreate() status = 0, file handle = 0x00000134C14A82F0, eventID = 0070, result = 0x1
Dokan Information: SendAndPullEventInformation() with NTSTATUS 0x0, context 0xc14a82f0, and result object 0x00000134C35000A0 with size 48
###QueryVolumeInfo file handle = 0x00000134C14A82F0, eventID = 0070, event Info = 0x00000134C14B9900
[GetVolumeInformation]
Dokan Information: SendAndPullEventInformation() with NTSTATUS 0x0, context 0xc14a82f0, and result object 0x00000134C35000A0 with size 64
###GetFileInfo file handle = 0x00000134C14A82F0, eventID = 0070, event Info = 0x00000134C14B9900
	result =  0
	FileAllInformation
	DispatchQueryInformation result =  0
Dokan Information: SendAndPullEventInformation() with NTSTATUS 0x0, context 0xc14a82f0, and result object 0x00000134C35000A0 with size 140
###Cleanup file handle = 0x00000134C14A82F0, eventID = 0070, event Info = 0x00000134C14B9900
Dokan Information: SendAndPullEventInformation() with NTSTATUS 0x0, context 0xc14a82f0, and result object 0x00000134C35000A0 with size 48
###Close file handle = 0x00000134C14A82F0, eventID = 0070, event Info = 0x00000134C14B9900
[Close] \
###Create file handle = 0x00000134C14A7C70, eventID = 0071, event Info = 0x00000134C14B9A50
[ZwCreateFile] \ disp=1 opts=0x200020 attrs=0x80
Dokan Information: DokanEndDispatchCreate() status = 0, file handle = 0x00000134C14A7C70, eventID = 0071, result = 0x1
Dokan Information: SendAndPullEventInformation() with NTSTATUS 0x0, context 0xc14a7c70, and result object 0x00000134C35000A0 with size 48
###QueryVolumeInfo file handle = 0x00000134C14A7C70, eventID = 0071, event Info = 0x00000134C14B9A50
[GetVolumeInformation]
Dokan Information: SendAndPullEventInformation() with NTSTATUS 0x0, context 0xc14a7c70, and result object 0x00000134C35000A0 with size 64
###GetFileInfo file handle = 0x00000134C14A7C70, eventID = 0071, event Info = 0x00000134C14B9A50
	result =  0
	FileAllInformation
	DispatchQueryInformation result =  0
Dokan Information: SendAndPullEventInformation() with NTSTATUS 0x0, context 0xc14a7c70, and result object 0x00000134C35000A0 with size 140
###Cleanup file handle = 0x00000134C14A7C70, eventID = 0071, event Info = 0x00000134C14B9A50
Dokan Information: SendAndPullEventInformation() with NTSTATUS 0x0, context 0xc14a7c70, and result object 0x00000134C35000A0 with size 48
###Close file handle = 0x00000134C14A7C70, eventID = 0071, event Info = 0x00000134C14B9A50
[Close] \
###Create file handle = 0x00000134C14A82F0, eventID = 0072, event Info = 0x00000134C14B9900
[ZwCreateFile] \ disp=1 opts=0x200020 attrs=0x80
Dokan Information: DokanEndDispatchCreate() status = 0, file handle = 0x00000134C14A82F0, eventID = 0072, result = 0x1
Dokan Information: SendAndPullEventInformation() with NTSTATUS 0x0, context 0xc14a82f0, and result object 0x00000134C35000A0 with size 48
###QueryVolumeInfo file handle = 0x00000134C14A82F0, eventID = 0072, event Info = 0x00000134C14B9900
[GetVolumeInformation]
Dokan Information: SendAndPullEventInformation() with NTSTATUS 0x0, context 0xc14a82f0, and result object 0x00000134C35000A0 with size 64
###GetFileInfo file handle = 0x00000134C14A82F0, eventID = 0072, event Info = 0x00000134C14B9900
	result =  0
	FileAllInformation
	DispatchQueryInformation result =  0
Dokan Information: SendAndPullEventInformation() with NTSTATUS 0x0, context 0xc14a82f0, and result object 0x00000134C35000A0 with size 140
###Cleanup file handle = 0x00000134C14A82F0, eventID = 0072, event Info = 0x00000134C14B9900
Dokan Information: SendAndPullEventInformation() with NTSTATUS 0x0, context 0xc14a82f0, and result object 0x00000134C35000A0 with size 48
###Close file handle = 0x00000134C14A82F0, eventID = 0072, event Info = 0x00000134C14B9900
[C###Create file handle = 0x00000134C14A7C70, eventID = 0073, event Info = 0x00000134C14B9A50
lose] \
[ZwCreateFile] \ disp=1 opts=0x200020 attrs=0x80
Dokan Information: DokanEndDispatchCreate() status = 0, file handle = 0x00000134C14A7C70, eventID = 0073, result = 0x1
Dokan Information: SendAndPullEventInformation() with NTSTATUS 0x0, context 0xc14a7c70, and result object 0x00000134C35000A0 with size 48
###QueryVolumeInfo file handle = 0x00000134C14A7C70, eventID = 0073, event Info = 0x00000134C14B9A50
[GetVolumeInformation]
Dokan Information: SendAndPullEventInformation() with NTSTATUS 0x0, context 0xc14a7c70, and result object 0x00000134C35000A0 with size 64
###GetFileInfo file handle = 0x00000134C14A7C70, eventID = 0073, event Info = 0x00000134C14B9A50
	result =  0
	FileAllInformation
	DispatchQueryInformation result =  0
Dokan Information: SendAndPullEventInformation() with NTSTATUS 0x0, context 0xc14a7c70, and result object 0x00000134C35000A0 with size 140
###Cleanup file handle = 0x00000134C14A7C70, eventID = 0073, event Info = 0x00000134C14B9A50
Dokan Information: SendAndPullEventInformation() with NTSTATUS 0x0, context 0xc14a7c70, and result object 0x00000134C35000A0 with size 48
###Close file handle = 0x00000134C14A7C70, eventID = 0073, event Info = 0x00000134C14B9A50
[Close] ###Create file handle = 0x00000134C14A82F0, eventID = 0074, event Info = 0x00000134C14B9900
\
[ZwCreateFile] \ disp=1 opts=0x200020 attrs=0x80
Dokan Information: DokanEndDispatchCreate() status = 0, file handle = 0x00000134C14A82F0, eventID = 0074, result = 0x1
Dokan Information: SendAndPullEventInformation() with NTSTATUS 0x0, context 0xc14a82f0, and result object 0x00000134C35000A0 with size 48
###QueryVolumeInfo file handle = 0x00000134C14A82F0, eventID = 0074, event Info = 0x00000134C14B9900
[GetVolumeInformation]
Dokan Information: SendAndPullEventInformation() with NTSTATUS 0x0, context 0xc14a82f0, and result object 0x00000134C35000A0 with size 64
###GetFileInfo file handle = 0x00000134C14A82F0, eventID = 0074, event Info = 0x00000134C14B9900
	result =  0
	FileAllInformation
	DispatchQueryInformation result =  0
Dokan Information: SendAndPullEventInformation() with NTSTATUS 0x0, context 0xc14a82f0, and result object 0x00000134C35000A0 with size 140
###Cleanup file handle = 0x00000134C14A82F0, eventID = 0074, event Info = 0x00000134C14B9900
Dokan Information: SendAndPullEventInformation() with NTSTATUS 0x0, context 0xc14a82f0, and result object 0x00000134C35000A0 with size 48
###Close file handle = 0x00000134C14A82F0, eventID = 0074, event Info = 0x00000134C14B9900
[Close] \
###Create file handle = 0x00000134C14A7C70, eventID = 0075, event Info = 0x00000134C14B9A50
[ZwCreateFile] \ disp=1 opts=0x200020 attrs=0x80
Dokan Information: DokanEndDispatchCreate() status = 0, file handle = 0x00000134C14A7C70, eventID = 0075, result = 0x1
Dokan Information: SendAndPullEventInformation() with NTSTATUS 0x0, context 0xc14a7c70, and result object 0x00000134C35000A0 with size 48
###QueryVolumeInfo file handle = 0x00000134C14A7C70, eventID = 0075, event Info = 0x00000134C14B9A50
[GetVolumeInformation]
Dokan Information: SendAndPullEventInformation() with NTSTATUS 0x0, context 0xc14a7c70, and result object 0x00000134C35000A0 with size 64
###GetFileInfo file handle = 0x00000134C14A7C70, eventID = 0075, event Info = 0x00000134C14B9A50
	result =  0
	FileAllInformation
	DispatchQueryInformation result =  0
Dokan Information: SendAndPullEventInformation() with NTSTATUS 0x0, context 0xc14a7c70, and result object 0x00000134C35000A0 with size 140
###Cleanup file handle = 0x00000134C14A7C70, eventID = 0075, event Info = 0x00000134C14B9A50
Dokan Information: SendAndPullEventInformation() with NTSTATUS 0x0, context 0xc14a7c70, and result object 0x00000134C35000A0 with size 48
###Close file handle = 0x00000134C14A7C70, eventID = 0075, event Info = 0x00000134C14B9A50
[Close] \
###Create file handle = 0x00000134C14A7C70, eventID = 0076, event Info = 0x00000134C14B9900
[ZwCreateFile] \ disp=1 opts=0x200020 attrs=0x80
Dokan Information: DokanEndDispatchCreate() status = 0, file handle = 0x00000134C14A7C70, eventID = 0076, result = 0x1
Dokan Information: SendAndPullEventInformation() with NTSTATUS 0x0, context 0xc14a7c70, and result object 0x00000134C35000A0 with size 48
###QueryVolumeInfo file handle = 0x00000134C14A7C70, eventID = 0076, event Info = 0x00000134C14B9900
[GetVolumeInformation]
Dokan Information: SendAndPullEventInformation() with NTSTATUS 0x0, context 0xc14a7c70, and result object 0x00000134C35000A0 with size 64
###GetFileInfo file handle = 0x00000134C14A7C70, eventID = 0076, event Info = 0x00000134C14B9900
	result =  0
	FileAllInformation
	DispatchQueryInformation result =  0
Dokan Information: SendAndPullEventInformation() with NTSTATUS 0x0, context 0xc14a7c70, and result object 0x00000134C35000A0 with size 140
###Cleanup file handle = 0x00000134C14A7C70, eventID = 0076, event Info = 0x00000134C14B9900
Dokan Information: SendAndPullEventInformation() with NTSTATUS 0x0, context 0xc14a7c70, and result object 0x00000134C35000A0 with size 48
###Close file handle = 0x00000134C14A7C70, eventID = 0076, event Info = 0x00000134C14B9900
[Close] \
###Create file handle = 0x00000134C14A82F0, eventID = 0077, event Info = 0x00000134C14B9A50
[ZwCreateFile] \ disp=1 opts=0x200020 attrs=0x80
Dokan Information: DokanEndDispatchCreate() status = 0, file handle = 0x00000134C14A82F0, eventID = 0077, result = 0x1
Dokan Information: SendAndPullEventInformation() with NTSTATUS 0x0, context 0xc14a82f0, and result object 0x00000134C35000A0 with size 48
###QueryVolumeInfo file handle = 0x00000134C14A82F0, eventID = 0077, event Info = 0x00000134C14B9A50
[GetVolumeInformation]
Dokan Information: SendAndPullEventInformation() with NTSTATUS 0x0, context 0xc14a82f0, and result object 0x00000134C35000A0 with size 64
###GetFileInfo file handle = 0x00000134C14A82F0, eventID = 0077, event Info = 0x00000134C14B9A50
	result =  0
	FileAllInformation
	DispatchQueryInformation result =  0
Dokan Information: SendAndPullEventInformation() with NTSTATUS 0x0, context 0xc14a82f0, and result object 0x00000134C35000A0 with size 140
###Cleanup file handle = 0x00000134C14A82F0, eventID = 0077, event Info = 0x00000134C14B9A50
Dokan Information: SendAndPullEventInformation() with NTSTATUS 0x0, context 0xc14a82f0, and result object 0x00000134C35000A0 with size 48
###Close file handle = 0x00000134C14A82F0, eventID = 0077, event Info = 0x00000134C14B9A50
[Close] \
###Create file handle = 0x00000134C14A7C70, eventID = 0078, event Info = 0x00000134C14B9900
[ZwCreateFile] \ disp=1 opts=0x200020 attrs=0x80
Dokan Information: DokanEndDispatchCreate() status = 0, file handle = 0x00000134C14A7C70, eventID = 0078, result = 0x1
Dokan Information: SendAndPullEventInformation() with NTSTATUS 0x0, context 0xc14a7c70, and result object 0x00000134C35000A0 with size 48
###QueryVolumeInfo file handle = 0x00000134C14A7C70, eventID = 0078, event Info = 0x00000134C14B9900
[GetVolumeInformation]
Dokan Information: SendAndPullEventInformation() with NTSTATUS 0x0, context 0xc14a7c70, and result object 0x00000134C35000A0 with size 64
###GetFileInfo file handle = 0x00000134C14A7C70, eventID = 0078, event Info = 0x00000134C14B9900
	result =  0
	FileAllInformation
	DispatchQueryInformation result =  0
Dokan Information: SendAndPullEventInformation() with NTSTATUS 0x0, context 0xc14a7c70, and result object 0x00000134C35000A0 with size 140
###Cleanup file handle = 0x00000134C14A7C70, eventID = 0078, event Info = 0x00000134C14B9900
Dokan Information: SendAndPullEventInformation() with NTSTATUS 0x0, context 0xc14a7c70, and result object 0x00000134C35000A0 with size 48
###Close file handle = 0x00000134C14A7C70, eventID = 0078, event Info = 0x00000134C14B9900
[Close] \
###Create file handle = 0x00000134C14A82F0, eventID = 0079, event Info = 0x00000134C14B9A50
[ZwCreateFile] \ disp=1 opts=0x200020 attrs=0x80
Dokan Information: DokanEndDispatchCreate() status = 0, file handle = 0x00000134C14A82F0, eventID = 0079, result = 0x1
Dokan Information: SendAndPullEventInformation() with NTSTATUS 0x0, context 0xc14a82f0, and result object 0x00000134C35000A0 with size 48
###QueryVolumeInfo file handle = 0x00000134C14A82F0, eventID = 0079, event Info = 0x00000134C14B9A50
[GetVolumeInformation]
Dokan Information: SendAndPullEventInformation() with NTSTATUS 0x0, context 0xc14a82f0, and result object 0x00000134C35000A0 with size 64
###GetFileInfo file handle = 0x00000134C14A82F0, eventID = 0079, event Info = 0x00000134C14B9A50
	result =  0
	FileAllInformation
	DispatchQueryInformation result =  0
Dokan Information: SendAndPullEventInformation() with NTSTATUS 0x0, context 0xc14a82f0, and result object 0x00000134C35000A0 with size 140
###Cleanup file handle = 0x00000134C14A82F0, eventID = 0079, event Info = 0x00000134C14B9A50
Dokan Information: SendAndPullEventInformation() with NTSTATUS 0x0, context 0xc14a82f0, and result object 0x00000134C35000A0 with size 48
###Close file handle = 0x00000134C14A82F0, eventID = 0079, event Info = 0x00000134C14B9A50
[Close] \
###Create file handle = 0x00000134C14A7C70, eventID = 0080, event Info = 0x00000134C14B9900
[ZwCreateFile] \ disp=1 opts=0x200020 attrs=0x80
Dokan Information: DokanEndDispatchCreate() status = 0, file handle = 0x00000134C14A7C70, eventID = 0080, result = 0x1
Dokan Information: SendAndPullEventInformation() with NTSTATUS 0x0, context 0xc14a7c70, and result object 0x00000134C35000A0 with size 48
###QueryVolumeInfo file handle = 0x00000134C14A7C70, eventID = 0080, event Info = 0x00000134C14B9900
[GetVolumeInformation]
Dokan Information: SendAndPullEventInformation() with NTSTATUS 0x0, context 0xc14a7c70, and result object 0x00000134C35000A0 with size 64
###GetFileInfo file handle = 0x00000134C14A7C70, eventID = 0080, event Info = 0x00000134C14B9900
	result =  0
	FileAllInformation
	DispatchQueryInformation result =  0
Dokan Information: SendAndPullEventInformation() with NTSTATUS 0x0, context 0xc14a7c70, and result object 0x00000134C35000A0 with size 140
###Cleanup file handle = 0x00000134C14A7C70, eventID = 0080, event Info = 0x00000134C14B9900
Dokan Information: SendAndPullEventInformation() with NTSTATUS 0x0, context 0xc14a7c70, and result object 0x00000134C35000A0 with size 48
###Close file handle = 0x00000134C14A7C70, eventID = 0080, event Info = 0x00000134C14B9900
[Close] ###Create file handle = 0x00000134C14A82F0, eventID = 0081, event Info = 0x00000134C14B9A50
\
[ZwCreateFile] \ disp=1 opts=0x200020 attrs=0x80
Dokan Information: DokanEndDispatchCreate() status = 0, file handle = 0x00000134C14A82F0, eventID = 0081, result = 0x1
Dokan Information: SendAndPullEventInformation() with NTSTATUS 0x0, context 0xc14a82f0, and result object 0x00000134C35000A0 with size 48
###QueryVolumeInfo file handle = 0x00000134C14A82F0, eventID = 0081, event Info = 0x00000134C14B9A50
[GetVolumeInformation]
Dokan Information: SendAndPullEventInformation() with NTSTATUS 0x0, context 0xc14a82f0, and result object 0x00000134C35000A0 with size 64
###GetFileInfo file handle = 0x00000134C14A82F0, eventID = 0081, event Info = 0x00000134C14B9A50
	result =  0
	FileAllInformation
	DispatchQueryInformation result =  0
Dokan Information: SendAndPullEventInformation() with NTSTATUS 0x0, context 0xc14a82f0, and result object 0x00000134C35000A0 with size 140
###Cleanup file handle = 0x00000134C14A82F0, eventID = 0081, event Info = 0x00000134C14B9A50
Dokan Information: SendAndPullEventInformation() with NTSTATUS 0x0, context 0xc14a82f0, and result object 0x00000134C35000A0 with size 48
###Close file handle = 0x00000134C14A82F0, eventID = 0081, event Info = 0x00000134C14B9A50
[Close] \
###Create file handle = 0x00000134C14A82F0, eventID = 0082, event Info = 0x00000134C14B9A50
[ZwCreateFile] \ disp=1 opts=0x4021 attrs=0x0
Dokan Information: DokanEndDispatchCreate() status = 0, file handle = 0x00000134C14A82F0, eventID = 0082, result = 0x1
Dokan Information: SendAndPullEventInformation() with NTSTATUS 0x0, context 0xc14a82f0, and result object 0x00000134C35000A0 with size 48
###GetFileInfo file handle = 0x00000134C14A82F0, eventID = 0082, event Info = 0x00000134C14B9A50
	result =  0
	FileStandardInformation
	DispatchQueryInformation result =  0
Dokan Information: SendAndPullEventInformation() with NTSTATUS 0x0, context 0xc14a82f0, and result object 0x00000134C35000A0 with size 64
###QueryVolumeInfo file handle = 0x00000134C14A82F0, eventID = 0082, event Info = 0x00000134C14B9A50
[GetVolumeInformation]
Dokan Information: SendAndPullEventInformation() with NTSTATUS 0x0, context 0xc14a82f0, and result object 0x00000134C35000A0 with size 74
###QueryVolumeInfo file handle = 0x00000134C14A82F0, eventID = 0082, event Info = 0x00000134C14B9A50
[GetVolumeInformation]
Dokan Information: SendAndPullEventInformation() with NTSTATUS 0x0, context 0xc14a82f0, and result object 0x00000134C35000A0 with size 68
###Cleanup file handle = 0x00000134C14A82F0, eventID = 0082, event Info = 0x00000134C14B9A50
Dokan Information: SendAndPullEventInformation() with NTSTATUS 0x0, context 0xc14a82f0, and result object 0x00000134C35000A0 with size 48
###Close file handle = 0x00000134C14A82F0, eventID = 0082, event Info = 0x00000134C14B9A50
[Close] \
###Create file handle = 0x00000134C14A7C70, eventID = 0083, event Info = 0x00000134C14B9900
[ZwCreateFile] \ disp=1 opts=0x204000 attrs=0x0
Dokan Information: DokanEndDispatchCreate() status = 0, file handle = 0x00000134C14A7C70, eventID = 0083, result = 0x1
Dokan Information: SendAndPullEventInformation() with NTSTATUS 0x0, context 0xc14a7c70, and result object 0x00000134C35000A0 with size 48
###GetFileInfo file handle = 0x00000134C14A7C70, eventID = 0083, event Info = 0x00000134C14B9900
	result =  0
	FileNetworkOpenInformation
	DispatchQueryInformation result =  0
Dokan Information: SendAndPullEventInformation() with NTSTATUS 0x0, context 0xc14a7c70, and result object 0x00000134C35000A0 with size 96
###Cleanup file handle = 0x00000134C14A7C70, eventID = 0083, event Info = 0x00000134C14B9900
Dokan Information: SendAndPullEventInformation() with NTSTATUS 0x0, context 0xc14a7c70, and result object 0x00000134C35000A0 with size 48
###Close file handle = 0x00000134C14A7C70, eventID = 0083, event Info = 0x00000134C14B9900
[Close] \
###Create file handle = 0x00000134C14A7C70, eventID = 0084, event Info = 0x00000134C14B9A50
[ZwCreateFile] \ disp=1 opts=0x204000 attrs=0x0
Dokan Information: DokanEndDispatchCreate() status = 0, file handle = 0x00000134C14A7C70, eventID = 0084, result = 0x1
Dokan Information: SendAndPullEventInformation() with NTSTATUS 0x0, context 0xc14a7c70, and result object 0x00000134C35000A0 with size 48
###GetFileInfo file handle = 0x00000134C14A7C70, eventID = 0084, event Info = 0x00000134C14B9A50
	result =  0
	FileBasicInformation
	DispatchQueryInformation result =  0
Dokan Information: SendAndPullEventInformation() with NTSTATUS 0x0, context 0xc14a7c70, and result object 0x00000134C35000A0 with size 80
###Cleanup file handle = 0x00000134C14A7C70, eventID = 0084, event Info = 0x00000134C14B9A50
Dokan Information: SendAndPullEventInformation() with NTSTATUS 0x0, context 0xc14a7c70, and result object 0x00000134C35000A0 with size 48
###Close file handle = 0x00000134C14A7C70, eventID = 0084, event Info = 0x00000134C14B9A50
[Close] \
###Create file handle = 0x00000134C14A7C70, eventID = 0085, event Info = 0x00000134C14B9A50
[ZwCreateFile] \proj disp=1 opts=0x204000 attrs=0x0
Dokan Information: DokanEndDispatchCreate() status = c0000034, file handle = 0x0000000000000000, eventID = -001, result = 0x5
Dokan Information: SendAndPullEventInformation() with NTSTATUS 0xc0000034, context 0x0, and result object 0x00000134C35000A0 with size 48
###Create file handle = 0x00000134C14A7C70, eventID = 0086, event Info = 0x00000134C14B9A50
[ZwCreateFile] \proj disp=1 opts=0x204000 attrs=0x0
Dokan Information: DokanEndDispatchCreate() status = c0000034, file handle = 0x0000000000000000, eventID = -001, result = 0x5
Dokan Information: SendAndPullEventInformation() with NTSTATUS 0xc0000034, context 0x0, and result object 0x00000134C35000A0 with size 48
###Create file handle = 0x00000134C14A7C70, eventID = 0087, event Info = 0x00000134C14B9A50
[ZwCreateFile] \proj disp=1 opts=0x204000 attrs=0x0
Dokan Information: DokanEndDispatchCreate() status = c0000034, file handle = 0x0000000000000000, eventID = -001, result = 0x5
Dokan Information: SendAndPullEventInformation() with NTSTATUS 0xc0000034, context 0x0, and result object 0x00000134C35000A0 with size 48
###Create file handle = 0x00000134C14A7C70, eventID = 0088, event Info = 0x00000134C14B9A50
[ZwCreateFile] \ disp=1 opts=0x4021 attrs=0x80
Dokan Information: DokanEndDispatchCreate() status = 0, file handle = 0x00000134C14A7C70, eventID = 0088, result = 0x1
Dokan Information: SendAndPullEventInformation() with NTSTATUS 0x0, context 0xc14a7c70, and result object 0x00000134C35000A0 with size 48
###FindFiles file handle = 0x00000134C14A7C70, eventID = 0088, event Info = 0x00000134C14B9A50
WriteDirectoryResults() New directory index is -1.
  STATUS_NO_SUCH_FILE
Dokan Information: SendAndPullEventInformation() with NTSTATUS 0xc000000f, context 0xc14a7c70, and result object 0x00000134C35000A0 with size 48
###Cleanup file handle = 0x00000134C14A7C70, eventID = 0088, event Info = 0x00000134C14B9A50
Dokan Information: SendAndPullEventInformation() with NTSTATUS 0x0, context 0xc14a7c70, and result object 0x00000134C35000A0 with size 48
###Close file handle = 0x00000134C14A7C70, eventID = 0088, event Info = 0x00000134C14B9A50
[Close] \
###Create file handle = 0x00000134C14A82F0, eventID = 0089, event Info = 0x00000134C14B9900
[ZwCreateFile] \proj disp=2 opts=0x204021 attrs=0x80
Dokan Information: DokanEndDispatchCreate() status = 0, file handle = 0x00000134C14A82F0, eventID = 0089, result = 0x2
Dokan Information: SendAndPullEventInformation() with NTSTATUS 0x0, context 0xc14a82f0, and result object 0x00000134C35000A0 with size 48
###GetFileInfo file handle = 0x00000134C14A82F0, eventID = 0089, event Info = 0x00000134C14B9900
	result =  0
	FileStandardInformation
	DispatchQueryInformation result =  0
Dokan Information: SendAndPullEventInformation() with NTSTATUS 0x0, context 0xc14a82f0, and result object 0x00000134C35000A0 with size 64
###GetFileInfo file handle = 0x00000134C14A82F0, eventID = 0089, event Info = 0x00000134C14B9900
	result =  0
	FileBasicInformation
	DispatchQueryInformation result =  0
Dokan Information: SendAndPullEventInformation() with NTSTATUS 0x0, context 0xc14a82f0, and result object 0x00000134C35000A0 with size 80
###Cleanup file handle = 0x00000134C14A82F0, eventID = 0089, event Info = 0x00000134C14B9900
Dokan Information: SendAndPullEventInformation() with NTSTATUS 0x0, context 0xc14a82f0, and result object 0x00000134C35000A0 with size 48
###Close file handle = 0x00000134C14A82F0, eventID = 0089, event Info = 0x00000134C14B9900
[Close] \proj
###Create file handle = 0x00000134C14A7C70, eventID = 0090, event Info = 0x00000134C14B9A50
[ZwCreateFile] \proj\src disp=1 opts=0x204000 attrs=0x0
Dokan Information: DokanEndDispatchCreate() status = c0000034, file handle = 0x0000000000000000, eventID = -001, result = 0x5
Dokan Information: SendAndPullEventInformation() with NTSTATUS 0xc0000034, context 0x0, and result object 0x00000134C35000A0 with size 48
###Create file handle = 0x00000134C14A7C70, eventID = 0091, event Info = 0x00000134C14B9A50
[ZwCreateFile] \proj\src disp=1 opts=0x204000 attrs=0x0
Dokan Information: DokanEndDispatchCreate() status = c0000034, file handle = 0x0000000000000000, eventID = -001, result = 0x5
Dokan Information: SendAndPullEventInformation() with NTSTATUS 0xc0000034, context 0x0, and result object 0x00000134C35000A0 with size 48
###Create file handle = 0x00000134C14A7C70, eventID = 0092, event Info = 0x00000134C14B9A50
[ZwCreateFile] \proj disp=1 opts=0x204000 attrs=0x0
Dokan Information: DokanEndDispatchCreate() status = 0, file handle = 0x00000134C14A7C70, eventID = 0092, result = 0x1
Dokan Information: SendAndPullEventInformation() with NTSTATUS 0x0, context 0xc14a7c70, and result object 0x00000134C35000A0 with size 48
###GetFileInfo file handle = 0x00000134C14A7C70, eventID = 0092, event Info = 0x00000134C14B9A50
	result =  0
	FileNetworkOpenInformation
	DispatchQueryInformation result =  0
Dokan Information: SendAndPullEventInformation() with NTSTATUS 0x0, context 0xc14a7c70, and result object 0x00000134C35000A0 with size 96
###Cleanup file handle = 0x00000134C14A7C70, eventID = 0092, event Info = 0x00000134C14B9A50
Dokan Information: SendAndPullEventInformation() with NTSTATUS 0x0, context 0xc14a7c70, and result object 0x00000134C35000A0 with size 48
###Close file handle = 0x00000134C14A7C70, eventID = 0092, event Info = 0x00000134C14B9A50
[Close] \proj
###Create file handle = 0x00000134C14A82F0, eventID = 0093, event Info = 0x00000134C14B9900
[ZwCreateFile] \proj disp=1 opts=0x4021 attrs=0x80
Dokan Information: DokanEndDispatchCreate() status = 0, file handle = 0x00000134C14A82F0, eventID = 0093, result = 0x1
Dokan Information: SendAndPullEventInformation() with NTSTATUS 0x0, context 0xc14a82f0, and result object 0x00000134C35000A0 with size 48
###FindFiles file handle = 0x00000134C14A82F0, eventID = 0093, event Info = 0x00000134C14B9900
WriteDirectoryResults() New directory index is -1.
  STATUS_NO_SUCH_FILE
Dokan Information: SendAndPullEventInformation() with NTSTATUS 0xc000000f, context 0xc14a82f0, and result object 0x00000134C35000A0 with size 48
###Cleanup file handle = 0x00000134C14A82F0, eventID = 0093, event Info = 0x00000134C14B9900
Dokan Information: SendAndPullEventInformation() with NTSTATUS 0x0, context 0xc14a82f0, and result object 0x00000134C35000A0 with size 48
###Close file handle = 0x00000134C14A82F0, eventID = 0093, event Info = 0x00000134C14B9900
[Close] \proj
###Create file handle = 0x00000134C14A7C70, eventID = 0094, event Info = 0x00000134C14B9A50
[ZwCreateFile] \proj\src disp=2 opts=0x204021 attrs=0x80
Dokan Information: DokanEndDispatchCreate() status = 0, file handle = 0x00000134C14A7C70, eventID = 0094, result = 0x2
Dokan Information: SendAndPullEventInformation() with NTSTATUS 0x0, context 0xc14a7c70, and result object 0x00000134C35000A0 with size 48
###GetFileInfo file handle = 0x00000134C14A7C70, eventID = 0094, event Info = 0x00000134C14B9A50
	result =  0
	FileStandardInformation
	DispatchQueryInformation result =  0
Dokan Information: SendAndPullEventInformation() with NTSTATUS 0x0, context 0xc14a7c70, and result object 0x00000134C35000A0 with size 64
###GetFileInfo file handle = 0x00000134C14A7C70, eventID = 0094, event Info = 0x00000134C14B9A50
	result =  0
	FileBasicInformation
	DispatchQueryInformation result =  0
Dokan Information: SendAndPullEventInformation() with NTSTATUS 0x0, context 0xc14a7c70, and result object 0x00000134C35000A0 with size 80
###Cleanup file handle = 0x00000134C14A7C70, eventID = 0094, event Info = 0x00000134C14B9A50
Dokan Information: SendAndPullEventInformation() with NTSTATUS 0x0, context 0xc14a7c70, and result object 0x00000134C35000A0 with size 48
###Close file handle = 0x00000134C14A7C70, eventID = 0094, event Info = 0x00000134C14B9A50
[Close] \proj\src
###Create file handle = 0x00000134C14A7C70, eventID = 0095, event Info = 0x00000134C14B9900
[ZwCreateFile] \proj disp=1 opts=0x204000 attrs=0x0
Dokan Information: DokanEndDispatchCreate() status = 0, file handle = 0x00000134C14A7C70, eventID = 0095, result = 0x1
Dokan Information: SendAndPullEventInformation() with NTSTATUS 0x0, context 0xc14a7c70, and result object 0x00000134C35000A0 with size 48
###GetFileInfo file handle = 0x00000134C14A7C70, eventID = 0095, event Info = 0x00000134C14B9900
	result =  0
	FileBasicInformation
	DispatchQueryInformation result =  0
Dokan Information: SendAndPullEventInformation() with NTSTATUS 0x0, context 0xc14a7c70, and result object 0x00000134C35000A0 with size 80
###Cleanup file handle = 0x00000134C14A7C70, eventID = 0095, event Info = 0x00000134C14B9900
Dokan Information: SendAndPullEventInformation() with NTSTATUS 0x0, context 0xc14a7c70, and result object 0x00000134C35000A0 with size 48
###Close file handle = 0x00000134C14A7C70, eventID = 0095, event Info = 0x00000134C14B9900
[Close] \proj
###Create file handle = 0x00000134C14A7C70, eventID = 0096, event Info = 0x00000134C14B9A50
[ZwCreateFile] \proj\doc disp=1 opts=0x204000 attrs=0x0
Dokan Information: DokanEndDispatchCreate() status = c0000034, file handle = 0x0000000000000000, eventID = -001, result = 0x5
Dokan Information: SendAndPullEventInformation() with NTSTATUS 0xc0000034, context 0x0, and result object 0x00000134C35000A0 with size 48
###Create file handle = 0x00000134C14A7C70, eventID = 0097, event Info = 0x00000134C14B9A50
[ZwCreateFile] \proj\doc disp=1 opts=0x204000 attrs=0x0
Dokan Information: DokanEndDispatchCreate() status = c0000034, file handle = 0x0000000000000000, eventID = -001, result = 0x5
Dokan Information: SendAndPullEventInformation() with NTSTATUS 0xc0000034, context 0x0, and result object 0x00000134C35000A0 with size 48
###Create file handle = 0x00000134C14A7C70, eventID = 0098, event Info = 0x00000134C14B9A50
[ZwCreateFile] \proj disp=1 opts=0x204000 attrs=0x0
Dokan Information: DokanEndDispatchCreate() status = 0, file handle = 0x00000134C14A7C70, eventID = 0098, result = 0x1
Dokan Information: SendAndPullEventInformation() with NTSTATUS 0x0, context 0xc14a7c70, and result object 0x00000134C35000A0 with size 48
###GetFileInfo file handle = 0x00000134C14A7C70, eventID = 0098, event Info = 0x00000134C14B9A50
	result =  0
	FileNetworkOpenInformation
	DispatchQueryInformation result =  0
Dokan Information: SendAndPullEventInformation() with NTSTATUS 0x0, context 0xc14a7c70, and result object 0x00000134C35000A0 with size 96
###Cleanup file handle = 0x00000134C14A7C70, eventID = 0098, event Info = 0x00000134C14B9A50
Dokan Information: SendAndPullEventInformation() with NTSTATUS 0x0, context 0xc14a7c70, and result object 0x00000134C35000A0 with size 48
###Close file handle = 0x00000134C14A7C70, eventID = 0098, event Info = 0x00000134C14B9A50
[Close] \proj
###Create file handle = 0x00000134C14A82F0, eventID = 0099, event Info = 0x00000134C14B9900
[ZwCreateFile] \proj disp=1 opts=0x4021 attrs=0x80
Dokan Information: DokanEndDispatchCreate() status = 0, file handle = 0x00000134C14A82F0, eventID = 0099, result = 0x1
Dokan Information: SendAndPullEventInformation() with NTSTATUS 0x0, context 0xc14a82f0, and result object 0x00000134C35000A0 with size 48
###FindFiles file handle = 0x00000134C14A82F0, eventID = 0099, event Info = 0x00000134C14B9900
FileMatch? : src (doc,0,0)
WriteDirectoryResults() New directory index is -1.
  STATUS_NO_SUCH_FILE
Dokan Information: SendAndPullEventInformation() with NTSTATUS 0xc000000f, context 0xc14a82f0, and result object 0x00000134C35000A0 with size 48
###Cleanup file handle = 0x00000134C14A82F0, eventID = 0099, event Info = 0x00000134C14B9900
Dokan Information: SendAndPullEventInformation() with NTSTATUS 0x0, context 0xc14a82f0, and result object 0x00000134C35000A0 with size 48
###Close file handle = 0x00000134C14A82F0, eventID = 0099, event Info = 0x00000134C14B9900
[Close] \proj
###Create file handle = 0x00000134C14A7C70, eventID = 0100, event Info = 0x00000134C14B9A50
[ZwCreateFile] \proj\doc disp=2 opts=0x204021 attrs=0x80
Dokan Information: DokanEndDispatchCreate() status = 0, file handle = 0x00000134C14A7C70, eventID = 0100, result = 0x2
Dokan Information: SendAndPullEventInformation() with NTSTATUS 0x0, context 0xc14a7c70, and result object 0x00000134C35000A0 with size 48
###GetFileInfo file handle = 0x00000134C14A7C70, eventID = 0100, event Info = 0x00000134C14B9A50
	result =  0
	FileStandardInformation
	DispatchQueryInformation result =  0
Dokan Information: SendAndPullEventInformation() with NTSTATUS 0x0, context 0xc14a7c70, and result object 0x00000134C35000A0 with size 64
###GetFileInfo file handle = 0x00000134C14A7C70, eventID = 0100, event Info = 0x00000134C14B9A50
	result =  0
	FileBasicInformation
	DispatchQueryInformation result =  0
Dokan Information: SendAndPullEventInformation() with NTSTATUS 0x0, context 0xc14a7c70, and result object 0x00000134C35000A0 with size 80
###Cleanup file handle = 0x00000134C14A7C70, eventID = 0100, event Info = 0x00000134C14B9A50
Dokan Information: SendAndPullEventInformation() with NTSTATUS 0x0, context 0xc14a7c70, and result object 0x00000134C35000A0 with size 48
###Close file handle = 0x00000134C14A7C70, eventID = 0100, event Info = 0x00000134C14B9A50
[Close] \proj\doc
###Create file handle = 0x00000134C14A7C70, eventID = 0101, event Info = 0x00000134C14B9900
[ZwCreateFile] \proj\src disp=1 opts=0x4021 attrs=0x80
Dokan Information: DokanEndDispatchCreate() status = 0, file handle = 0x00000134C14A7C70, eventID = 0101, result = 0x1
Dokan Information: SendAndPullEventInformation() with NTSTATUS 0x0, context 0xc14a7c70, and result object 0x00000134C35000A0 with size 48
###FindFiles file handle = 0x00000134C14A7C70, eventID = 0101, event Info = 0x00000134C14B9900
WriteDirectoryResults() New directory index is -1.
  STATUS_NO_SUCH_FILE
Dokan Information: SendAndPullEventInformation() with NTSTATUS 0xc000000f, context 0xc14a7c70, and result object 0x00000134C35000A0 with size 48
###Cleanup file handle = 0x00000134C14A7C70, eventID = 0101, event Info = 0x00000134C14B9900
Dokan Information: SendAndPullEventInformation() with NTSTATUS 0x0, context 0xc14a7c70, and result object 0x00000134C35000A0 with size 48
###Close file handle = 0x00000134C14A7C70, eventID = 0101, event Info = 0x00000134C14B9900
[Close] \proj\src
###Create file handle = 0x00000134C14A82F0, eventID = 0102, event Info = 0x00000134C14B9A50
[ZwCreateFile] \proj\src\main.c disp=5 opts=0x400060 attrs=0x0
Dokan Information: DokanEndDispatchCreate() status = 0, file handle = 0x00000134C14A82F0, eventID = 0102, result = 0x2
Dokan Information: SendAndPullEventInformation() with NTSTATUS 0x0, context 0xc14a82f0, and result object 0x00000134C35000A0 with size 48
###GetFileInfo file handle = 0x00000134C14A82F0, eventID = 0102, event Info = 0x00000134C14B9A50
	result =  c0000034
	DispatchQueryInformation result =  c0000034
Dokan Information: SendAndPullEventInformation() with NTSTATUS 0xc000000d, context 0xc14a82f0, and result object 0x00000134C35000A0 with size 48
###GetFileInfo file handle = 0x00000134C14A82F0, eventID = 0102, event Info = 0x00000134C14B9A50
	result =  c0000034
	DispatchQueryInformation result =  c0000034
Dokan Information: SendAndPullEventInformation() with NTSTATUS 0xc000000d, context 0xc14a82f0, and result object 0x00000134C35000A0 with size 48
###GetFileInfo file handle = 0x00000134C14A82F0, eventID = 0102, event Info = 0x00000134C14B9A50
	result =  c0000034
	DispatchQueryInformation result =  c0000034
Dokan Information: SendAndPullEventInformation() with NTSTATUS 0xc000000d, context 0xc14a82f0, and result object 0x00000134C35000A0 with size 48
###GetFileInfo file handle = 0x00000134C14A82F0, eventID = 0102, event Info = 0x00000134C14B9A50
	result =  c0000034
	DispatchQueryInformation result =  c0000034
Dokan Information: SendAndPullEventInformation() with NTSTATUS 0xc000000d, context 0xc14a82f0, and result object 0x00000134C35000A0 with size 48
###GetFileInfo file handle = 0x00000134C14A82F0, eventID = 0102, event Info = 0x00000134C14B9970
###WriteFile file handle = 0x00000134C14A82F0, eventID = 0102, event Info = 0x00000134C14B9A50
[Write] off=0 len=25
	result =  c0000034
	DispatchQueryInformation result =  c0000034
Dokan Information: SendAndPullEventInformation() with NTSTATUS 0x0, context 0xc14a82f0, and result object 0x00000134C35000A0 with size 48
Dokan Information: SendAndPullEventInformation() with NTSTATUS 0xc000000d, context 0xc14a82f0, and result object 0x00000134C156A6B0 with size 48
###Cleanup file handle = 0x00000134C14A82F0, eventID = 0102, event Info = 0x00000134C14B9A50
Dokan Information: SendAndPullEventInformation() with NTSTATUS 0x0, context 0xc14a82f0, and result object 0x00000134C35000A0 with size 48
###Close file handle = 0x00000134C14A82F0, eventID = 0102, event Info = 0x00000134C14B9A50
[Close] ###Create file handle = 0x00000134C14A7C70, eventID = 0103, event Info = 0x00000134C14B9970
\proj\src\main.c
[ZwCreateFile] \proj\doc disp=1 opts=0x4021 attrs=0x80
Dokan Information: DokanEndDispatchCreate() status = 0, file handle = 0x00000134C14A7C70, eventID = 0103, result = 0x1
Dokan Information: SendAndPullEventInformation() with NTSTATUS 0x0, context 0xc14a7c70, and result object 0x00000134C156A6B0 with size 48
###FindFiles file handle = 0x00000134C14A7C70, eventID = 0103, event Info = 0x00000134C14B9970
WriteDirectoryResults() New directory index is -1.
  STATUS_NO_SUCH_FILE
Dokan Information: SendAndPullEventInformation() with NTSTATUS 0xc000000f, context 0xc14a7c70, and result object 0x00000134C156A6B0 with size 48
###Cleanup file handle = 0x00000134C14A7C70, eventID = 0103, event Info = 0x00000134C14B9970
Dokan Information: SendAndPullEventInformation() with NTSTATUS 0x0, context 0xc14a7c70, and result object 0x00000134C156A6B0 with size 48
###Close file handle = 0x00000134C14A7C70, eventID = 0103, event Info = 0x00000134C14B9970
[Close] \proj\doc
###Create file handle = 0x00000134C14A82F0, eventID = 0104, event Info = 0x00000134C14B9A50
[ZwCreateFile] \proj\doc\readme.md disp=5 opts=0x400060 attrs=0x0
Dokan Information: DokanEndDispatchCreate() status = 0, file handle = 0x00000134C14A82F0, eventID = 0104, result = 0x2
Dokan Information: SendAndPullEventInformation() with NTSTATUS 0x0, context 0xc14a82f0, and result object 0x00000134C156A6B0 with size 48
###GetFileInfo file handle = 0x00000134C14A82F0, eventID = 0104, event Info = 0x00000134C14B9A50
	result =  c0000034
	DispatchQueryInformation result =  c0000034
Dokan Information: SendAndPullEventInformation() with NTSTATUS 0xc000000d, context 0xc14a82f0, and result object 0x00000134C156A6B0 with size 48
###GetFileInfo file handle = 0x00000134C14A82F0, eventID = 0104, event Info = 0x00000134C14B9A50
	result =  c0000034
	DispatchQueryInformation result =  c0000034
Dokan Information: SendAndPullEventInformation() with NTSTATUS 0xc000000d, context 0xc14a82f0, and result object 0x00000134C156A6B0 with size 48
###GetFileInfo file handle = 0x00000134C14A82F0, eventID = 0104, event Info = 0x00000134C14B9A50
	result =  c0000034
	DispatchQueryInformation result =  c0000034
Dokan Information: SendAndPullEventInformation() with NTSTATUS 0xc000000d, context 0xc14a82f0, and result object 0x00000134C156A6B0 with size 48
###GetFileInfo file handle = 0x00000134C14A82F0, eventID = 0104, event Info = 0x00000134C14B9A50
	result =  c0000034
	DispatchQueryInformation result =  c0000034
Dokan Information: SendAndPullEventInformation() with NTSTATUS 0xc000000d, context 0xc14a82f0, and result object 0x00000134C156A6B0 with size 48
###GetFileInfo file handle = 0x00000134C14A82F0, eventID = 0104, event Info = 0x00000134C14B9A50
###WriteFile file handle = 0x00000134C14A82F0, eventID = 0104, event Info = 0x00000134C14B9970
[Write] off=0 len=4
	result =  c0000034
	DispatchQueryInformation result =  c0000034
Dokan Information: SendAndPullEventInformation() with NTSTATUS 0x0, context 0xc14a82f0, and result object 0x00000134C156A6B0 with size 48
Dokan Information: SendAndPullEventInformation() with NTSTATUS 0xc000000d, context 0xc14a82f0, and result object 0x00000134C35000A0 with size 48
###Cleanup file handle = 0x00000134C14A82F0, eventID = 0104, event Info = 0x00000134C14B9970
Dokan Information: SendAndPullEventInformation() with NTSTATUS 0x0, context 0xc14a82f0, and result object 0x00000134C156A6B0 with size 48
###Close file handle = 0x00000134C14A82F0, eventID = 0104, event Info = 0x00000134C14B9970
[Close] \proj\doc\readme.md
###Create file handle = 0x00000134C14A82F0, eventID = 0105, event Info = 0x00000134C14B9970
[ZwCreateFile] \ disp=1 opts=0x4021 attrs=0x0
Dokan Information: DokanEndDispatchCreate() status = 0, file handle = 0x00000134C14A82F0, eventID = 0105, result = 0x1
Dokan Information: SendAndPullEventInformation() with NTSTATUS 0x0, context 0xc14a82f0, and result object 0x00000134C156A6B0 with size 48
###QueryVolumeInfo file handle = 0x00000134C14A82F0, eventID = 0105, event Info = 0x00000134C14B9970
[GetVolumeInformation]
Dokan Information: SendAndPullEventInformation() with NTSTATUS 0x0, context 0xc14a82f0, and result object 0x00000134C156A6B0 with size 74
###QueryVolumeInfo file handle = 0x00000134C14A82F0, eventID = 0105, event Info = 0x00000134C14B9970
[GetVolumeInformation]
Dokan Information: SendAndPullEventInformation() with NTSTATUS 0x0, context 0xc14a82f0, and result object 0x00000134C156A6B0 with size 68
###Cleanup file handle = 0x00000134C14A82F0, eventID = 0105, event Info = 0x00000134C14B9970
Dokan Information: SendAndPullEventInformation() with NTSTATUS 0x0, context 0xc14a82f0, and result object 0x00000134C156A6B0 with size 48
###Close file handle = 0x00000134C14A82F0, eventID = 0105, event Info = 0x00000134C14B9970
[Close] \
###Create file handle = 0x00000134C14A7C70, eventID = 0106, event Info = 0x00000134C14B9A50
[ZwCreateFile] \ disp=1 opts=0x204000 attrs=0x0
Dokan Information: DokanEndDispatchCreate() status = 0, file handle = 0x00000134C14A7C70, eventID = 0106, result = 0x1
Dokan Information: SendAndPullEventInformation() with NTSTATUS 0x0, context 0xc14a7c70, and result object 0x00000134C35000A0 with size 48
###GetFileInfo file handle = 0x00000134C14A7C70, eventID = 0106, event Info = 0x00000134C14B9A50
	result =  0
	FileNetworkOpenInformation
	DispatchQueryInformation result =  0
Dokan Information: SendAndPullEventInformation() with NTSTATUS 0x0, context 0xc14a7c70, and result object 0x00000134C35000A0 with size 96
###Cleanup file handle = 0x00000134C14A7C70, eventID = 0106, event Info = 0x00000134C14B9A50
Dokan Information: SendAndPullEventInformation() with NTSTATUS 0x0, context 0xc14a7c70, and result object 0x00000134C35000A0 with size 48
###Close file handle = 0x00000134C14A7C70, eventID = 0106, event Info = 0x00000134C14B9A50
[Close] \
###Create file handle = 0x00000134C14A7C70, eventID = 0107, event Info = 0x00000134C14B9970
[ZwCreateFile] \ disp=1 opts=0x204000 attrs=0x0
Dokan Information: DokanEndDispatchCreate() status = 0, file handle = 0x00000134C14A7C70, eventID = 0107, result = 0x1
Dokan Information: SendAndPullEventInformation() with NTSTATUS 0x0, context 0xc14a7c70, and result object 0x00000134C35000A0 with size 48
###GetFileInfo file handle = 0x00000134C14A7C70, eventID = 0107, event Info = 0x00000134C14B9970
	result =  0
	FileBasicInformation
	DispatchQueryInformation result =  0
Dokan Information: SendAndPullEventInformation() with NTSTATUS 0x0, context 0xc14a7c70, and result object 0x00000134C35000A0 with size 80
###Cleanup file handle = 0x00000134C14A7C70, eventID = 0107, event Info = 0x00000134C14B9970
Dokan Information: SendAndPullEventInformation() with NTSTATUS 0x0, context 0xc14a7c70, and result object 0x00000134C35000A0 with size 48
###Close file handle = 0x00000134C14A7C70, eventID = 0107, event Info = 0x00000134C14B9970
[Close] \
###Create file handle = 0x00000134C14A7C70, eventID = 0108, event Info = 0x00000134C14B9970
[ZwCreateFile] \proj disp=1 opts=0x204000 attrs=0x0
Dokan Information: DokanEndDispatchCreate() status = 0, file handle = 0x00000134C14A7C70, eventID = 0108, result = 0x1
Dokan Information: SendAndPullEventInformation() with NTSTATUS 0x0, context 0xc14a7c70, and result object 0x00000134C35000A0 with size 48
###GetFileInfo file handle = 0x00000134C14A7C70, eventID = 0108, event Info = 0x00000134C14B9970
	result =  0
	FileStandardInformation
	DispatchQueryInformation result =  0
Dokan Information: SendAndPullEventInformation() with NTSTATUS 0x0, context 0xc14a7c70, and result object 0x00000134C35000A0 with size 64
###GetFileInfo file handle = 0x00000134C14A7C70, eventID = 0108, event Info = 0x00000134C14B9970
	result =  0
	FileBasicInformation
	DispatchQueryInformation result =  0
Dokan Information: SendAndPullEventInformation() with NTSTATUS 0x0, context 0xc14a7c70, and result object 0x00000134C35000A0 with size 80
###Cleanup file handle = 0x00000134C14A7C70, eventID = 0108, event Info = 0x00000134C14B9970
Dokan Information: SendAndPullEventInformation() with NTSTATUS 0x0, context 0xc14a7c70, and result object 0x00000134C35000A0 with size 48
###Close file handle = 0x00000134C14A7C70, eventID = 0108, event Info = 0x00000134C14B9970
[Close] \proj
###Create file handle = 0x00000134C14A82F0, eventID = 0109, event Info = 0x00000134C14B9A50
[ZwCreateFile] \proj disp=1 opts=0x204000 attrs=0x0
Dokan Information: DokanEndDispatchCreate() status = 0, file handle = 0x00000134C14A82F0, eventID = 0109, result = 0x1
Dokan Information: SendAndPullEventInformation() with NTSTATUS 0x0, context 0xc14a82f0, and result object 0x00000134C35000A0 with size 48
###GetFileInfo file handle = 0x00000134C14A82F0, eventID = 0109, event Info = 0x00000134C14B9A50
	result =  0
	FileBasicInformation
	DispatchQueryInformation result =  0
Dokan Information: SendAndPullEventInformation() with NTSTATUS 0x0, context 0xc14a82f0, and result object 0x00000134C35000A0 with size 80
###Cleanup file handle = 0x00000134C14A82F0, eventID = 0109, event Info = 0x00000134C14B9A50
Dokan Information: SendAndPullEventInformation() with NTSTATUS 0x0, context 0xc14a82f0, and result object 0x00000134C35000A0 with size 48
###Close file handle = 0x00000134C14A82F0, eventID = 0109, event Info = 0x00000134C14B9A50
[Close] \proj
###Create file handle = 0x00000134C14A7C70, eventID = 0110, event Info = 0x00000134C14B9970
[ZwCreateFile] \proj disp=1 opts=0x204000 attrs=0x0
Dokan Information: DokanEndDispatchCreate() status = 0, file handle = 0x00000134C14A7C70, eventID = 0110, result = 0x1
Dokan Information: SendAndPullEventInformation() with NTSTATUS 0x0, context 0xc14a7c70, and result object 0x00000134C35000A0 with size 48
###GetFileInfo file handle = 0x00000134C14A7C70, eventID = 0110, event Info = 0x00000134C14B9970
	result =  0
	FileBasicInformation
	DispatchQueryInformation result =  0
Dokan Information: SendAndPullEventInformation() with NTSTATUS 0x0, context 0xc14a7c70, and result object 0x00000134C35000A0 with size 80
###Cleanup file handle = 0x00000134C14A7C70, eventID = 0110, event Info = 0x00000134C14B9970
Dokan Information: SendAndPullEventInformation() with NTSTATUS 0x0, context 0xc14a7c70, and result object 0x00000134C35000A0 with size 48
###Close file handle = 0x00000134C14A7C70, eventID = 0110, event Info = 0x00000134C14B9970
[Close] \proj
###Create file handle = 0x00000134C14A82F0, eventID = 0111, event Info = 0x00000134C14B9A50
[ZwCreateFile] \proj disp=1 opts=0x204000 attrs=0x0
Dokan Information: DokanEndDispatchCreate() status = 0, file handle = 0x00000134C14A82F0, eventID = 0111, result = 0x1
Dokan Information: SendAndPullEventInformation() with NTSTATUS 0x0, context 0xc14a82f0, and result object 0x00000134C35000A0 with size 48
###GetFileInfo file handle = 0x00000134C14A82F0, eventID = 0111, event Info = 0x00000134C14B9A50
	result =  0
	FileBasicInformation
	DispatchQueryInformation result =  0
Dokan Information: SendAndPullEventInformation() with NTSTATUS 0x0, context 0xc14a82f0, and result object 0x00000134C35000A0 with size 80
###Cleanup file handle = 0x00000134C14A82F0, eventID = 0111, event Info = 0x00000134C14B9A50
Dokan Information: SendAndPullEventInformation() with NTSTATUS 0x0, context 0xc14a82f0, and result object 0x00000134C35000A0 with size 48
###Close file handle = 0x00000134C14A82F0, eventID = 0111, event Info = 0x00000134C14B9A50
[###Create file handle = 0x00000134C14A82F0, eventID = 0112, event Info = 0x00000134C14B9970
Close] \proj
[ZwCreateFile] \proj disp=1 opts=0x4021 attrs=0x0
Dokan Information: DokanEndDispatchCreate() status = 0, file handle = 0x00000134C14A82F0, eventID = 0112, result = 0x1
Dokan Information: SendAndPullEventInformation() with NTSTATUS 0x0, context 0xc14a82f0, and result object 0x00000134C35000A0 with size 48
###GetFileInfo file handle = 0x00000134C14A82F0, eventID = 0112, event Info = 0x00000134C14B9970
	result =  0
	FileBasicInformation
	DispatchQueryInformation result =  0
Dokan Information: SendAndPullEventInformation() with NTSTATUS 0x0, context 0xc14a82f0, and result object 0x00000134C35000A0 with size 80
###FindFiles file handle = 0x00000134C14A82F0, eventID = 0112, event Info = 0x00000134C14B9970
FileMatch? : . (*,0,0)
  =>return single entry
WriteDirectoryResults() New directory index is 1.
index to 1
Dokan Information: SendAndPullEventInformation() with NTSTATUS 0x0, context 0xc14a82f0, and result object 0x00000134C35000A0 with size 144
###Create file handle = 0x00000134C14A7C70, eventID = 0113, event Info = 0x00000134C14B9970
[ZwCreateFile] \proj disp=1 opts=0x4021 attrs=0x0
Dokan Information: DokanEndDispatchCreate() status = 0, file handle = 0x00000134C14A7C70, eventID = 0113, result = 0x1
Dokan Information: SendAndPullEventInformation() with NTSTATUS 0x0, context 0xc14a7c70, and result object 0x00000134C35000A0 with size 48
###GetFileInfo file handle = 0x00000134C14A7C70, eventID = 0113, event Info = 0x00000134C14B9970
	result =  0
	FileBasicInformation
	DispatchQueryInformation result =  0
Dokan Information: SendAndPullEventInformation() with NTSTATUS 0x0, context 0xc14a7c70, and result object 0x00000134C35000A0 with size 80
###FindFiles file handle = 0x00000134C14A7C70, eventID = 0113, event Info = 0x00000134C14B9970
FileMatch? : . (*,0,0)
  =>return single entry
WriteDirectoryResults() New directory index is 1.
index to 1
Dokan Information: SendAndPullEventInformation() with NTSTATUS 0x0, context 0xc14a7c70, and result object 0x00000134C35000A0 with size 144
###FindFiles file handle = 0x00000134C14A82F0, eventID = 0112, event Info = 0x00000134C14B9970
FileMatch? : . (*,1,0)
FileMatch? : .. (*,1,1)
  =>return
FileMatch? : src (*,1,2)
  =>return
FileMatch? : doc (*,1,3)
  =>return
WriteDirectoryResults() New directory index is 4.
index to 4
Dokan Information: SendAndPullEventInformation() with NTSTATUS 0x0, context 0xc14a82f0, and result object 0x00000134C35000A0 with size 352
###FindFiles file handle = 0x00000134C14A82F0, eventID = 0112, event Info = 0x00000134C14B9970
FileMatch? : . (*,4,0)
FileMatch? : .. (*,4,1)
FileMatch? : src (*,4,2)
FileMatch? : doc (*,4,3)
WriteDirectoryResults() New directory index is -1.
  STATUS_NO_MORE_FILES
Dokan Information: SendAndPullEventInformation() with NTSTATUS 0x80000006, context 0xc14a82f0, and result object 0x00000134C35000A0 with size 48
###Cleanup file handle = 0x00000134C14A82F0, eventID = 0112, event Info = 0x00000134C14B9970
Dokan Information: SendAndPullEventInformation() with NTSTATUS 0x0, context 0xc14a82f0, and result object 0x00000134C35000A0 with size 48
###Close file handle = 0x00000134C14A82F0, eventID = 0112, event Info = 0x00000134C14B9970
[Close] \proj
###FindFiles file handle = 0x00000134C14A7C70, eventID = 0113, event Info = 0x00000134C14B9A50
FileMatch? : . (*,1,0)
FileMatch? : .. (*,1,1)
  =>return
FileMatch? : src (*,1,2)
  =>return
FileMatch? : doc (*,1,3)
  =>return
WriteDirectoryResults() New directory index is 4.
index to 4
Dokan Information: SendAndPullEventInformation() with NTSTATUS 0x0, context 0xc14a7c70, and result object 0x00000134C35000A0 with size 352
###FindFiles file handle = 0x00000134C14A7C70, eventID = 0113, event Info = 0x00000134C14B9A50
FileMatch? : . (*,4,0)
FileMatch? : .. (*,4,1)
FileMatch? : src (*,4,2)
FileMatch? : doc (*,4,3)
WriteDirectoryResults() New directory index is -1.
  STATUS_NO_MORE_FILES
Dokan Information: SendAndPullEventInformation() with NTSTATUS 0x80000006, context 0xc14a7c70, and result object 0x00000134C35000A0 with size 48
###Cleanup file handle = 0x00000134C14A7C70, eventID = 0113, event Info = 0x00000134C14B9A50
Dokan Information: SendAndPullEventInformation() with NTSTATUS 0x0, context 0xc14a7c70, and result object 0x00000134C35000A0 with size 48
###Close file handle = 0x00000134C14A7C70, eventID = 0113, event Info = 0x00000134C14B9A50
###Create file handle = 0x00000134C14A82F0, eventID = 0114, event Info = 0x00000134C14B9970
[Close] \proj
[ZwCreateFile] \proj disp=1 opts=0x4021 attrs=0x0
Dokan Information: DokanEndDispatchCreate() status = 0, file handle = 0x00000134C14A82F0, eventID = 0114, result = 0x1
Dokan Information: SendAndPullEventInformation() with NTSTATUS 0x0, context 0xc14a82f0, and result object 0x00000134C35000A0 with size 48
###GetFileInfo file handle = 0x00000134C14A82F0, eventID = 0114, event Info = 0x00000134C14B9970
	result =  0
	FileBasicInformation
	DispatchQueryInformation result =  0
Dokan Information: SendAndPullEventInformation() with NTSTATUS 0x0, context 0xc14a82f0, and result object 0x00000134C35000A0 with size 80
###FindFiles file handle = 0x00000134C14A82F0, eventID = 0114, event Info = 0x00000134C14B9970
FileMatch? : . (*,0,0)
  =>return single entry
WriteDirectoryResults() New directory index is 1.
index to 1
Dokan Information: SendAndPullEventInformation() with NTSTATUS 0x0, context 0xc14a82f0, and result object 0x00000134C35000A0 with size 144
###FindFiles file handle = 0x00000134C14A82F0, eventID = 0114, event Info = 0x00000134C14B9970
FileMatch? : . (*,1,0)
FileMatch? : .. (*,1,1)
  =>return
FileMatch? : src (*,1,2)
  =>return
FileMatch? : doc (*,1,3)
  =>return
WriteDirectoryResults() New directory index is 4.
index to 4
Dokan Information: SendAndPullEventInformation() with NTSTATUS 0x0, context 0xc14a82f0, and result object 0x00000134C35000A0 with size 352
###Create file handle = 0x00000134C14A7C70, eventID = 0115, event Info = 0x00000134C14B9970
[ZwCreateFile] \proj\src disp=1 opts=0x4021 attrs=0x0
Dokan Information: DokanEndDispatchCreate() status = 0, file handle = 0x00000134C14A7C70, eventID = 0115, result = 0x1
Dokan Information: SendAndPullEventInformation() with NTSTATUS 0x0, context 0xc14a7c70, and result object 0x00000134C35000A0 with size 48
###GetFileInfo file handle = 0x00000134C14A7C70, eventID = 0115, event Info = 0x00000134C14B9970
	result =  0
	FileStandardInformation
	DispatchQueryInformation result =  0
Dokan Information: SendAndPullEventInformation() with NTSTATUS 0x0, context 0xc14a7c70, and result object 0x00000134C35000A0 with size 64
###GetFileInfo file handle = 0x00000134C14A7C70, eventID = 0115, event Info = 0x00000134C14B9970
	result =  0
	FileBasicInformation
	DispatchQueryInformation result =  0
Dokan Information: SendAndPullEventInformation() with NTSTATUS 0x0, context 0xc14a7c70, and result object 0x00000134C35000A0 with size 80
###FindFiles file handle = 0x00000134C14A7C70, eventID = 0115, event Info = 0x00000134C14B9970
FileMatch? : . (*,0,0)
  =>return single entry
WriteDirectoryResults() New directory index is 1.
index to 1
Dokan Information: SendAndPullEventInformation() with NTSTATUS 0x0, context 0xc14a7c70, and result object 0x00000134C35000A0 with size 144
###Create file handle = 0x00000134C14A89F0, eventID = 0116, event Info = 0x00000134C14B9970
[ZwCreateFile] \proj\src disp=1 opts=0x4021 attrs=0x0
Dokan Information: DokanEndDispatchCreate() status = 0, file handle = 0x00000134C14A89F0, eventID = 0116, result = 0x1
Dokan Information: SendAndPullEventInformation() with NTSTATUS 0x0, context 0xc14a89f0, and result object 0x00000134C35000A0 with size 48
###GetFileInfo file handle = 0x00000134C14A89F0, eventID = 0116, event Info = 0x00000134C14B9970
	result =  0
	FileBasicInformation
	DispatchQueryInformation result =  0
Dokan Information: SendAndPullEventInformation() with NTSTATUS 0x0, context 0xc14a89f0, and result object 0x00000134C35000A0 with size 80
###FindFiles file handle = 0x00000134C14A89F0, eventID = 0116, event Info = 0x00000134C14B9970
FileMatch? : . (*,0,0)
  =>return single entry
WriteDirectoryResults() New directory index is 1.
index to 1
Dokan Information: SendAndPullEventInformation() with NTSTATUS 0x0, context 0xc14a89f0, and result object 0x00000134C35000A0 with size 144
###FindFiles file handle = 0x00000134C14A7C70, eventID = 0115, event Info = 0x00000134C14B9970
FileMatch? : . (*,1,0)
FileMatch? : .. (*,1,1)
  =>return
FileMatch? : main.c (*,1,2)
  =>return
WriteDirectoryResults() New directory index is 3.
index to 3
Dokan Information: SendAndPullEventInformation() with NTSTATUS 0x0, context 0xc14a7c70, and result object 0x00000134C35000A0 with size 256
###FindFiles file handle = 0x00000134C14A7C70, eventID = 0115, event Info = 0x00000134C14B9970
FileMatch? : . (*,3,0)
FileMatch? : .. (*,3,1)
FileMatch? : main.c (*,3,2)
WriteDirectoryResults() New directory index is -1.
  STATUS_NO_MORE_FILES
Dokan Information: SendAndPullEventInformation() with NTSTATUS 0x80000006, context 0xc14a7c70, and result object 0x00000134C35000A0 with size 48
###Cleanup file handle = 0x00000134C14A7C70, eventID = 0115, event Info = 0x00000134C14B9970
Dokan Information: SendAndPullEventInformation() with NTSTATUS 0x0, context 0xc14a7c70, and result object 0x00000134C35000A0 with size 48
###Close file handle = 0x00000134C14A7C70, eventID = 0115, event Info = 0x00000134C14B9970
[###FindFiles file handle = 0x00000134C14A89F0, eventID = 0116, event Info = 0x00000134C14B9A50
Close] \prFileMatch? : . (*,1,0)
oj\src
FileMatch? : .. (*,1,1)
  =>return
FileMatch? : main.c (*,1,2)
  =>return
WriteDirectoryResults() New directory index is 3.
index to 3
Dokan Information: SendAndPullEventInformation() with NTSTATUS 0x0, context 0xc14a89f0, and result object 0x00000134C35000A0 with size 256
###FindFiles file handle = 0x00000134C14A89F0, eventID = 0116, event Info = 0x00000134C14B9A50
FileMatch? : . (*,3,0)
FileMatch? : .. (*,3,1)
FileMatch? : main.c (*,3,2)
WriteDirectoryResults() New directory index is -1.
  STATUS_NO_MORE_FILES
Dokan Information: SendAndPullEventInformation() with NTSTATUS 0x80000006, context 0xc14a89f0, and result object 0x00000134C35000A0 with size 48
###Cleanup file handle = 0x00000134C14A89F0, eventID = 0116, event Info = 0x00000134C14B9A50
Dokan Information: SendAndPullEventInformation() with NTSTATUS 0x0, context 0xc14a89f0, and result object 0x00000134C35000A0 with size 48
###Close file handle = 0x00000134C14A89F0, eventID = 0116, event Info = 0x00000134C14B9A50
[Close] \proj\src
###Create file handle = 0x00000134C14A7C70, eventID = 0117, event Info = 0x00000134C14B9970
[ZwCreateFile] \proj\src disp=1 opts=0x4021 attrs=0x0
Dokan Information: DokanEndDispatchCreate() status = 0, file handle = 0x00000134C14A7C70, eventID = 0117, result = 0x1
Dokan Information: SendAndPullEventInformation() with NTSTATUS 0x0, context 0xc14a7c70, and result object 0x00000134C35000A0 with size 48
###GetFileInfo file handle = 0x00000134C14A7C70, eventID = 0117, event Info = 0x00000134C14B9970
	result =  0
	FileBasicInformation
	DispatchQueryInformation result =  0
Dokan Information: SendAndPullEventInformation() with NTSTATUS 0x0, context 0xc14a7c70, and result object 0x00000134C35000A0 with size 80
###FindFiles file handle = 0x00000134C14A7C70, eventID = 0117, event Info = 0x00000134C14B9970
FileMatch? : . (*,0,0)
  =>return single entry
WriteDirectoryResults() New directory index is 1.
index to 1
Dokan Information: SendAndPullEventInformation() with NTSTATUS 0x0, context 0xc14a7c70, and result object 0x00000134C35000A0 with size 144
###FindFiles file handle = 0x00000134C14A7C70, eventID = 0117, event Info = 0x00000134C14B9970
FileMatch? : . (*,1,0)
FileMatch? : .. (*,1,1)
  =>return
FileMatch? : main.c (*,1,2)
  =>return
WriteDirectoryResults() New directory index is 3.
index to 3
Dokan Information: SendAndPullEventInformation() with NTSTATUS 0x0, context 0xc14a7c70, and result object 0x00000134C35000A0 with size 256
###FindFiles file handle = 0x00000134C14A7C70, eventID = 0117, event Info = 0x00000134C14B9970
FileMatch? : . (*,3,0)
FileMatch? : .. (*,3,1)
FileMatch? : main.c (*,3,2)
WriteDirectoryResults() New directory index is -1.
  STATUS_NO_MORE_FILES
Dokan Information: SendAndPullEventInformation() with NTSTATUS 0x80000006, context 0xc14a7c70, and result object 0x00000134C35000A0 with size 48
###Cleanup file handle = 0x00000134C14A7C70, eventID = 0117, event Info = 0x00000134C14B9970
Dokan Information: SendAndPullEventInformation() with NTSTATUS 0x0, context 0xc14a7c70, and result object 0x00000134C35000A0 with size 48
###Close file handle = 0x00000134C14A7C70, eventID = 0117, event Info = 0x00000134C14B9970
[Close] \proj\sr###Create file handle = 0x00000134C14A89F0, eventID = 0118, event Info = 0x00000134C14B9A50
c
[ZwCreateFile] \proj\doc disp=1 opts=0x4021 attrs=0x0
Dokan Information: DokanEndDispatchCreate() status = 0, file handle = 0x00000134C14A89F0, eventID = 0118, result = 0x1
Dokan Information: SendAndPullEventInformation() with NTSTATUS 0x0, context 0xc14a89f0, and result object 0x00000134C35000A0 with size 48
###GetFileInfo file handle = 0x00000134C14A89F0, eventID = 0118, event Info = 0x00000134C14B9A50
	result =  0
	FileStandardInformation
	DispatchQueryInformation result =  0
Dokan Information: SendAndPullEventInformation() with NTSTATUS 0x0, context 0xc14a89f0, and result object 0x00000134C35000A0 with size 64
###GetFileInfo file handle = 0x00000134C14A89F0, eventID = 0118, event Info = 0x00000134C14B9A50
	result =  0
	FileBasicInformation
	DispatchQueryInformation result =  0
Dokan Information: SendAndPullEventInformation() with NTSTATUS 0x0, context 0xc14a89f0, and result object 0x00000134C35000A0 with size 80
###FindFiles file handle = 0x00000134C14A89F0, eventID = 0118, event Info = 0x00000134C14B9A50
FileMatch? : . (*,0,0)
  =>return single entry
WriteDirectoryResults() New directory index is 1.
index to 1
Dokan Information: SendAndPullEventInformation() with NTSTATUS 0x0, context 0xc14a89f0, and result object 0x00000134C35000A0 with size 144
###Create file handle = 0x00000134C14A7C70, eventID = 0119, event Info = 0x00000134C14B9A50
[ZwCreateFile] \proj\doc disp=1 opts=0x4021 attrs=0x0
Dokan Information: DokanEndDispatchCreate() status = 0, file handle = 0x00000134C14A7C70, eventID = 0119, result = 0x1
Dokan Information: SendAndPullEventInformation() with NTSTATUS 0x0, context 0xc14a7c70, and result object 0x00000134C35000A0 with size 48
###GetFileInfo file handle = 0x00000134C14A7C70, eventID = 0119, event Info = 0x00000134C14B9A50
	result =  0
	FileBasicInformation
	DispatchQueryInformation result =  0
Dokan Information: SendAndPullEventInformation() with NTSTATUS 0x0, context 0xc14a7c70, and result object 0x00000134C35000A0 with size 80
###FindFiles file handle = 0x00000134C14A7C70, eventID = 0119, event Info = 0x00000134C14B9A50
FileMatch? : . (*,0,0)
  =>return single entry
WriteDirectoryResults() New directory index is 1.
index to 1
Dokan Information: SendAndPullEventInformation() with NTSTATUS 0x0, context 0xc14a7c70, and result object 0x00000134C35000A0 with size 144
###FindFiles file handle = 0x00000134C14A89F0, eventID = 0118, event Info = 0x00000134C14B9A50
FileMatch? : . (*,1,0)
FileMatch? : .. (*,1,1)
  =>return
FileMatch? : readme.md (*,1,2)
  =>return
WriteDirectoryResults() New directory index is 3.
index to 3
Dokan Information: SendAndPullEventInformation() with NTSTATUS 0x0, context 0xc14a89f0, and result object 0x00000134C35000A0 with size 264
###FindFiles file handle = 0x00000134C14A89F0, eventID = 0118, event Info = 0x00000134C14B9A50
FileMatch? : . (*,3,0)
FileMatch? : .. (*,3,1)
FileMatch? : readme.md (*,3,2)
WriteDirectoryResults() New directory index is -1.
  STATUS_NO_MORE_FILES
Dokan Information: SendAndPullEventInformation() with NTSTATUS 0x80000006, context 0xc14a89f0, and result object 0x00000134C35000A0 with size 48
###Cleanup file handle = 0x00000134C14A89F0, eventID = 0118, event Info = 0x00000134C14B9A50
Dokan Information: SendAndPullEventInformation() with NTSTATUS 0x0, context 0xc14a89f0, and result object 0x00000134C35000A0 with size 48
###Close file handle = 0x00000134C14A89F0, eventID = 0118, event Info = 0x00000134C14B9A50
[Close] \proj\doc
###FindFiles file handle = 0x00000134C14A7C70, eventID = 0119, event Info = 0x00000134C14B9970
FileMatch? : . (*,1,0)
FileMatch? : .. (*,1,1)
  =>return
FileMatch? : readme.md (*,1,2)
  =>return
WriteDirectoryResults() New directory index is 3.
index to 3
Dokan Information: SendAndPullEventInformation() with NTSTATUS 0x0, context 0xc14a7c70, and result object 0x00000134C35000A0 with size 264
###FindFiles file handle = 0x00000134C14A7C70, eventID = 0119, event Info = 0x00000134C14B9970
FileMatch? : . (*,3,0)
FileMatch? : .. (*,3,1)
FileMatch? : readme.md (*,3,2)
WriteDirectoryResults() New directory index is -1.
  STATUS_NO_MORE_FILES
Dokan Information: SendAndPullEventInformation() with NTSTATUS 0x80000006, context 0xc14a7c70, and result object 0x00000134C35000A0 with size 48
###Cleanup file handle = 0x00000134C14A7C70, eventID = 0119, event Info = 0x00000134C14B9970
Dokan Information: SendAndPullEventInformation() with NTSTATUS 0x0, context 0xc14a7c70, and result object 0x00000134C35000A0 with size 48
###Close file handle = 0x00000134C14A7C70, eventID = 0119, event Info = 0x00000134C14B9970
[Close] \proj\d###Create file handle = 0x00000134C14A89F0, eventID = 0120, event Info = 0x00000134C14B9A50
oc
[ZwCreateFile] \proj\doc disp=1 opts=0x4021 attrs=0x0
Dokan Information: DokanEndDispatchCreate() status = 0, file handle = 0x00000134C14A89F0, eventID = 0120, result = 0x1
Dokan Information: SendAndPullEventInformation() with NTSTATUS 0x0, context 0xc14a89f0, and result object 0x00000134C35000A0 with size 48
###GetFileInfo file handle = 0x00000134C14A89F0, eventID = 0120, event Info = 0x00000134C14B9A50
	result =  0
	FileBasicInformation
	DispatchQueryInformation result =  0
Dokan Information: SendAndPullEventInformation() with NTSTATUS 0x0, context 0xc14a89f0, and result object 0x00000134C35000A0 with size 80
###FindFiles file handle = 0x00000134C14A89F0, eventID = 0120, event Info = 0x00000134C14B9A50
FileMatch? : . (*,0,0)
  =>return single entry
WriteDirectoryResults() New directory index is 1.
index to 1
Dokan Information: SendAndPullEventInformation() with NTSTATUS 0x0, context 0xc14a89f0, and result object 0x00000134C35000A0 with size 144
###FindFiles file handle = 0x00000134C14A89F0, eventID = 0120, event Info = 0x00000134C14B9A50
FileMatch? : . (*,1,0)
FileMatch? : .. (*,1,1)
  =>return
FileMatch? : readme.md (*,1,2)
  =>return
WriteDirectoryResults() New directory index is 3.
index to 3
Dokan Information: SendAndPullEventInformation() with NTSTATUS 0x0, context 0xc14a89f0, and result object 0x00000134C35000A0 with size 264
###FindFiles file handle = 0x00000134C14A89F0, eventID = 0120, event Info = 0x00000134C14B9A50
FileMatch? : . (*,3,0)
FileMatch? : .. (*,3,1)
FileMatch? : readme.md (*,3,2)
WriteDirectoryResults() New directory index is -1.
  STATUS_NO_MORE_FILES
Dokan Information: SendAndPullEventInformation() with NTSTATUS 0x80000006, context 0xc14a89f0, and result object 0x00000134C35000A0 with size 48
###Cleanup file handle = 0x00000134C14A89F0, eventID = 0120, event Info = 0x00000134C14B9A50
Dokan Information: SendAndPullEventInformation() with NTSTATUS 0x0, context 0xc14a89f0, and result object 0x00000134C35000A0 with size 48
###Close file handle = 0x00000134C14A89F0, eventID = 0120, event Info = 0x00000134C14B9970
[Close] \proj\doc
###FindFiles file handle = 0x00000134C14A82F0, eventID = 0114, event Info = 0x00000134C14B9A50
FileMatch? : . (*,4,0)
FileMatch? : .. (*,4,1)
FileMatch? : src (*,4,2)
FileMatch? : doc (*,4,3)
WriteDirectoryResults() New directory index is -1.
  STATUS_NO_MORE_FILES
Dokan Information: SendAndPullEventInformation() with NTSTATUS 0x80000006, context 0xc14a82f0, and result object 0x00000134C35000A0 with size 48
###Cleanup file handle = 0x00000134C14A82F0, eventID = 0114, event Info = 0x00000134C14B9A50
Dokan Information: SendAndPullEventInformation() with NTSTATUS 0x0, context 0xc14a82f0, and result object 0x00000134C35000A0 with size 48
###Close file handle = 0x00000134C14A82F0, eventID = 0114, event Info = 0x00000134C14B9A50
[Close] \proj
###Create file handle = 0x00000134C14A82F0, eventID = 0121, event Info = 0x00000134C14B9A50
[ZwCreateFile] \proj\src\main.c disp=1 opts=0x204000 attrs=0x0
Dokan Information: DokanEndDispatchCreate() status = 0, file handle = 0x00000134C14A82F0, eventID = 0121, result = 0x1
Dokan Information: SendAndPullEventInformation() with NTSTATUS 0x0, context 0xc14a82f0, and result object 0x00000134C35000A0 with size 48
###GetFileInfo file handle = 0x00000134C14A82F0, eventID = 0121, event Info = 0x00000134C14B9A50
	result =  0
	FileStandardInformation
	DispatchQueryInformation result =  0
Dokan Information: SendAndPullEventInformation() with NTSTATUS 0x0, context 0xc14a82f0, and result object 0x00000134C35000A0 with size 64
###GetFileInfo file handle = 0x00000134C14A82F0, eventID = 0121, event Info = 0x00000134C14B9A50
	result =  0
	FileBasicInformation
	DispatchQueryInformation result =  0
Dokan Information: SendAndPullEventInformation() with NTSTATUS 0x0, context 0xc14a82f0, and result object 0x00000134C35000A0 with size 80
###Cleanup file handle = 0x00000134C14A82F0, eventID = 0121, event Info = 0x00000134C14B9A50
Dokan Information: SendAndPullEventInformation() with NTSTATUS 0x0, context 0xc14a82f0, and result object 0x00000134C35000A0 with size 48
###Close file handle = 0x00000134C14A82F0, eventID = 0121, event Info = 0x00000134C14B9A50
[Close] \proj\src\main.c
###Create file handle = 0x00000134C14A82F0, eventID = 0122, event Info = 0x00000134C14B9970
[ZwCreateFile] \proj\src\main.c disp=1 opts=0x204000 attrs=0x0
Dokan Information: DokanEndDispatchCreate() status = 0, file handle = 0x00000134C14A82F0, eventID = 0122, result = 0x1
Dokan Information: SendAndPullEventInformation() with NTSTATUS 0x0, context 0xc14a82f0, and result object 0x00000134C35000A0 with size 48
###GetFileInfo file handle = 0x00000134C14A82F0, eventID = 0122, event Info = 0x00000134C14B9970
	result =  0
	FileBasicInformation
	DispatchQueryInformation result =  0
Dokan Information: SendAndPullEventInformation() with NTSTATUS 0x0, context 0xc14a82f0, and result object 0x00000134C35000A0 with size 80
###Cleanup file handle = 0x00000134C14A82F0, eventID = 0122, event Info = 0x00000134C14B9970
Dokan Information: SendAndPullEventInformation() with NTSTATUS 0x0, context 0xc14a82f0, and result object 0x00000134C35000A0 with size 48
###Close file handle = 0x00000134C14A82F0, eventID = 0122, event Info = 0x00000134C14B9970
[Close] \proj\src\main.c
###Create file handle = 0x00000134C14A82F0, eventID = 0123, event Info = 0x00000134C14B9A50
[ZwCreateFile] \proj\src\main.c disp=1 opts=0x204000 attrs=0x0
Dokan Information: DokanEndDispatchCreate() status = 0, file handle = 0x00000134C14A82F0, eventID = 0123, result = 0x1
Dokan Information: SendAndPullEventInformation() with NTSTATUS 0x0, context 0xc14a82f0, and result object 0x00000134C35000A0 with size 48
###GetFileInfo file handle = 0x00000134C14A82F0, eventID = 0123, event Info = 0x00000134C14B9A50
	result =  0
	FileNetworkOpenInformation
	DispatchQueryInformation result =  0
Dokan Information: SendAndPullEventInformation() with NTSTATUS 0x0, context 0xc14a82f0, and result object 0x00000134C35000A0 with size 96
###Cleanup file handle = 0x00000134C14A82F0, eventID = 0123, event Info = 0x00000134C14B9A50
Dokan Information: SendAndPullEventInformation() with NTSTATUS 0x0, context 0xc14a82f0, and result object 0x00000134C35000A0 with size 48
###Close file handle = 0x00000134C14A82F0, eventID = 0123, event Info = 0x00000134C14B9A50
[Clos###Create file handle = 0x00000134C14A89F0, eventID = 0124, event Info = 0x00000134C14B9970
e] \proj\src\main.c
[ZwCreateFile] \proj\src\main.c disp=1 opts=0x400060 attrs=0x0
Dokan Information: DokanEndDispatchCreate() status = 0, file handle = 0x00000134C14A89F0, eventID = 0124, result = 0x1
Dokan Information: SendAndPullEventInformation() with NTSTATUS 0x0, context 0xc14a89f0, and result object 0x00000134C35000A0 with size 48
###GetFileInfo file handle = 0x00000134C14A89F0, eventID = 0124, event Info = 0x00000134C14B9970
	result =  0
	FileBasicInformation
	DispatchQueryInformation result =  0
Dokan Information: SendAndPullEventInformation() with NTSTATUS 0x0, context 0xc14a89f0, and result object 0x00000134C35000A0 with size 80
###GetFileInfo file handle = 0x00000134C14A89F0, eventID = 0124, event Info = 0x00000134C14B9970
	result =  0
	FileStandardInformation
	DispatchQueryInformation result =  0
Dokan Information: SendAndPullEventInformation() with NTSTATUS 0x0, context 0xc14a89f0, and result object 0x00000134C35000A0 with size 64
###GetFileInfo file handle = 0x00000134C14A89F0, eventID = 0124, event Info = 0x00000134C14B9970
	result =  0
	FileInternalInformation
	DispatchQueryInformation result =  0
Dokan Information: SendAndPullEventInformation() with NTSTATUS 0x0, context 0xc14a89f0, and result object 0x00000134C35000A0 with size 48
###GetFileInfo file handle = 0x00000134C14A89F0, eventID = 0124, event Info = 0x00000134C14B9970
	result =  0
	FileBasicInformation
	DispatchQueryInformation result =  0
Dokan Information: SendAndPullEventInformation() with NTSTATUS 0x0, context 0xc14a89f0, and result object 0x00000134C35000A0 with size 80
###QueryVolumeInfo file handle = 0x00000134C14A89F0, eventID = 0124, event Info = 0x00000134C14B9970
[GetVolumeInformation]
Dokan Information: SendAndPullEventInformation() with NTSTATUS 0x0, context 0xc14a89f0, and result object 0x00000134C35000A0 with size 68
###GetFileInfo file handle = 0x00000134C14A89F0, eventID = 0124, event Info = 0x00000134C14B9970
	result =  0
	FileStandardInformation
	DispatchQueryInformation result =  0
Dokan Information: SendAndPullEventInformation() with NTSTATUS 0x0, context 0xc14a89f0, and result object 0x00000134C35000A0 with size 64
###Read file handle = 0x00000134C14A89F0, eventID = 0124, event Info = 0x00000134C14B9970
Dokan Information: SendAndPullEventInformation() with NTSTATUS 0x0, context 0xc14a89f0, and result object 0x00000134C35000A0 with size 65
###GetFileInfo file handle = 0x00000134C14A89F0, eventID = 0124, event Info = 0x00000134C14B9970
	result =  0
	FileStandardInformation
	DispatchQueryInformation result =  0
Dokan Information: SendAndPullEventInformation() with NTSTATUS 0x0, context 0xc14a89f0, and result object 0x00000134C35000A0 with size 64
###GetFileInfo file handle = 0x00000134C14A89F0, eventID = 0124, event Info = 0x00000134C14B9970
	result =  0
	FileBasicInformation
	DispatchQueryInformation result =  0
Dokan Information: SendAndPullEventInformation() with NTSTATUS 0x0, context 0xc14a89f0, and result object 0x00000134C35000A0 with size 80
###GetFileInfo file handle = 0x00000134C14A89F0, eventID = 0124, event Info = 0x00000134C14B9970
	result =  0
	FileStandardInformation
	DispatchQueryInformation result =  0
Dokan Information: SendAndPullEventInformation() with NTSTATUS 0x0, context 0xc14a89f0, and result object 0x00000134C35000A0 with size 64
###Read file handle = 0x00000134C14A89F0, eventID = 0124, event Info = 0x00000134C14B9970
Dokan Information: SendAndPullEventInformation() with NTSTATUS 0x0, context 0xc14a89f0, and result object 0x00000134C35000A0 with size 65
###Read file handle = 0x00000134C14A89F0, eventID = 0124, event Info = 0x00000134C14B9970
Dokan Information: SendAndPullEventInformation() with NTSTATUS 0x0, context 0xc14a89f0, and result object 0x00000134C35000A0 with size 65
###Read file handle = 0x00000134C14A89F0, eventID = 0124, event Info = 0x00000134C14B9970
Dokan Information: SendAndPullEventInformation() with NTSTATUS 0xc0000011, context 0xc14a89f0, and result object 0x00000134C35000A0 with size 48
###Read file handle = 0x00000134C14A89F0, eventID = 0124, event Info = 0x00000134C14B9970
Dokan Information: SendAndPullEventInformation() with NTSTATUS 0xc0000011, context 0xc14a89f0, and result object 0x00000134C35000A0 with size 48
###Cleanup file handle = 0x00000134C14A89F0, eventID = 0124, event Info = 0x00000134C14B9970
Dokan Information: SendAndPullEventInformation() with NTSTATUS 0x0, context 0xc14a89f0, and result object 0x00000134C35000A0 with size 48
###Close file handle = 0x00000134C14A89F0, eventID = 0124, event Info = 0x00000134C14B9970
[Close] \proj\src\main.c
###Create file handle = 0x00000134C14A89F0, eventID = 0125, event Info = 0x00000134C14B9970
[ZwCreateFile] \ disp=1 opts=0x4021 attrs=0x0
Dokan Information: DokanEndDispatchCreate() status = 0, file handle = 0x00000134C14A89F0, eventID = 0125, result = 0x1
Dokan Information: SendAndPullEventInformation() with NTSTATUS 0x0, context 0xc14a89f0, and result object 0x00000134C35000A0 with size 48
###GetFileInfo file handle = 0x00000134C14A89F0, eventID = 0125, event Info = 0x00000134C14B9970
	result =  0
	FileStandardInformation
	DispatchQueryInformation result =  0
Dokan Information: SendAndPullEventInformation() with NTSTATUS 0x0, context 0xc14a89f0, and result object 0x00000134C35000A0 with size 64
###QueryVolumeInfo file handle = 0x00000134C14A89F0, eventID = 0125, event Info = 0x00000134C14B9970
[GetVolumeInformation]
Dokan Information: SendAndPullEventInformation() with NTSTATUS 0x0, context 0xc14a89f0, and result object 0x00000134C35000A0 with size 74
###QueryVolumeInfo file handle = 0x00000134C14A89F0, eventID = 0125, event Info = 0x00000134C14B9970
[GetVolumeInformation]
Dokan Information: SendAndPullEventInformation() with NTSTATUS 0x0, context 0xc14a89f0, and result object 0x00000134C35000A0 with size 68
###Cleanup file handle = 0x00000134C14A89F0, eventID = 0125, event Info = 0x00000134C14B9970
Dokan Information: SendAndPullEventInformation() with NTSTATUS 0x0, context 0xc14a89f0, and result object 0x00000134C35000A0 with size 48
###Close file handle = 0x00000134C14A89F0, eventID = 0125, event Info = 0x00000134C14B9970
[Close] \
###Create file handle = 0x00000134C14A82F0, eventID = 0126, event Info = 0x00000134C14B9A50
[ZwCreateFile] \ disp=1 opts=0x204000 attrs=0x0
Dokan Information: DokanEndDispatchCreate() status = 0, file handle = 0x00000134C14A82F0, eventID = 0126, result = 0x1
Dokan Information: SendAndPullEventInformation() with NTSTATUS 0x0, context 0xc14a82f0, and result object 0x00000134C35000A0 with size 48
###GetFileInfo file handle = 0x00000134C14A82F0, eventID = 0126, event Info = 0x00000134C14B9A50
	result =  0
	FileStandardInformation
	DispatchQueryInformation result =  0
Dokan Information: SendAndPullEventInformation() with NTSTATUS 0x0, context 0xc14a82f0, and result object 0x00000134C35000A0 with size 64
###GetFileInfo file handle = 0x00000134C14A82F0, eventID = 0126, event Info = 0x00000134C14B9A50
	result =  0
	FileNetworkOpenInformation
	DispatchQueryInformation result =  0
Dokan Information: SendAndPullEventInformation() with NTSTATUS 0x0, context 0xc14a82f0, and result object 0x00000134C35000A0 with size 96
###Cleanup file handle = 0x00000134C14A82F0, eventID = 0126, event Info = 0x00000134C14B9A50
Dokan Information: SendAndPullEventInformation() with NTSTATUS 0x0, context 0xc14a82f0, and result object 0x00000134C35000A0 with size 48
###Close file handle = 0x00000134C14A82F0, eventID = 0126, event Info = 0x00000134C14B9A50
[Close] ###Create file handle = 0x00000134C14A82F0, eventID = 0127, event Info = 0x00000134C14B9970
\
[ZwCreateFile] \ disp=1 opts=0x204000 attrs=0x0
Dokan Information: DokanEndDispatchCreate() status = 0, file handle = 0x00000134C14A82F0, eventID = 0127, result = 0x1
Dokan Information: SendAndPullEventInformation() with NTSTATUS 0x0, context 0xc14a82f0, and result object 0x00000134C35000A0 with size 48
###GetFileInfo file handle = 0x00000134C14A82F0, eventID = 0127, event Info = 0x00000134C14B9970
	result =  0
	FileBasicInformation
	DispatchQueryInformation result =  0
Dokan Information: SendAndPullEventInformation() with NTSTATUS 0x0, context 0xc14a82f0, and result object 0x00000134C35000A0 with size 80
###Cleanup file handle = 0x00000134C14A82F0, eventID = 0127, event Info = 0x00000134C14B9970
Dokan Information: SendAndPullEventInformation() with NTSTATUS 0x0, context 0xc14a82f0, and result object 0x00000134C35000A0 with size 48
###Close file handle = 0x00000134C14A82F0, eventID = 0127, event Info = 0x00000134C14B9970
[Close] \
###Create file handle = 0x00000134C14A82F0, eventID = 0128, event Info = 0x00000134C14B9970
[ZwCreateFile] \ disp=1 opts=0x4021 attrs=0x0
Dokan Information: DokanEndDispatchCreate() status = 0, file handle = 0x00000134C14A82F0, eventID = 0128, result = 0x1
Dokan Information: SendAndPullEventInformation() with NTSTATUS 0x0, context 0xc14a82f0, and result object 0x00000134C35000A0 with size 48
###QueryVolumeInfo file handle = 0x00000134C14A82F0, eventID = 0128, event Info = 0x00000134C14B9970
[GetVolumeInformation]
Dokan Information: SendAndPullEventInformation() with NTSTATUS 0x0, context 0xc14a82f0, and result object 0x00000134C35000A0 with size 74
###QueryVolumeInfo file handle = 0x00000134C14A82F0, eventID = 0128, event Info = 0x00000134C14B9970
[GetVolumeInformation]
Dokan Information: SendAndPullEventInformation() with NTSTATUS 0x0, context 0xc14a82f0, and result object 0x00000134C35000A0 with size 68
###Cleanup file handle = 0x00000134C14A82F0, eventID = 0128, event Info = 0x00000134C14B9970
Dokan Information: SendAndPullEventInformation() with NTSTATUS 0x0, context 0xc14a82f0, and result object 0x00000134C35000A0 with size 48
###Close file handle = 0x00000134C14A82F0, eventID = 0128, event Info = 0x00000134C14B9970
[Close] \
###Create file handle = 0x00000134C14A89F0, eventID = 0129, event Info = 0x00000134C14B9A50
[ZwCreateFile] \ disp=1 opts=0x204000 attrs=0x0
Dokan Information: DokanEndDispatchCreate() status = 0, file handle = 0x00000134C14A89F0, eventID = 0129, result = 0x1
Dokan Information: SendAndPullEventInformation() with NTSTATUS 0x0, context 0xc14a89f0, and result object 0x00000134C35000A0 with size 48
###GetFileInfo file handle = 0x00000134C14A89F0, eventID = 0129, event Info = 0x00000134C14B9A50
	result =  0
	FileNetworkOpenInformation
	DispatchQueryInformation result =  0
Dokan Information: SendAndPullEventInformation() with NTSTATUS 0x0, context 0xc14a89f0, and result object 0x00000134C35000A0 with size 96
###Cleanup file handle = 0x00000134C14A89F0, eventID = 0129, event Info = 0x00000134C14B9A50
Dokan Information: SendAndPullEventInformation() with NTSTATUS 0x0, context 0xc14a89f0, and result object 0x00000134C35000A0 with size 48
###Close file handle = 0x00000134C14A89F0, eventID = 0129, event Info = 0x00000134C14B9A50
[Close] ###Create file handle = 0x00000134C14A89F0, eventID = 0130, event Info = 0x00000134C14B9970
\
[ZwCreateFile] \ disp=1 opts=0x204000 attrs=0x0
Dokan Information: DokanEndDispatchCreate() status = 0, file handle = 0x00000134C14A89F0, eventID = 0130, result = 0x1
Dokan Information: SendAndPullEventInformation() with NTSTATUS 0x0, context 0xc14a89f0, and result object 0x00000134C35000A0 with size 48
###GetFileInfo file handle = 0x00000134C14A89F0, eventID = 0130, event Info = 0x00000134C14B9970
	result =  0
	FileBasicInformation
	DispatchQueryInformation result =  0
Dokan Information: SendAndPullEventInformation() with NTSTATUS 0x0, context 0xc14a89f0, and result object 0x00000134C35000A0 with size 80
###Cleanup file handle = 0x00000134C14A89F0, eventID = 0130, event Info = 0x00000134C14B9970
Dokan Information: SendAndPullEventInformation() with NTSTATUS 0x0, context 0xc14a89f0, and result object 0x00000134C35000A0 with size 48
###Close file handle = 0x00000134C14A89F0, eventID = 0130, event Info = 0x00000134C14B9970
[Close] \
L2P miss: inode 4 seg 0
L2P miss: inode 8 seg 0
L2P miss: inode 7 seg 0
L2P miss: inode 6 seg 0
[sweep] on-demand: processed 2 pending
